global_round,train_loss,train_mae,train_mape,train_r2,train_mse,dev_loss,dev_mae,dev_mape,dev_r2,dev_mse,test_loss,test_mae,test_mape,test_r2,test_mse
1,201355926.08,7395.595199766154,1.03724616252876,-0.36004880340996515,201355925.22721663,208290624.0,7410.927677543717,0.9982430024991474,-0.34656810513899194,208290624.74352515,131585286.35792659,3314.7008120061446,0.9922413976103819,-0.09043908169944603,131585284.45624411
2,200543950.6742857,7373.720178590081,1.0837159975349178,-0.3545643657061055,200543951.4028635,207487813.0526316,7389.412729785343,0.9974555214896612,-0.34137805466492943,207487814.36091822,131374461.3971497,3297.676943810166,0.9826857937566453,-0.08869198395947131,131374458.96681911
3,199259529.28,7336.249269825294,1.1601066670002926,-0.3458887995640556,199259529.37107867,206232128.0,7352.105216074628,0.9962176788866876,-0.33326023208625255,206232128.64400816,131047296.86593518,3269.731947113762,0.9669003721771386,-0.08598086184262055,131047302.8872833
4,197489565.80571428,7281.257109721594,1.2479242932332908,-0.33393367067568236,197489566.3870346,204508218.10526314,7297.396871071958,1.0218070201381033,-0.3221154221042106,204508220.7146964,130625874.58595031,3229.2201346667225,0.9427945168522914,-0.08248853924278787,130625877.91231287
5,195383763.01714286,7221.261870909263,1.3801113350758563,-0.31971011981587005,195383762.362787,202461396.21052632,7236.938114483154,1.0143097121009843,-0.30888300939069935,202461397.01492006,130239627.62946147,3191.0684218363076,0.9199388026230028,-0.0792876865170753,130239625.14176928
6,193105069.62285715,7154.606668345803,1.342947515304103,-0.30431880574041736,193105070.39353177,200298506.9473684,7171.250134910273,1.0271027791974838,-0.294900245545866,200298507.06842095,129783687.3671333,3146.4747530543905,0.8959237374737169,-0.0755093525791235,129783686.65392525
7,190175346.92571428,7066.998322788793,1.4751803332511861,-0.2845301302380785,190175346.8021398,197584074.9473684,7085.932966091817,1.0664162650576972,-0.27735186014422997,197584077.59055233,129214886.22196998,3084.3110034749416,0.8598462635700651,-0.07079572453185334,129214884.51006378
8,186822244.89142856,6974.528702247681,1.6421991213988545,-0.2618817727241316,186822245.81733423,194589462.7368421,6995.420345743616,1.0935069984921932,-0.25799212523719595,194589463.90316,128567087.10076933,3027.9979810510476,0.8332759246316378,-0.06542748372482143,128567089.0435605
9,183630909.25714287,6882.8986428568205,1.8212934991557888,-0.24032604780822253,183630909.65093794,191665754.9473684,6907.173361456781,1.1282254432258394,-0.23909079395049937,191665757.26911348,128024715.06747383,2973.917875712359,0.8076856601889781,-0.06093286672305509,128024715.3643472
10,179933969.0057143,6786.818705727722,1.9377336934571816,-0.21535523761704445,179933968.35213202,188396624.0,6813.366289097503,1.142056229764993,-0.21795635948059067,188396628.47975755,127410302.0131164,2933.502496734816,0.7966782400485419,-0.055841228058367776,127410297.98580174
11,176077335.54285714,6669.127902338936,2.1288055349350476,-0.1893058027462735,176077336.1144511,185011641.68421054,6703.79643057707,1.186275156121787,-0.19607288599921535,185011636.4057595,126747763.11741708,2864.666354948522,0.7613999365191033,-0.05035084826396674,126747763.78362225
12,172183248.82285714,6553.985973757873,2.2921831233380843,-0.1630033729431679,172183247.84684667,181326629.89473686,6587.4800966906505,1.2399837096153727,-0.172249877673732,181326632.08369964,126239103.71421364,2806.7944648536763,0.7313321299048317,-0.04613562494392398,126239105.05254489
13,168354258.8342857,6437.921089136542,2.410794419384932,-0.13714065595468306,168354259.28772342,178174879.57894737,6478.573722712205,1.2566877433625954,-0.1518742538733837,178174878.08424225,125545456.16824315,2749.441968791075,0.708111288764974,-0.040387344062037034,125545449.45300542
14,163815708.52571428,6304.630544926891,2.656019298342854,-0.10648523495034157,163815708.43272266,174334919.57894737,6350.50441733934,1.3158478041483601,-0.12704946958495378,174334916.474557,124911124.40988776,2689.86733371611,0.6836641885215176,-0.03513074134213734,124911125.55928227
15,160890894.4457143,6176.080074647096,2.982955823434645,-0.08672971872704993,160890894.08965743,171943305.2631579,6227.8947413578435,1.3697899522132526,-0.11158809519630886,171943311.2386139,124212339.42666163,2629.12966603724,0.6697229208539115,-0.029339887589296287,124212332.61330265
16,155114671.81714284,6029.296781566084,3.1748656213908504,-0.04771451208203703,155114672.66860187,166814666.10526314,6087.536665958695,1.4629324064199571,-0.0784321655755964,166814666.59873682,123538354.07113129,2588.352870756898,0.6715905589700115,-0.0237546347436004,123538349.90597384
17,151394701.18857142,5909.13041121511,3.4119569134987966,-0.02258814382421881,151394700.91797954,164128690.9473684,5978.276547646738,1.531790450803121,-0.061067749801619,164128694.0169826,123022431.60348089,2548.62821283243,0.670217305180624,-0.019479251124184804,123022431.5212039
18,148189178.72,5759.438495897848,3.6123081756498654,-0.0009366052036292594,148189179.4832995,160948990.31578946,5828.752784611265,1.630309797843563,-0.04051142750620218,160948989.1086299,122310634.59730105,2495.5722536781514,0.6838339151774449,-0.01358069125934147,122310641.48109643
19,143445378.69714287,5624.862658233244,3.871431351387893,0.031105159920206238,143445379.6679937,156836084.63157895,5703.698490056454,1.707740151863208,-0.013922094846894328,156836082.60951972,121753118.299155,2473.4476603174708,0.7163007873963138,-0.008960566960132255,121753122.606051
20,139929103.70285714,5507.579293185925,4.223999718377957,0.05485566665188468,139929104.924336,154797060.21052632,5590.633895279448,1.7811239043872178,-0.0007400844581804122,154797055.27123484,121426645.12977678,2481.3342111110987,0.7663659155843545,-0.00625503380438186,121426640.95670444
21,135948906.30857143,5396.957931283824,4.3300565889109235,0.08173972792797424,135948905.81784815,150583334.31578946,5487.515931607763,1.8242550782638778,0.026501000321014878,150583334.07459012,120984525.90061799,2503.21806092394,0.8199905145764894,-0.0025912416505087243,120984524.43607806
22,130892191.22285715,5251.002896848007,4.635113360097917,0.11589506281472584,130892190.91149767,146551394.10526314,5348.659791445948,1.935953092598612,0.052566904674649084,146551392.8147286,120748503.91171649,2529.8245593275574,0.9068849506990702,-0.0006353479370888593,120748503.1534903
23,127925772.8,5159.608346908034,5.174815928423369,0.13593159824305945,127925771.53051321,144430754.52631578,5269.933964046894,2.0363115404948084,0.0662765277906382,144430752.98007804,120210600.7466263,2549.292779386292,0.963040254703156,0.0038222010222230818,120210602.54296325
24,124111965.92,5063.849449098052,5.137544220584434,0.16169176098524507,124111966.18032908,140818530.52631578,5173.768049109825,2.0976752299103376,0.08962902346344848,140818528.76769182,120089103.32273932,2588.8519060796652,1.0332712260063601,0.004829036132014242,120089105.90317304
25,120657350.30857143,4947.269598174377,5.2814955819598906,0.18502580047235528,120657349.62654412,138217989.0526316,5062.244833464587,2.2946183420390756,0.10644113046331838,138217988.73047146,119653278.77109346,2662.8905197260947,1.1659193992814756,0.008440618825649393,119653289.5938946
26,117837078.05714285,4847.26617094,5.65905210230894,0.20407518930556434,117837077.80695443,136237768.0,4977.892026369411,2.485103670522184,0.11924293564240696,136237772.51383826,119573681.62214655,2747.852817842828,1.2966844543983986,0.009100320094929115,119573682.2314741
27,114440674.44571428,4778.8513013318025,5.955459400565722,0.22701602853758784,114440674.75327627,133819642.10526316,4918.245784654331,2.571106965749808,0.1348757808218335,133819643.73407972,119391547.74675243,2797.55701547277,1.3757885586322236,0.010609685220950515,119391544.37270777
28,110956837.71428572,4703.570483681416,6.34612773738539,0.25054743177494676,110956838.39470343,131063657.68421052,4852.646515076,2.7227174055222227,0.1526928340952759,131063656.01741615,119406058.78547105,2876.6969555765672,1.4785393850774524,0.01048940686237343,119406058.5828942
29,107119526.88,4637.984989197195,6.646184827307575,0.276466369513513,107119526.32459939,129090738.5263158,4806.976032289921,2.8420102923742916,0.16544746645184438,129090736.61453944,119350592.0797074,2956.5450265330887,1.5843980284843548,0.010949107919607903,119350585.61297208
30,104412475.95428571,4586.002238857687,6.915728889087298,0.29475100851235203,104412476.11152914,125494620.63157895,4753.0710527974325,2.891750281055217,0.18869582437374022,125494620.69783805,119496832.41619372,3034.7998517974956,1.6801104342318605,0.00973710281483997,119496840.49245122
31,100033241.18857142,4510.382956591616,7.256628192078712,0.3243303338916663,100033241.76757348,122589896.84210527,4699.138593618709,3.0091402151003424,0.2074744227785581,122589898.7022554,119827761.04224996,3124.7150806085897,1.7797340775252573,0.006994763943379501,119827763.55503456
32,99056959.38285714,4489.377005564426,7.638458351169368,0.3309245863104353,99056959.30356635,121854999.15789473,4679.157804283558,3.1108184556769447,0.21222542092727636,121855002.06481446,120097402.45856981,3199.8343829009314,1.8716197554667722,0.00476035908590966,120097393.28831811
33,96182272.57142857,4455.410284134602,8.163583792725088,0.3503415147524408,96182273.0557581,120232273.26315789,4657.279018610618,3.3344644367725897,0.22271612742133307,120232272.54871435,120189850.27468786,3308.264219644166,2.001314906038683,0.003994163559689179,120189851.50809294
34,94759750.49142857,4436.883013036873,7.92619093672294,0.3599498689866423,94759751.2669166,118356578.10526316,4637.090288558975,3.394960007923546,0.23484221166767072,118356578.58735947,120624779.77575988,3372.896326879818,2.0711009203578232,0.00038996212217723425,120624777.10765369
35,91375742.19428572,4412.76713682271,8.444206303061403,0.3828069944247431,91375742.08350791,116023896.0,4631.519875584367,3.5538946473182045,0.2499226838509433,116023892.28616644,120783116.92167991,3470.593074910682,2.1910595453855324,-0.000922222123494354,120783120.78784958
36,89449375.93142857,4399.024286455027,8.53407442677739,0.39581853774170117,89449376.39968005,114675775.57894737,4623.899711014311,3.680638025628148,0.2586380500989893,114675776.97454856,121404729.6864674,3617.5982534384752,2.337827016821976,-0.006073548096053427,121404740.74333541
37,88788295.52,4391.476158986374,8.599075812469781,0.4002837767389459,88788295.46832184,114041925.4736842,4619.586171408919,3.6917625062104795,0.26273580905318783,114041925.05917865,121485135.82772103,3627.3175105945147,2.3479564364032237,-0.006739721001969956,121485129.05002142
38,86529586.28571428,4397.566712793224,8.795000282956702,0.41554011837994165,86529586.23744492,110308413.26315789,4621.973798257642,3.8852287431310963,0.2868724075301876,110308413.80432908,121869350.94816497,3744.284373146391,2.490414406767918,-0.009923808450035043,121869358.72375453
39,84873862.19428572,4396.027150518836,9.006266356846481,0.426723624594047,84873862.38740398,110554893.05263157,4637.278842507127,3.974442970141255,0.28527896254305807,110554891.9814053,122219354.39223105,3816.291435458197,2.5572794003517965,-0.012824181805475288,122219352.09744222
40,81698979.33714285,4373.606983440545,8.94888579364298,0.448168217834488,81698979.3227492,109355374.94736843,4638.732363281968,4.060608020213232,0.29303367673217806,109355372.8059585,123064184.11552529,3888.334514747338,2.6291735372965475,-0.019825243490849687,123064183.05483046
41,83089285.89714286,4394.993815805853,9.39974787106701,0.4387774581642653,83089286.12441927,109697570.10526316,4650.403899426425,4.185462607318225,0.2908214151848657,109697571.12331595,123191199.5114138,3954.6815614309417,2.6968148602821476,-0.020877731021098134,123191188.65594903
42,80034123.13142857,4381.893794241915,9.485170640053989,0.45941340795753416,80034123.13824697,107702346.10526316,4658.315421589013,4.2676437910984655,0.3037202327837838,107702348.77557282,123489139.12775886,4021.7034888246467,2.771259415178724,-0.023346791763677377,123489134.74537721
43,79977295.88571429,4390.927918450093,9.80005815612734,0.4597972477338478,79977295.46183945,108679607.78947368,4674.751335578431,4.285387436682211,0.297402406416998,108679606.4396574,123947779.60953462,4068.903722256215,2.81598702175299,-0.02714754739038505,123947778.89953718
44,79638230.76571429,4400.727379378874,9.78592283861274,0.4620874452859426,79638230.53571403,108540011.78947368,4683.319166718247,4.35136614879153,0.29830488161080404,108540009.2509107,124267807.43145415,4124.607939007274,2.8719713609197983,-0.029799609805409633,124267808.13650551
45,78908705.55428572,4408.114494830141,9.855907857636762,0.4670149856856165,78908705.64382547,108478402.94736843,4706.235213714112,4.41272761694443,0.2987031637491442,108478401.94333935,124014376.73905915,4145.18033355355,2.895550884160554,-0.02769940951339711,124014373.11434098
46,77256725.14285715,4390.694138417526,9.846923954205751,0.478173209664003,77256724.84179296,107314668.21052632,4696.2238469703225,4.419063768147785,0.30622653404336,107314667.63775268,124312202.07844621,4156.813388870168,2.9023326718230966,-0.030167439487033265,124312194.81898984
47,77385818.21714285,4401.590618838864,10.29626229443837,0.47730125294912706,77385818.4821401,107451100.0,4704.053234183377,4.5016844962848515,0.30534451356338166,107451100.83865067,124689869.85294488,4210.65859761733,2.9495815098203018,-0.03329715478848505,124689863.30604255
48,75869244.29714286,4377.072568713198,10.150306066262804,0.4875448778160022,75869244.5492204,107295866.73684211,4691.462302792916,4.505922655532458,0.306348087490687,107295865.43726476,125213907.63828982,4210.526201009299,2.9461838788151855,-0.03763984110642227,125213903.23091342
49,74605621.21142857,4375.6198681609385,10.11051384270712,0.496079961541106,74605621.0115568,104038151.15789473,4678.825908518053,4.608500423270638,0.32740874175939827,104038149.15956897,125092372.80060537,4236.8520504733415,2.977310307620507,-0.036632745129911104,125092375.11185752
50,76004521.62285714,4362.562985771325,10.169062656372507,0.4866311518538199,76004522.14812572,104101656.42105263,4658.448569230245,4.4382317445304516,0.32699818251371016,104101655.52174422,124690193.2808677,4141.559378300779,2.879568848594532,-0.033299906783428534,124690195.39432107
51,77558553.00571428,4400.053400112843,9.924818418630217,0.47613452583029237,77558553.03248242,106441688.42105263,4690.078519678332,4.517439761261219,0.3118702166279175,106441688.2712391,124974094.8810695,4194.696389317497,2.9325280526266595,-0.03565254822067754,124974092.95259777
52,74567725.6,4386.381134425173,10.19447090485549,0.49633592100680046,74567726.08094376,104619617.89473684,4691.684731541398,4.525464215871204,0.3236496239754808,104619619.18600765,125086927.59591374,4225.935117188732,2.9749738515912036,-0.036587473245384805,125086912.07049808
53,75158121.37142856,4356.837253136917,10.071501710854559,0.4923481211051901,75158121.9085027,106684304.84210527,4671.839637638609,4.459976780232897,0.3103017353352956,106684304.99971496,124872964.97111867,4184.656461194419,2.920519783511001,-0.034814560759464985,124872971.46832138
54,76521217.12,4377.840124920037,10.100728003812208,0.4831411564430661,76521217.76464269,105590448.84210527,4671.690754521736,4.531263706337359,0.31737334731202715,105590449.83490308,124994288.67549501,4221.612776865137,2.9613209114368444,-0.03581997412127813,124994296.54317482
55,74620009.92,4373.077455264101,9.986514729981069,0.4959827730899157,74620009.8117688,106370966.73684211,4691.579585861121,4.577091428061873,0.3123274193706592,106370966.97273463,124833181.81561357,4225.44436429587,2.969626356056218,-0.034484829654793936,124833182.21101177
56,74061042.08,4337.202150608753,10.269572099608464,0.49975829061811883,74061042.49883352,105767363.78947368,4653.752576409104,4.487193704888947,0.3162296418082513,105767361.14967056,124635198.34632362,4154.902426515797,2.889548796951581,-0.032844097927301474,124635192.10344702
57,73044242.81142858,4322.123559365555,9.906216495394942,0.506626216023577,73044242.60831466,104484676.42105263,4636.881425212775,4.487986369451097,0.3245219898429472,104484679.3854539,125435855.28313784,4180.606513237109,2.909594965614929,-0.03947918759261304,125435860.54577945
58,74129915.29142857,4353.624245049214,9.988962646733835,0.49929309476620864,74129914.98409902,105542716.0,4664.713966678534,4.526072350627651,0.3176819475940631,105542714.74798398,124696223.87085383,4180.2396051640435,2.928754698755942,-0.033349858672344856,124696223.18039596
59,72708258.46857142,4289.726418443008,10.077956655869542,0.5088956018435183,72708258.86984432,103504686.31578948,4611.296983864649,4.43944229510177,0.33085750197198194,103504686.04208668,125484700.15638794,4127.992728341225,2.845234291648805,-0.0398840019034199,125484710.23131755
60,72864306.21714285,4321.9925550892785,9.922190748170216,0.5078415912280285,72864305.68386242,105281427.36842105,4650.506754054737,4.529742208522492,0.3193711350109991,105281426.88512748,124844413.62391222,4148.975843164235,2.888834787957403,-0.03457789539692091,124844412.6248482
61,73260024.64,4316.930440783783,10.169730494280397,0.5051687266338548,73260024.66248843,104808073.68421052,4632.909752251188,4.484201082280235,0.3224313042404372,104808072.02235596,125577905.60171522,4173.389250188687,2.8951404982133706,-0.04065634528116302,125577910.32361417
62,74170397.44,4296.259540767271,10.031618176390742,0.4990196536751377,74170398.07834512,105434899.57894737,4611.035525932026,4.335004071438251,0.31837896618509154,105434898.11603712,125500450.42603102,4103.067871955894,2.8197008246292254,-0.04001438056426454,125500443.26350814
63,73575759.74857143,4324.211992771567,10.071940714888697,0.5030361067197002,73575760.1382272,104944030.73684211,4646.645121732727,4.47625292743787,0.321552342774851,104944032.0470244,125172846.0254761,4201.571820882007,2.92913042832849,-0.03729960348506256,125172846.1329602
64,72232331.36,4311.349922892307,9.894824102263314,0.5121102338589549,72232330.94570632,104939668.63157895,4648.720376411453,4.436640176020552,0.3215805528443335,104939668.44077668,125156088.08777905,4173.370922460519,2.8982537139994466,-0.0371608148390683,125156098.25243303
65,73055149.05142857,4313.658681164751,9.854878432861563,0.5065525496793721,73055148.94848298,106101534.10526316,4654.84706603373,4.498237716013952,0.3140692386683641,106101537.87492318,125029254.57232942,4173.270321066014,2.9001837601561244,-0.03610959695804472,125029245.8622157
66,71401243.17714286,4303.543422902934,10.084345428149641,0.5177237771582875,71401242.97150555,102938641.05263157,4638.5042173688935,4.507730493720153,0.3345168977887544,102938641.26651946,125638953.90541051,4202.17861570141,2.9277589908058896,-0.041162210623846285,125638954.0225522
67,72725685.69142857,4300.4118790309185,10.000000915543877,0.5087778941465465,72725685.55495349,104650464.42105263,4628.753420599099,4.462242828878192,0.32345020887277554,104650465.22800677,125309066.23432967,4162.036803283191,2.882214107317527,-0.038428498790716636,125309072.000511
68,72478338.28571428,4292.978870471828,9.999282737459364,0.5104485887475116,72478338.35953961,104210250.73684211,4628.101949850097,4.423723163962538,0.3262961507173253,104210247.60921516,124678492.90957245,4120.762680348148,2.8411835657649527,-0.033202917795067455,124678491.55516417
69,71466616.48,4265.606041538656,10.081129117470171,0.5172822119752452,71466616.92408483,103898014.73684211,4609.36817511279,4.387099936130502,0.3283147053263781,103898012.38026986,124844627.74977928,4098.3194879827015,2.8086217770399267,-0.034579674604104715,124844627.32504313
70,71303118.24,4267.557135292744,10.265926313885213,0.5183865569865559,71303118.07686332,104497127.57894737,4618.883788216957,4.395702242477478,0.32444151834165247,104497126.92465727,125053491.13633497,4103.800476174289,2.816792667474738,-0.03631046256835746,125053484.68391062
71,70067575.17714286,4278.834890246673,10.072680209556053,0.5267319725657984,70067575.00579788,102600241.05263157,4624.217349348786,4.483603846124971,0.33670462238843624,102600238.38745567,125236368.40660866,4159.322946164298,2.882938154568697,-0.037825958573941554,125236362.3671612
72,70029415.13142857,4254.320763898178,10.117592050859697,0.5269897223932428,70029415.01120645,103461368.63157895,4608.716148359113,4.4043611152707225,0.33113754378384164,103461368.45293248,125258500.91713962,4112.364181174082,2.8285632597557453,-0.03800940115224449,125258498.71962002
73,69987642.14857143,4271.817321234713,10.021247894907924,0.5272718760279296,69987642.02039456,103716962.10526316,4627.457723148461,4.450222424546196,0.32948517616079953,103716960.93518119,124686914.9764157,4122.457263505358,2.847806624256047,-0.033272672722024055,124686909.01016907
74,69084614.56,4247.754705994071,10.098646538879736,0.5333713345052907,69084614.05403426,103467028.42105263,4611.392205722924,4.368845380610729,0.33110095249898275,103467028.48717384,124606991.60903014,4095.9554339748174,2.814613912145879,-0.032610466059951104,124606999.31740397
75,71400797.48571429,4267.003400894856,10.183697743820652,0.5177267831674194,71400797.93030669,104677690.73684211,4616.637081756306,4.301042501411971,0.3232741797911728,104677693.85999362,124386159.42893177,4058.733558703858,2.7757023788679067,-0.03078037150105395,124386158.44957758
76,71006225.92,4294.56500256771,10.306636599699468,0.520391905196452,71006225.24243416,103829986.73684211,4644.718764538729,4.4305677187662384,0.32875449666922807,103829984.32197155,124780390.0986253,4180.357539742362,2.9066989499347335,-0.03404740823876118,124780397.76626661
77,69170439.58857143,4261.974532242784,10.260626386125425,0.5327916315920564,69170439.36865424,103610833.89473684,4626.923010683276,4.379711666163643,0.3301712757863414,103610833.27695504,124517018.92445454,4112.780442971903,2.842968451913077,-0.03186482064356477,124517020.91708308
78,71344744.38857143,4291.884548513831,10.270416874842766,0.5181053985391344,71344743.72968847,104827646.31578948,4646.066838171823,4.424765796756904,0.32230475268265235,104827647.34345013,124475463.03291714,4136.866464992778,2.861736160382254,-0.03152046179136758,124475466.5026441
79,70112635.36,4266.7041549583255,10.341628992229365,0.526427618069907,70112634.84553573,104605694.94736843,4626.531243281831,4.3833162322446615,0.3237396499111982,104605693.74226505,124657733.55278093,4118.358038985153,2.8368506392624404,-0.03303097138983735,124657742.46700037
80,69204842.51428571,4246.157650444449,10.297720127967532,0.532559252278271,69204843.24564281,104881085.89473684,4618.186371007934,4.3070689868009255,0.3219592819090423,104881085.65302485,124921282.3755833,4091.3178534813856,2.8138655573227687,-0.03521487406194468,124921278.00892732
81,69712604.68571429,4244.547529658872,10.183308772994524,0.529129603379201,69712604.53005059,104724535.57894737,4617.67386914074,4.307871221765602,0.3229713537397322,104724535.77404346,124576433.94475974,4102.981591168742,2.8269400904523203,-0.03235729136514487,124576448.26251945
82,70426265.02857143,4259.3843389493495,10.18001341329435,0.5243092215101852,70426264.54633135,104957548.84210527,4627.077404895797,4.382564856384422,0.3214649769169754,104957546.02307114,124424884.04590742,4081.7836901130345,2.8098556515097104,-0.031101333940739107,124424889.57599677
83,70560936.98285714,4271.250466109285,10.48327258006856,0.5233995848225808,70560936.72603106,105474185.89473684,4636.015311851215,4.415561912734158,0.3181249909717485,105474183.65655653,124766640.09332828,4121.957655411257,2.8401546437550063,-0.03393340467650274,124766640.74726337
84,72803361.46285714,4275.485128306944,10.124328847609155,0.5082532371911472,72803361.2871893,105198986.10526316,4615.178466064267,4.3120446776548516,0.3199041075922403,105198985.31273746,124367491.11312902,4062.3969809697787,2.7801682815387183,-0.030625561970046622,124367477.29946473
85,70171894.42285714,4264.34401669871,10.050895039047163,0.52602735649476,70171893.7777112,104682632.0,4625.278628858982,4.364577118444331,0.32324226252639876,104682630.90476285,124889365.40093328,4119.5097242728925,2.83477786720774,-0.03495035820421921,124889358.39510739
86,70489793.05142857,4275.573849259386,10.292555236849587,0.5238801191737075,70489793.36806335,105423459.78947368,4642.404058828068,4.385525338109042,0.31845290171295526,105423461.5780479,124678102.76503973,4140.25306821552,2.869588730058911,-0.033199741580729025,124678108.275553
87,68324827.49714285,4233.942318283772,10.201450278999468,0.5385032785091054,68324827.10336637,103608141.4736842,4603.880839468519,4.290677173363508,0.3301886685343778,103608142.92186593,124380815.61962417,4099.493470154309,2.8201112630383074,-0.030736130712843757,124380819.83250222
88,70930025.21142857,4274.923490181933,10.053642285648845,0.5209065902204537,70930025.85977332,106294085.89473684,4636.591851116697,4.386825697708429,0.31282444191173864,106294086.24520369,124415077.47156009,4135.647415367047,2.858008029844834,-0.031020050594436244,124415080.96547985
89,70358870.85714285,4266.476210920752,9.986058035808869,0.5247644300066433,70358870.69418003,104938766.73684211,4625.496162133683,4.362545591391269,0.32158638644198423,104938766.0848583,124683168.66641442,4137.563170409109,2.857726477754921,-0.03324178160414615,124683181.32230338
90,67720614.06857143,4223.248240541331,10.026948333290248,0.5425844066412904,67720613.98324408,103136550.5263158,4594.8762752459825,4.316337713112985,0.33323745356159495,103136548.99683218,125146669.00491865,4116.115093968739,2.8275967868438125,-0.03708273421218844,125146676.11994445
91,70048124.27428572,4247.416975162652,10.39880450370887,0.5268633487967855,70048124.68719392,104187125.4736842,4604.830034163339,4.272166145043918,0.3264456202589099,104187127.2753249,124809887.2331946,4099.946562023358,2.813541396849441,-0.03429175506257409,124809883.54576315
92,68298190.51428571,4236.970398699497,10.326414290077564,0.5386831955422626,68298190.29402198,103668354.94736843,4610.5732426720815,4.3780905544443405,0.3297994055404191,103668355.12494111,124983656.81674865,4114.055976774341,2.832976156833297,-0.03573189812110833,124983668.25065431
93,67037830.96,4224.108509714545,10.558787457835214,0.5471962311321019,67037830.99413027,102737871.57894737,4609.814336307641,4.365871844697042,0.3358148443241279,102737871.5514899,125282914.51330559,4122.119221420182,2.8431844950396545,-0.03821182456076988,125282925.52368312
94,70877084.43428572,4291.70993470697,10.281510167381926,0.5212641825865674,70877084.12595281,104710322.10526316,4638.409878261681,4.3954200556581124,0.3230632418390892,104710322.2860301,124770165.82519864,4143.977907536565,2.8807094655812273,-0.03396260643665827,124770164.5772335
95,69076650.20571429,4243.281211934372,10.284574320457743,0.5334251281928896,69076649.87090297,103267668.0,4602.295362668504,4.326650642770287,0.33238977425594596,103267670.21638428,125331555.40219447,4125.4499410878725,2.8426423258655147,-0.038614804867649566,125331553.89660275
96,67476239.30285715,4227.1674366769885,10.225308663374953,0.5442350225341499,67476239.45089777,101239617.68421052,4587.34514234715,4.349039051530499,0.3455008311663642,101239618.14497638,124812636.11653425,4113.334102026826,2.83845433410975,-0.034314615079572786,124812642.10595228
97,66947892.36571429,4194.333468617994,9.975695274480831,0.5478037194478732,66947892.03636629,101149080.0,4563.970764883156,4.190174989280308,0.34608612458072585,101149083.45128326,124801338.36549376,4039.7388518659745,2.7597049675725343,-0.03422092224758333,124801336.02003169
98,68392579.81714286,4241.786608748718,10.326556970421676,0.5380456452489998,68392579.9430235,103093189.05263157,4609.358343684262,4.312939702270617,0.33351774783765176,103093192.35586533,125117642.62328163,4132.398465396507,2.853530210505738,-0.03684222974116769,125117654.00420834
99,69186972.04571429,4239.837396039564,9.959181279130238,0.5326799661225243,69186971.49888164,104752415.57894737,4608.7791669822645,4.298872801988057,0.32279112296074197,104752414.3354104,124326979.44356161,4084.5078303279,2.8113396647618054,-0.030289956774220972,124326979.20479916
100,67072392.78857143,4232.332529073044,9.81358714859436,0.5469627815722475,67072393.32160008,103976496.84210527,4616.493960438493,4.380892469411886,0.32780729498030126,103976499.92024821,124259992.44898474,4111.390086098598,2.8434713514028953,-0.029734864254284954,124259995.1720722
101,68856974.17142858,4247.774622821409,9.610473848154834,0.5349089126025186,68856974.82550058,104579558.10526316,4613.77060020117,4.358640271781864,0.32390860559691803,104579559.24138223,124639167.6165973,4110.376623632147,2.837768923465155,-0.03287713388670377,124639178.61327428
102,67305993.15428571,4219.038104640016,9.749974531717028,0.5453849435661409,67305993.05036107,104601199.15789473,4614.636822758439,4.343063197926892,0.32376870591086515,104601199.28535636,124392850.37205195,4086.7602537830867,2.803780446107047,-0.030835707115850264,124392835.89973113
103,67505414.27428572,4234.114742090644,9.582839443348751,0.5440379613780355,67505414.45646834,102892513.26315789,4611.99965615796,4.374707587992164,0.3348150998697791,102892514.60012998,124496263.79013747,4112.455951969235,2.8422124938712723,-0.03169280950674147,124496264.01763918
104,64820085.95428571,4207.529056638591,9.990727127810336,0.5621758844478478,64820085.612190664,101507272.63157895,4606.190153907691,4.4597313790834905,0.3437704938687798,101507271.17741893,125016100.80766806,4153.04486223313,2.8793923245373056,-0.03600069387051508,125016104.32685508
105,67931107.22285715,4258.718551886023,9.818095249904614,0.5411626400284787,67931107.26191325,102684813.68421052,4627.799466567506,4.477207305358142,0.3361578511481217,102684814.37199168,124726018.10417455,4154.118669863742,2.8864438478001953,-0.03359680579003621,124726022.74212518
106,67739240.59428571,4208.960897765442,9.591646766932794,0.5424585941499649,67739240.58732805,102277055.36842105,4583.722809611085,4.317007775285044,0.3387939435726113,102277056.8022979,124216605.92054483,4070.007759385789,2.7878818491816473,-0.029375396760688455,124216617.57015796
107,68404475.29142857,4264.5362540745145,9.566893736167263,0.5379652976769185,68404475.44241709,104172546.73684211,4634.856086713605,4.568025575341142,0.32653986140808255,104172549.81150202,124811319.52175558,4177.751644323596,2.909764130074475,-0.03430364895305438,124811318.80334736
108,67772613.72571428,4256.374733273244,9.638319753943545,0.5422331786710186,67772613.46498506,103885300.0,4637.5593866124555,4.558532563867346,0.3283968828240841,103885300.95314506,125199300.70374574,4207.735742606255,2.941055225194471,-0.037518822769780025,125199299.7262163
109,67363315.30285715,4221.479915799696,9.59074714706705,0.5449977630934891,67363315.3185806,103117322.94736843,4600.323969484846,4.459175078497912,0.33336173790022317,103117324.37503998,124837076.06356414,4118.399153602726,2.8395137383534164,-0.03451707705989793,124837073.5645452
110,66443097.474285714,4206.627348020699,9.846570507492997,0.551213327698364,66443097.78029359,103401053.05263157,4597.63019661674,4.413130320444727,0.33152748297782153,103401051.65349537,125111410.78168748,4097.837442464223,2.8093057605440297,-0.036790522383658875,125111414.38251789
111,66363174.67428572,4199.989219735972,9.840545628279788,0.551753165898458,66363174.45696843,102016968.42105263,4577.635467788008,4.433755692551813,0.34047538056982085,102016967.79433829,125250719.24378863,4089.3734379803373,2.7971847576459723,-0.03794503233875246,125250731.21680798
112,65084652.617142856,4195.952183139947,9.675897708782923,0.5603888819819729,65084652.246856555,101015877.05263157,4580.410318884312,4.405316018087132,0.34694729184278916,101015875.8798732,125195667.96519107,4113.186658209037,2.833041617729833,-0.037488748543399675,125195670.61414625
113,65244354.08,4220.61407526385,9.881397029920945,0.5593101856274485,65244353.79724204,101629290.5263158,4611.144455892377,4.484736511996659,0.3429816534546889,101629291.04559113,125165773.14112751,4151.852074828901,2.876351446128679,-0.03724093324035738,125165766.286898
114,64835672.18285714,4230.320552313269,9.854111765374666,0.5620706089421255,64835671.70498773,102221361.4736842,4627.286474536811,4.526082402695207,0.33915399399900636,102221363.27445717,126231011.51116157,4195.901124801953,2.917234677757977,-0.04606863409522677,126231021.14393435
115,68367815.68,4264.0208029225305,9.951857372953812,0.5382129124125479,68367815.95338437,105036618.5263158,4640.304265531956,4.535445367627812,0.3209537761542721,105036619.87446156,125007872.09736411,4153.218300884707,2.877865897898322,-0.03593240921069474,125007864.29168278
116,65938835.04,4207.70200864207,9.88400265384732,0.5546193447102942,65938835.20893782,103476516.63157895,4612.684096431948,4.465537464178663,0.33103962321301916,103476515.0591784,125709553.71270022,4144.0696602267,2.857261998731734,-0.041747359634648706,125709565.02717221
117,64277097.14285714,4216.140869283277,9.842576507273588,0.5658434764817145,64277096.724230446,101721675.78947368,4628.566741926007,4.578892026919125,0.3423843934291474,101721676.76554067,125942408.28351621,4181.290016308064,2.90830593234766,-0.04367691016043773,125942407.42898063
118,65729254.068571426,4201.860730673527,9.890369133541364,0.5560349499705737,65729254.12168166,101859283.57894737,4603.01056323073,4.490129529130435,0.3414947820950528,101859284.13931578,125224775.95510152,4121.832576679062,2.844708882520312,-0.037729945456071334,125224776.28808671
119,64732417.48571429,4233.308701574744,9.84123354865024,0.5627680369576156,64732417.12839732,102979305.26315789,4650.75715407092,4.595962568649513,0.33425402599201803,102979302.95348553,124950489.0150082,4174.432520073169,2.9181972715771525,-0.0354570530449263,124950502.19109373
120,66474555.885714285,4217.166827792722,10.005251995602608,0.5510008502544663,66474555.175203726,103680573.68421052,4620.421005708508,4.508050586112206,0.32972041019491605,103680574.32856242,125109474.2978938,4147.253880293316,2.871324507364588,-0.03677442256162977,125109471.58745767
121,64695372.64,4219.484982941092,9.931364372137738,0.5630182530154375,64695372.51227537,102362785.4736842,4632.5544501683235,4.618392202234238,0.33823972590604645,102362784.61923648,125697471.52932274,4201.575646028917,2.9254073129534772,-0.04164707503104248,125697463.50007771
122,64499425.53142857,4184.605004171245,9.856824223047543,0.5643417680002347,64499425.4376941,102220640.0,4594.23000205965,4.463842635760212,0.3391586636841356,102220640.95552713,125250281.12851557,4101.173344585541,2.815938020062118,-0.03794132001981576,125250283.24447145
123,66805431.611428574,4253.189711030834,9.962837181710052,0.5487659630270141,66805431.379303046,103653801.4736842,4643.361303136439,4.626089063520383,0.3298934958373094,103653800.99533801,125614002.1006432,4204.722771099859,2.9209688900156356,-0.04095546954875662,125614006.19774382
124,65373065.05142857,4183.0177602327985,9.910309300505604,0.5584408100200298,65373065.303301886,103165700.84210527,4586.503251196425,4.38928317869532,0.3330489976877644,103165699.83706589,125478976.0842477,4085.33330885461,2.780724178566812,-0.03983648819859331,125478976.66538975
125,64464289.37142857,4202.691634059234,10.006244276588527,0.5645790949540139,64464289.06005842,102351762.94736843,4610.80399719812,4.489243704788728,0.3383109714153104,102351764.18025674,125325404.37835793,4164.296151230353,2.8842393737251437,-0.03856378962497975,125325397.79367965
126,64257992.73142857,4215.953701927603,9.580927388988519,0.5659725133978594,64257992.74239269,103036498.73684211,4631.300271694499,4.515132793291265,0.33388425933072796,103036499.41357954,125581706.9562366,4199.813973588351,2.918007315034013,-0.040687853481482295,125581712.47595014
127,63916884.35428572,4202.044944518916,9.622908774551648,0.5682765087436079,63916885.04581647,101930546.94736843,4615.741119041157,4.476091711589865,0.34103408896021414,101930545.3406649,125346417.81864044,4172.5308239162605,2.8990672170968383,-0.03873792553050737,125346411.0928611
128,64607533.017142855,4211.649667706772,9.647942596562466,0.5636115624830869,64607532.74027227,102594227.15789473,4620.144862032153,4.492417692040159,0.3367434809715504,102594227.64167711,125083236.04086265,4154.302475731886,2.884986204940025,-0.036556972858518666,125083231.5328604
129,66702885.21142857,4202.506019703602,9.574676258916226,0.5494586064690672,66702885.16127212,104033573.4736842,4596.84868361595,4.401053539569939,0.3274383316355203,104033572.12127435,125151819.15752302,4100.794959994068,2.8072356506978324,-0.037125387588455405,125151823.18110843
130,65678635.017142855,4211.2920005494625,9.7357304590733,0.5563768519262142,65678635.361206025,104165385.26315789,4620.799822313123,4.482486224961119,0.326586182686078,104165384.71684712,124664237.68697187,4127.478317147201,2.85421507984644,-0.03308473070257789,124664229.70189303
131,65995666.662857145,4229.457944520824,9.544182291311436,0.5542354794918676,65995666.65206327,103651480.84210527,4631.215267113851,4.533478177275646,0.3299084867662677,103651482.15981361,124800504.47673099,4155.50240904507,2.8839438277450546,-0.03421410719375073,124800513.63498315
132,64727341.66857143,4178.600857593955,9.783300962234586,0.5628023209652554,64727341.36342366,103274823.15789473,4590.971260329512,4.391508437847696,0.3323435360262076,103274822.46492073,124995871.32097363,4074.6379023809454,2.778131600333762,-0.03583305281192972,124995874.77276927
133,63029904.388571426,4166.847020128396,9.72090255152416,0.574267577936003,63029904.16887264,101765425.89473684,4585.916273752227,4.395033521268381,0.342101558863924,101765426.34498239,124983806.99810821,4098.63744264281,2.811174455488859,-0.03573307589768571,124983810.37511458
134,68315383.2,4236.9784683618645,9.968910389127174,0.5385670636177851,68315383.68520246,105262381.68421052,4625.113033227132,4.415266327837719,0.31949426030700423,105262381.5470352,125126586.35035944,4157.884081606337,2.874279162186502,-0.03691621040356585,125126581.38646132
135,65450078.96,4209.681520477986,9.622835678013463,0.5579206216115364,65450079.464868754,102174203.78947368,4598.740565006572,4.43017479373731,0.3394588737151293,102174203.69426177,124977923.03291714,4139.436262084791,2.866995979111274,-0.03568429367302062,124977923.73457071
136,63650105.95428571,4219.878308775366,9.855895480737892,0.5700784573366908,63650105.62932614,102568404.42105263,4630.481250695394,4.567198273921021,0.33691041078099104,102568406.50855802,124948226.34127885,4209.894401528162,2.9519175369381347,-0.03543813511076421,124948219.32927245
137,66246946.85714286,4209.426136070942,9.86002444976864,0.5525382215665438,66246946.56131796,103976849.89473684,4609.260838742221,4.448173768750243,0.32780504743226013,103976847.57677136,124363207.98082986,4106.07864311758,2.8413236028413396,-0.030590195594095704,124363209.57399726
138,63816742.77714286,4171.715091447431,9.621573394721644,0.5689529150499368,63816742.74408517,102616433.26315789,4588.918662104069,4.4110082223772595,0.33659991529227873,102616434.75092997,124671022.62328163,4098.536037268502,2.8280607599289445,-0.03314098025460832,124671017.4385293
139,65775255.68,4221.762220789647,9.615372621969762,0.5557242319917222,65775256.07834639,102851159.57894737,4614.535497547667,4.541878321994189,0.3350824336235896,102851162.72614476,124650737.05738428,4154.1254651881145,2.8884983191019056,-0.03297279423802779,124650722.12336248
140,64506426.42285714,4224.767145362182,9.927186018974554,0.5642944807889192,64506426.333663404,103786984.63157895,4645.187633973889,4.561330462663245,0.32903248722611533,103786984.02622277,124854954.4996847,4210.963779279632,2.9507436867054553,-0.03466520209234325,124854948.0839535
141,63676307.017142855,4179.067846582559,9.881667769273745,0.5699014826006227,63676306.830072396,102829211.57894737,4608.293541238399,4.427309002618389,0.3352243397399759,102829212.32235588,124695975.46374069,4125.580906121664,2.8468494048534296,-0.03334770742101023,124695963.58495083
142,63616082.27428571,4178.255673353614,9.71025666069796,0.5703082640771172,63616082.62314726,101125838.10526316,4589.895152927916,4.3873202363117425,0.34623641048817455,101125836.8398173,124622596.70727709,4105.351896026454,2.834593735593851,-0.032739637019200574,124622586.61402747
143,64340729.34857143,4177.290795718202,9.987963974757532,0.5654136715036626,64340729.57240907,102670420.21052632,4596.257348520093,4.40893663810989,0.336250906452052,102670420.3377669,124676456.83642326,4110.521736274918,2.830801242393349,-0.033186073653890036,124676458.94174682
