global_round,train_loss,train_accuracy,train_f1_macro,train_f1_micro,train_f1_weighted,dev_loss,dev_accuracy,dev_f1_macro,dev_f1_micro,dev_f1_weighted,test_loss,test_accuracy,test_f1_macro,test_f1_micro,test_f1_weighted
1,3.557782543535346,0.7060762415110357,0.03211823155861023,0.7060762415110357,0.7181783229606946,3.5448899269104004,0.7006578947368421,0.08557262067310227,0.7006578947368421,0.7126869388333315,3.1883267209189277,0.7307142857142858,0.13669657621628892,0.7307142857142858,0.7270032576610705
2,3.2986059885073598,0.7583695882852292,0.03966927516619163,0.7583695882852292,0.7645935872207412,3.290591239929199,0.75,0.14676192592228313,0.75,0.7561203489908717,2.9925192083631242,0.76,0.22896499715582327,0.76,0.7577858975048453
3,3.070970771268187,0.785235834040747,0.0600545828139016,0.785235834040747,0.7890177364602843,3.068569220994648,0.7779605263157895,0.24540254179112642,0.7779605263157895,0.7821898950555948,2.7997880110059468,0.7746428571428572,0.3669947717590019,0.7746428571428572,0.7730981046933638
4,2.864481074295951,0.8074862054329371,0.06594277922913784,0.8074862054329371,0.8100478422537942,2.865894781915765,0.795641447368421,0.3117741100260365,0.795641447368421,0.7984639531961024,2.6463918887547084,0.7825,0.4873562178089419,0.7825,0.7821916101171442
5,2.682779949265951,0.8231244694397284,0.07139236465384306,0.8231244694397284,0.8245978533993443,2.6867223789817407,0.8162006578947368,0.399645703487608,0.8162006578947368,0.8176487945955359,2.508868453707014,0.7824285714285715,0.48749514708816843,0.7824285714285715,0.7825143678583847
6,2.525704907237573,0.8333709146859083,0.09617483542968189,0.8333709146859083,0.8341847493498851,2.5294070494802376,0.8266858552631579,0.4767325304214662,0.8266858552631579,0.8273592630251246,2.3920241881779263,0.7801428571428571,0.5980994230127201,0.7801428571428571,0.780290699970556
7,2.374815316273118,0.8432327037351444,0.14019827543811514,0.8432327037351444,0.8435597668553986,2.3821803017666467,0.8373766447368421,0.5475489232374517,0.8373766447368421,0.8374952027802003,2.2845226484026226,0.7807142857142857,0.5561187322160964,0.7807142857142857,0.7814126456984468
8,2.2433233856142882,0.8504682194397284,0.16056634735657319,0.8504682194397284,0.8505862649092669,2.2519388826269853,0.8433388157894737,0.5911125538854556,0.8433388157894737,0.8433254054411992,2.177605882644653,0.7855,0.6029588255003061,0.7855,0.7866719305137876
9,2.1484097135087223,0.8573853989813243,0.20055988451981263,0.8573853989813243,0.857184211280818,2.158938432994642,0.8499177631578947,0.5956697241381929,0.8499177631578947,0.8495343617988543,2.1177334936686925,0.786,0.6036593997257961,0.786,0.7877025558006789
10,2.0282198977996617,0.8614906090831919,0.2642997926774336,0.8614906090831919,0.8609130977768266,2.0403908993068494,0.8505345394736842,0.5946667737978116,0.8505345394736842,0.8498656598093879,2.027566186632429,0.7783571428571429,0.5975782013914372,0.7783571428571429,0.7799298790485174
11,1.939378405264966,0.8655825551782682,0.25753747914492164,0.8655825551782682,0.864703939095425,1.9517328550941067,0.8587582236842105,0.7659301924625581,0.8587582236842105,0.8578667832475615,1.9599367547716413,0.7812142857142857,0.6003861765177356,0.7812142857142857,0.7835895179554947
12,1.8462012121754308,0.8684873726655348,0.3879998043017098,0.8684873726655348,0.8675466333430604,1.8606181207456087,0.860608552631579,0.7053529474079707,0.860608552631579,0.8598734814508746,1.879900625365121,0.7826428571428572,0.6518281850282833,0.7826428571428572,0.7853292870915902
13,1.7719743757782243,0.8715115662139219,0.5703144481850689,0.8715115662139219,0.8703033577432862,1.7889862374255532,0.8634868421052632,0.7713178399952565,0.8634868421052632,0.8624800350778475,1.841763897895813,0.7762142857142857,0.6466935523609584,0.7762142857142857,0.7791755740303403
14,1.7042412636437927,0.8755040322580645,0.6140619756981385,0.8755040322580645,0.8743831157258115,1.7218204297517474,0.8641036184210527,0.8496094626138676,0.8641036184210527,0.8631263437841689,1.7762054704938617,0.7792857142857142,0.7084632732252664,0.7792857142857142,0.7823879996013997
15,1.6314692238190784,0.8781236735993209,0.784788405724314,0.8781236735993209,0.8769574078328958,1.6487238281651546,0.8649259868421053,0.8494250950045323,0.8649259868421053,0.8636690430061322,1.7143751546314785,0.7768571428571428,0.7069561161961373,0.7768571428571428,0.7807396085661366
16,1.5728299858614625,0.8802127546689303,0.7214272399033298,0.8802127546689303,0.8791529047808843,1.5902787635200901,0.8690378289473685,0.855837410034699,0.8690378289473685,0.8680070999701196,1.6562548636027745,0.7816428571428572,0.7111057308384701,0.7816428571428572,0.785328181912061
17,1.5162523402018133,0.8822288837011885,0.7888807482681218,0.8822288837011885,0.8811762650760491,1.534517062337775,0.8688322368421053,0.8560159060634354,0.8688322368421053,0.8678034795273751,1.5975267723628452,0.7838571428571428,0.7846269015755684,0.7838571428571428,0.7876615508836761
18,1.4700034856796265,0.8828257640067911,0.8688146915716569,0.8828257640067911,0.881758022977697,1.488708627851386,0.8727384868421053,0.8603087596706234,0.8727384868421053,0.8717073226611397,1.559422624724252,0.7861428571428571,0.7876221307696702,0.7861428571428571,0.7906633867957309
19,1.4281761802113118,0.8846363009337861,0.8706125701780068,0.8846363009337861,0.8835171231747433,1.4479648564991199,0.8739720394736842,0.8617099251265422,0.8739720394736842,0.8729265380139101,1.5349105255944389,0.7797142857142857,0.7811093395610348,0.7797142857142857,0.7841678825993332
20,1.3923179400999397,0.8871697262308998,0.7941124832780307,0.8871697262308998,0.8861471964865757,1.414070022733588,0.875,0.8631785051109656,0.875,0.8740278454308501,1.5000516360146658,0.7834285714285715,0.7847071610489886,0.7834285714285715,0.7877877131323751
21,1.346766348403257,0.8912948323429541,0.8779182821017674,0.8912948323429541,0.890349302983072,1.3695791959762573,0.8768503289473685,0.865061745148666,0.8768503289473685,0.8759036822097088,1.445243320601327,0.7895714285714286,0.7903533536510812,0.7895714285714286,0.7934192685670024
22,1.3212300340671896,0.8908969121392191,0.8780452999661046,0.8908969121392191,0.8898448934397495,1.3433183682592291,0.877672697368421,0.8669231375990231,0.877672697368421,0.876655968144161,1.4388238160269602,0.7862857142857143,0.7877691261763695,0.7862857142857143,0.7907532757500896
23,1.2774949666802062,0.8939343696943973,0.8809873722295626,0.8939343696943973,0.8930373289236152,1.3023201478155035,0.8805509868421053,0.8691905320408807,0.8805509868421053,0.8796910923226299,1.388634052685329,0.792,0.793995853984135,0.792,0.7967788917527691
24,1.2513322890918,0.8955326825127334,0.8831172846267166,0.8955326825127334,0.8946932683428476,1.2749588552274203,0.884046052631579,0.873631176308249,0.884046052631579,0.8831994185125037,1.3546520193644933,0.7964285714285714,0.798634318793841,0.7964285714285714,0.8013487901213755
25,1.2185792560690734,0.8961361948217318,0.8834596831905204,0.8961361948217318,0.8951849892103053,1.2422306474886442,0.8846628289473685,0.8737799589609816,0.8846628289473685,0.8837283504276991,1.3419918503080095,0.793,0.7953221149651082,0.793,0.7981337463642539
26,1.1953629902951382,0.898868580220713,0.8868658261284794,0.898868580220713,0.8980529553508961,1.2187182275872481,0.8846628289473685,0.8742916216359861,0.8846628289473685,0.8838531787610793,1.313188441004072,0.7955714285714286,0.7976997104396388,0.7955714285714286,0.8005792988637493
27,1.1653773768446036,0.9002082449066214,0.8887194206523764,0.9002082449066214,0.8994386964672051,1.1898056143208553,0.8881578947368421,0.8774122711059299,0.8881578947368421,0.887268896199056,1.2931627307619367,0.798,0.8004076964605049,0.798,0.80315164606432
28,1.1489456651166259,0.9009443972835314,0.8897271712256897,0.9009443972835314,0.9002043560978984,1.1719695266924406,0.8858963815789473,0.8763498822708634,0.8858963815789473,0.8851438256631278,1.2751904200145177,0.7988571428571428,0.8006936172038331,0.7988571428571428,0.803595097766637
29,1.1169121271483158,0.9027284061969439,0.8918148236198403,0.9027284061969439,0.9020483954852739,1.1416986867001182,0.8873355263157895,0.8779390014285771,0.8873355263157895,0.8866444562353625,1.2374115965706962,0.7995,0.8013805388517637,0.7995,0.804125827671167
30,1.0877774347676081,0.9038359507640068,0.8929341497548104,0.9038359507640068,0.903112277252333,1.1134159251263267,0.8914473684210527,0.8818320622833131,0.8914473684210527,0.8906249215117166,1.2182062560490199,0.8025,0.8043148784976918,0.8025,0.807053995078369
31,1.0700404391021598,0.9049832873514432,0.8939048810111716,0.9049832873514432,0.9042812209159032,1.095215119813618,0.8904194078947368,0.8804690295743438,0.8904194078947368,0.8896862801935184,1.1996275018964495,0.8009285714285714,0.8028340558213541,0.8009285714285714,0.8055240407899014
32,1.051156556464618,0.9050562393887945,0.8943027524324231,0.9050562393887945,0.9043418264896024,1.0764355502630536,0.8930921052631579,0.8836035234679862,0.8930921052631579,0.892354013537957,1.1956950620923723,0.7985714285714286,0.8009727190222051,0.7985714285714286,0.8037436604276569
33,1.02168437489427,0.9079544248726655,0.8974065655197995,0.9079544248726655,0.9072694036891014,1.0476741728029753,0.8943256578947368,0.8842702436432232,0.8943256578947368,0.8935591698970478,1.1473996846335275,0.8084285714285714,0.8102090543467846,0.8084285714285714,0.8128395540405127
34,0.9947068480765273,0.9082462330220713,0.8979278602243284,0.9082462330220713,0.907638066381472,1.0203859617835598,0.895764802631579,0.8855078387881591,0.895764802631579,0.895089287467156,1.1321125598634991,0.803,0.8049656043143439,0.803,0.8076213973909304
35,0.9757217580677091,0.9097848578098472,0.8994299676937485,0.9097848578098472,0.9091484015040732,1.0006887128478603,0.8961759868421053,0.8863940453225538,0.8961759868421053,0.895495865692841,1.1066830937521799,0.8105714285714286,0.8129139061119671,0.8105714285714286,0.8154190511959291
36,0.9552231282248764,0.9101031939728353,0.9001582431881596,0.9101031939728353,0.9095161301795945,0.980723572404761,0.8978207236842105,0.8890998515922316,0.8978207236842105,0.8972108024881356,1.0910887210709708,0.8087857142857143,0.8109412600633746,0.8087857142857143,0.8135660446056615
37,0.9392293916291009,0.9109056663837012,0.9014886467347898,0.9109056663837012,0.9103652459831891,0.9652079532020971,0.8959703947368421,0.8865747525062126,0.8959703947368421,0.895313893016368,1.0723063799313137,0.8096428571428571,0.8118420002277176,0.8096428571428571,0.8144401604254944
38,0.9143682571542283,0.9130478034804754,0.9029942111623181,0.9130478034804754,0.9125104383493531,0.9415406490627088,0.8986430921052632,0.8901488108932198,0.8986430921052632,0.898071155120865,1.050896841934749,0.8104285714285714,0.812305237856884,0.8104285714285714,0.814841337959942
39,0.889185441167731,0.913485515704584,0.903856002936867,0.913485515704584,0.9129491862470119,0.9156547565209238,0.8988486842105263,0.8901351611680072,0.8988486842105263,0.898239083669138,1.0310769917624338,0.8118571428571428,0.8139539368149924,0.8118571428571428,0.8164997250746333
40,0.877236353318841,0.9146527483022071,0.9050653571117371,0.9146527483022071,0.9141391768019153,0.903994968062953,0.899671052631579,0.891143659140908,0.899671052631579,0.8991458025942807,1.0226055104391916,0.8085,0.8100254227280154,0.8085,0.8127059271812924
41,0.8537628995744806,0.9150042444821732,0.9054959416717241,0.9150042444821732,0.91446168808681,0.8823824462137724,0.9002878289473685,0.8910580535109135,0.9002878289473685,0.8996700401947646,0.9893026196616037,0.8173571428571429,0.819422130899928,0.8173571428571429,0.8217953461668351
42,0.8318160789526986,0.9162643251273345,0.9073119634747648,0.9162643251273345,0.9157503228458833,0.8606172956918415,0.9013157894736842,0.8926188505713368,0.9013157894736842,0.9006453466591398,0.9766567032677786,0.8180714285714286,0.8200925345112848,0.8180714285714286,0.8225571954241074
43,0.8171912737329868,0.9171397495755518,0.908328198918999,0.9171397495755518,0.9166665019083906,0.845706720101206,0.9021381578947368,0.8942526209590674,0.9021381578947368,0.901521730204263,0.9635633401870728,0.8152142857142857,0.8174144689342855,0.8152142857142857,0.8199190452743855
44,0.7989167687443602,0.9173519736842105,0.9083392539471962,0.9173519736842105,0.9168339371889621,0.8267640471458435,0.9054276315789473,0.8985126313564853,0.9054276315789473,0.9048924778447321,0.943994042805263,0.8167857142857143,0.8187037277712357,0.8167857142857143,0.8212047219334743
45,0.7825265422539315,0.9195140067911715,0.9108691262101853,0.9195140067911715,0.9191254036910019,0.8109236108629327,0.9041940789473685,0.8962606459505235,0.9041940789473685,0.9037540206377428,0.9229587882586888,0.8207142857142857,0.8228690217694069,0.8207142857142857,0.8252636765921306
46,0.76265801466584,0.9203496392190152,0.9119639996215853,0.9203496392190152,0.9199529484306462,0.7916600735563981,0.9054276315789473,0.8990451362549206,0.9054276315789473,0.9049770530952133,0.9035470264979771,0.8210714285714286,0.8228872399463644,0.8210714285714286,0.8253199748556586
47,0.7478701476330263,0.920130783106961,0.9114055467141178,0.920130783106961,0.9196954661178682,0.7781355349641097,0.9041940789473685,0.8967129604635806,0.9041940789473685,0.903685687566698,0.8942644762992858,0.8210714285714286,0.8233961746067473,0.8210714285714286,0.8257254629248588
48,0.7330808574760709,0.9215102398132428,0.9129606871990653,0.9215102398132428,0.9210961286935642,0.7617296074566088,0.9048108552631579,0.8971183058804695,0.9048108552631579,0.9043034872772753,0.8808029293332781,0.8217142857142857,0.8236727845343939,0.8217142857142857,0.8260818888313041
49,0.7202161739759008,0.9216030878607809,0.9131576520371883,0.9216030878607809,0.9212133905238076,0.7496607303619385,0.9052220394736842,0.8984403919390432,0.9052220394736842,0.9047252327691346,0.8648577882902962,0.8229285714285715,0.8247842058386181,0.8229285714285715,0.8271740532742364
50,0.7016364368396623,0.9227504244482173,0.9142989779743294,0.9227504244482173,0.9223691844201819,0.7318495574750399,0.9066611842105263,0.8988529094205131,0.9066611842105263,0.9061968131854716,0.853484901360103,0.8228571428571428,0.8247385479705344,0.8228571428571428,0.8270757508566083
51,0.6905072419469345,0.9234799448217318,0.9151094536814671,0.9234799448217318,0.9231298527606255,0.7205683338014703,0.9058388157894737,0.8987155163079861,0.9058388157894737,0.9053934998312343,0.8401406356266566,0.8237857142857142,0.8256160504617325,0.8237857142857142,0.8279070363082502
52,0.6706560314814789,0.9227437924448217,0.9144661106598267,0.9227437924448217,0.9223404865806217,0.7007795478168287,0.9060444078947368,0.8993854491550977,0.9060444078947368,0.9055357393522929,0.8275114656175886,0.8233571428571429,0.8249599251738612,0.8233571428571429,0.8274350752870993
53,0.6595587042272597,0.9235528968590832,0.9151184670103085,0.9235528968590832,0.9231117711334318,0.690655391467245,0.9064555921052632,0.8986439775795306,0.9064555921052632,0.9058683103793659,0.8159626641273499,0.8227142857142857,0.8245474654210533,0.8227142857142857,0.8269350657933425
54,0.6470238151493622,0.924468113327674,0.9159585586801029,0.924468113327674,0.9240622213437819,0.6771225835147657,0.907483552631579,0.8999687334739169,0.907483552631579,0.9069682694380437,0.7975955572809492,0.8268571428571428,0.8287891970628454,0.8268571428571428,0.8311281977517134
55,0.6351973135119181,0.9260664261460102,0.9178037291498157,0.9260664261460102,0.925690087119955,0.6657110766360634,0.9107730263157895,0.905125902643138,0.9107730263157895,0.9103624402048677,0.7924568844522749,0.8262142857142857,0.8281370831969763,0.8262142857142857,0.8304360335457246
56,0.6234568999052452,0.9268291065365025,0.918777817810264,0.9268291065365025,0.9264824227908558,0.6544410241277594,0.9087171052631579,0.9010513229492366,0.9087171052631579,0.9082494083029294,0.7750636285373143,0.8292857142857143,0.8310619091436864,0.8292857142857143,0.833337267421116
57,0.6115197302530091,0.9274259868421053,0.9195613867719634,0.9274259868421053,0.9270928754750669,0.6417406797409058,0.9099506578947368,0.9032678377211871,0.9099506578947368,0.9095375235762743,0.7654456581388202,0.8281428571428572,0.8299931778357557,0.8281428571428572,0.832268378847586
58,0.5975292316924129,0.9279631791171478,0.9198940533812475,0.9279631791171478,0.9276221872000819,0.6280000899967394,0.911389802631579,0.9048454121791341,0.911389802631579,0.9109749999651828,0.7603716880934579,0.8262857142857143,0.8277117845250421,0.8262857142857143,0.8301355544958541
59,0.58644411488988,0.9280692911714771,0.9199702923313662,0.9280692911714771,0.9277266053119065,0.61664511969215,0.9103618421052632,0.9031863891182779,0.9103618421052632,0.9098800892840672,0.7467068773678371,0.8286428571428571,0.8304922233523158,0.8286428571428571,0.8328392728202807
60,0.5808416668749422,0.930038996179966,0.922065468159502,0.930038996179966,0.9297229113543592,0.6117836738887587,0.9124177631578947,0.9048228142408525,0.9124177631578947,0.9119887098340184,0.7382910946437291,0.8290714285714286,0.8305943792482806,0.8290714285714286,0.8328613925000499
61,0.569357740707025,0.9290508276740238,0.9211328195257684,0.9290508276740238,0.928709918259086,0.5992537627094671,0.9115953947368421,0.9052074194191608,0.9115953947368421,0.9111648591330163,0.7310299144472394,0.8286428571428571,0.8305174789003139,0.8286428571428571,0.8328095745724913
62,0.5589070596395405,0.9296344439728353,0.9218131889294104,0.9296344439728353,0.9292907553415657,0.5901703834533691,0.9122121710526315,0.9043822292086314,0.9122121710526315,0.9116942966459659,0.7205870293208531,0.8287142857142857,0.8309258227258848,0.8287142857142857,0.8330792325818029
63,0.5498388573552635,0.9309741086587436,0.9234134053225975,0.9309741086587436,0.9306624443955431,0.5812326622636694,0.9122121710526315,0.9048593236633004,0.9122121710526315,0.9117241712620336,0.7060663347925459,0.8339285714285715,0.8356551918037262,0.8339285714285715,0.8379095843728591
64,0.5383161076665531,0.930231324278438,0.9228073449080829,0.930231324278438,0.9298945125400393,0.5705886498877877,0.9126233552631579,0.9059432186323553,0.9126233552631579,0.9121730905242709,0.7056510784966605,0.8279285714285715,0.8299933797509563,0.8279285714285715,0.8321938058805018
65,0.5289661262456347,0.9305894524617997,0.9230827415603858,0.9305894524617997,0.9302981233732813,0.5600720267546805,0.9146792763157895,0.9079142301639648,0.9146792763157895,0.9142563996354875,0.695288197176797,0.8308571428571428,0.8329142074498236,0.8308571428571428,0.835151422830948
66,0.5243233887064437,0.9324464134125636,0.9249400573876206,0.9324464134125636,0.9321344821683797,0.5557657150845778,0.9144736842105263,0.9075754509728267,0.9144736842105263,0.9140393817884139,0.6884823867252895,0.8327142857142857,0.8342033272181961,0.8327142857142857,0.8364978870160585
67,0.5129806584534702,0.931849533106961,0.9244482253294428,0.931849533106961,0.9315317791811599,0.5451982397782175,0.9140625,0.9067148032291907,0.9140625,0.9135824552944319,0.6786292383330209,0.8327142857142857,0.8346022058704422,0.8327142857142857,0.8368343310704897
68,0.5056329232423941,0.933162669779287,0.925858604884845,0.933162669779287,0.9328976372777322,0.5378038569500572,0.916735197368421,0.9098047332714241,0.916735197368421,0.916349019856231,0.6709555444036212,0.8315714285714285,0.8334459972234696,0.8315714285714285,0.8356383593820733
69,0.49918941523506605,0.9333152058573854,0.9261792006342967,0.9333152058573854,0.9330477566643411,0.5312227779313138,0.915296052631579,0.9080569453299676,0.915296052631579,0.9148787478216264,0.6684154088837759,0.8326428571428571,0.8344540167008878,0.8326428571428571,0.8366424116976487
70,0.4910775907274418,0.9330035016977929,0.9256415394810107,0.9330035016977929,0.9326996237863777,0.5238784928070871,0.9155016447368421,0.9092917790628737,0.9155016447368421,0.91510515233647,0.6600650675637382,0.8335,0.835018441545858,0.8335,0.8372454880114751
71,0.4869164525956573,0.9333417338709677,0.9260368024319379,0.9333417338709677,0.9330718377910161,0.5196281326444525,0.915296052631579,0.9091656600731362,0.915296052631579,0.9149406146269476,0.6520528176852635,0.8357857142857142,0.8373587506687338,0.8357857142857142,0.8396113902699323
72,0.479419098139214,0.9340845182512734,0.9269553733918441,0.9340845182512734,0.9338087395807448,0.5115253250849875,0.91796875,0.9117471195670875,0.91796875,0.9175949816525674,0.6497146706581116,0.8337142857142857,0.8358112555104057,0.8337142857142857,0.8379839322738607
73,0.471303260589496,0.9350129987266553,0.9284200261557697,0.9350129987266553,0.9347791333366877,0.5040488901891207,0.9173519736842105,0.9105277916607731,0.9173519736842105,0.9169657683743537,0.6331858013016837,0.839,0.8408438769547655,0.839,0.8429998899397361
74,0.4649181771764124,0.9349864707130731,0.928122795816438,0.9349864707130731,0.9346830594719419,0.4968725003694233,0.9185855263157895,0.9116551007977547,0.9185855263157895,0.9181062713590241,0.6325879398754665,0.8369285714285715,0.8387927370640605,0.8369285714285715,0.8408925131145112
75,0.46138757725320567,0.9340447262308998,0.9271258476544466,0.9340447262308998,0.9337308231553403,0.4938926743833642,0.9187911184210527,0.9127508342039736,0.9187911184210527,0.9183831783290132,0.6349702679089138,0.8348571428571429,0.8367343989525124,0.8348571428571429,0.8388963269693407
76,0.45510320312300845,0.9358884231748726,0.9288910880663279,0.9358884231748726,0.9356207181980973,0.4876514798716495,0.9185855263157895,0.9116678106113261,0.9185855263157895,0.9181462681365938,0.6192426065036228,0.8375714285714285,0.8394515268884888,0.8375714285714285,0.8415189071098526
77,0.4499167439184691,0.9366975275891342,0.9296702009731124,0.9366975275891342,0.9364351086397067,0.48237125810823944,0.920641447368421,0.914099584376457,0.920641447368421,0.9202065777058891,0.6144975630215236,0.8382857142857143,0.8400884371043696,0.8382857142857143,0.8422308148077274
78,0.440139300400211,0.9361205432937182,0.9291493768356366,0.9361205432937182,0.9358319165562416,0.4738175602335679,0.920641447368421,0.913131021658732,0.920641447368421,0.9201823624368383,0.6149013754980904,0.8377857142857142,0.839915245874729,0.8377857142857142,0.8419953992648745
79,0.44024295702652533,0.9377984401528013,0.9311862325382089,0.9377984401528013,0.9375792621754794,0.4737650736382133,0.9210526315789473,0.9151610438272388,0.9210526315789473,0.9207318377911191,0.6078059323174613,0.8389285714285715,0.8407872906560947,0.8389285714285715,0.8427979621435927
80,0.434209721653085,0.938700392614601,0.931832149091249,0.938700392614601,0.9384338338816931,0.4673328729052293,0.921875,0.91507648241592,0.921875,0.9214855233457638,0.5980710379396166,0.8415,0.8432168031736511,0.8415,0.8451716737375228
81,0.4279339873628827,0.9394431769949066,0.9327801712767829,0.9394431769949066,0.9392435762908334,0.46061483966676814,0.9229029605263158,0.9164291954396793,0.9229029605263158,0.9225493089436555,0.5925544985021863,0.8422857142857143,0.8441104395545155,0.8422857142857143,0.8461242784418386
82,0.4250142731164631,0.9388993527164686,0.9323422578233004,0.9388993527164686,0.9386844966887884,0.4586234296623029,0.920641447368421,0.9144500745243971,0.920641447368421,0.9202819351590688,0.5897773409230368,0.8408571428571429,0.8424707926071744,0.8408571428571429,0.8445033040262068
83,0.42124985545519456,0.9395028650254669,0.9328108302829854,0.9395028650254669,0.9392934884156675,0.45472335344866704,0.921875,0.9148521985245213,0.921875,0.9215236274001043,0.5869047410147531,0.8422857142857143,0.8439714088983943,0.8422857142857143,0.8459372102434718
84,0.4153239171452352,0.9395426570458404,0.9331066676093707,0.9395426570458404,0.9393442855421782,0.4505663514137268,0.9235197368421053,0.917137649894633,0.9235197368421053,0.9232295620767887,0.5792327271189008,0.8429285714285715,0.8445741273240349,0.8429285714285715,0.8466171369015527
85,0.41236626540258503,0.939595713073005,0.9331505007422646,0.939595713073005,0.9393982616841728,0.4467744544932717,0.9255756578947368,0.9194359232497595,0.9255756578947368,0.9252815143214514,0.5780340182100023,0.844,0.8459020463740433,0.844,0.8478697645647594
86,0.4088676170096535,0.9395758170628183,0.9332540724005417,0.9395758170628183,0.9393274758154805,0.4433876103476474,0.9226973684210527,0.9151105658971674,0.9226973684210527,0.9222237639287018,0.5729854753017426,0.8438571428571429,0.8455418921306034,0.8438571428571429,0.8475061038814511
87,0.4049774361284156,0.9394232809847198,0.9331616330825346,0.9394232809847198,0.9391654988934601,0.43868214676254674,0.9222861842105263,0.9161724150178463,0.9222861842105263,0.9218380873927332,0.5770174771377019,0.8415714285714285,0.8433118586504362,0.8415714285714285,0.8453789464089222
88,0.4025579506755887,0.9401660653650254,0.9335855858100999,0.9401660653650254,0.9399286974759395,0.4372148121658124,0.9235197368421053,0.9173110923026309,0.9235197368421053,0.9231365544044388,0.5748954288959504,0.8409285714285715,0.8426166394634022,0.8409285714285715,0.8446407311724973
89,0.3983756208662671,0.9403053374363328,0.9339375407457465,0.9403053374363328,0.9400466060725753,0.43328299647883367,0.9210526315789473,0.9144152350187162,0.9210526315789473,0.9206228930295958,0.5687731284073421,0.8418571428571429,0.8436117747167747,0.8418571428571429,0.8456335552122877
90,0.3940064230576436,0.9406502016129032,0.9344383684670404,0.9406502016129032,0.9404310770783834,0.42936174493086965,0.9220805921052632,0.9162008556325347,0.9220805921052632,0.9216993487591495,0.5713916053431375,0.842,0.8441039522922029,0.842,0.8460723301175738
91,0.38742327204382077,0.9416715301358234,0.9353930605569236,0.9416715301358234,0.9414554052586777,0.42302493986330536,0.9237253289473685,0.9175909508596668,0.9237253289473685,0.9233713890884954,0.5573561172144753,0.8448571428571429,0.8467215793471686,0.8448571428571429,0.8486332293244062
92,0.38635843870797665,0.940285441426146,0.934132494412415,0.940285441426146,0.9400244853880791,0.4224861013261895,0.920641447368421,0.9144191719924866,0.920641447368421,0.9202287287405401,0.557586012329374,0.8455714285714285,0.8473049817915775,0.8455714285714285,0.8492780407587831
93,0.3842571871592355,0.9418572262308998,0.9357193543124745,0.9418572262308998,0.9416466444789157,0.41989228756804214,0.924547697368421,0.9182896615747442,0.924547697368421,0.9241767318307094,0.5522833296571459,0.8485,0.8500024884294277,0.8485,0.8519009064297616
94,0.3788838310132407,0.9415720500848896,0.9354119194543724,0.9415720500848896,0.9413485104682927,0.4148409931283248,0.9235197368421053,0.9175067528289296,0.9235197368421053,0.9231500183458794,0.5520700466632843,0.8452142857142857,0.8469929912350793,0.8452142857142857,0.8489145140070424
95,0.378956107615615,0.9427061226655348,0.9365358595245619,0.9427061226655348,0.9424845835117197,0.4144432999585804,0.9233141447368421,0.9167843075472529,0.9233141447368421,0.9229210750201836,0.5538686441353389,0.8447857142857143,0.8463535409715026,0.8447857142857143,0.8483629998648919
96,0.37550267369718826,0.942414314516129,0.9364071375658168,0.942414314516129,0.9421874897534069,0.4110994103707765,0.9241365131578947,0.9178454507186122,0.9241365131578947,0.9237481807440898,0.5510121846880232,0.8442857142857143,0.8461207617694528,0.8442857142857143,0.8481146260090523
97,0.37436396612173833,0.9421291383701188,0.9359892109667916,0.9421291383701188,0.9418756036572181,0.41031718410943685,0.9229029605263158,0.9162489182588143,0.9229029605263158,0.9225132332803019,0.5533355103901454,0.8427857142857142,0.8443578851127478,0.8427857142857142,0.8463599273515384
98,0.37158969206599507,0.9430310908319185,0.9368543444742023,0.9430310908319185,0.9427952926329448,0.40812548210746363,0.9241365131578947,0.9171842924236531,0.9241365131578947,0.9237377335507383,0.5469495251178741,0.8454285714285714,0.8469222405057814,0.8454285714285714,0.8488620743886381
99,0.368353765059408,0.9448681557724957,0.9387612401667378,0.9448681557724957,0.9446927910694685,0.4045383741981105,0.9261924342105263,0.9194609833356179,0.9261924342105263,0.9258826158881505,0.5397177325998034,0.8474285714285714,0.84909487582291,0.8474285714285714,0.8509710382312109
100,0.3641308231345664,0.9442314834465195,0.9380128756954031,0.9442314834465195,0.9440200334120804,0.40050394127243444,0.9255756578947368,0.9192387607506136,0.9255756578947368,0.9252231937999285,0.5342034546307155,0.8485,0.8502040854241233,0.8485,0.8519959527347674
101,0.3642750341438883,0.9434886990662139,0.9374986684316052,0.9434886990662139,0.9432790518575224,0.4008263443645678,0.9249588815789473,0.9181478390503015,0.9249588815789473,0.9246275668232927,0.5371164949280876,0.8470714285714286,0.8487675109199057,0.8470714285714286,0.8507286729579048
102,0.36075381805617457,0.9448349957555179,0.9388422843578441,0.9448349957555179,0.9446380554370317,0.39807823927778946,0.9247532894736842,0.9181072926649687,0.9247532894736842,0.9243789983348842,0.5353537613323757,0.8487857142857143,0.8504446791107283,0.8487857142857143,0.8523193227295981
103,0.3590304047527054,0.9450604838709677,0.9392268383245549,0.9450604838709677,0.9448631049884596,0.3952817509048863,0.92578125,0.9190850184977979,0.92578125,0.9254161716979943,0.5344136678831918,0.8482142857142857,0.8497638442329423,0.8482142857142857,0.8516621236579337
104,0.35725703714051754,0.9446095076400679,0.9387104146927611,0.9446095076400679,0.944410934124301,0.3940105798997377,0.9261924342105263,0.9192293664905142,0.9261924342105263,0.9258162539643289,0.5354326679706574,0.8481428571428572,0.8495386920602714,0.8481428571428572,0.8514631322728693
105,0.3561159541327601,0.9442381154499151,0.9385413340788654,0.9442381154499151,0.9440435427141898,0.39279604899255854,0.9255756578947368,0.9194635429639396,0.9255756578947368,0.9252017766680211,0.5294658463682447,0.8488571428571429,0.8504195343601693,0.8488571428571429,0.8523484411625829
106,0.3567935488928356,0.9449079477928692,0.9391499327191699,0.9449079477928692,0.9446913508220144,0.3927263915538788,0.9272203947368421,0.9216305540138953,0.9272203947368421,0.9268766121784177,0.5286540995665959,0.8486428571428571,0.8500808018707021,0.8486428571428571,0.8520350593616477
107,0.3508460675516436,0.9460154923599321,0.9403497259457743,0.9460154923599321,0.9458527174539635,0.3870697303822166,0.9272203947368421,0.9210141276922803,0.9272203947368421,0.9269179158674031,0.5240066402980259,0.8497142857142858,0.8513275562199423,0.8497142857142858,0.8532128673188761
108,0.35116596426340435,0.9463404605263158,0.9404148662983379,0.9463404605263158,0.9461422431614446,0.3886565817029853,0.9251644736842105,0.9186787752856649,0.9251644736842105,0.9247992377037987,0.5220917631898607,0.851,0.8526101250616523,0.851,0.8544922273183748
109,0.34686393927030124,0.9453655560271647,0.9396415793184133,0.9453655560271647,0.9451764303488214,0.3845260378561522,0.9268092105263158,0.9217904896035295,0.9268092105263158,0.9265022087157312,0.523120187997818,0.8479285714285715,0.8495092782623253,0.8479285714285715,0.8513802917165902
110,0.3465277583469559,0.9468776528013583,0.9413161322346234,0.9468776528013583,0.9467293032664239,0.3838440399420889,0.9266036184210527,0.9212502078404607,0.9266036184210527,0.9263347194299429,0.5205534925120218,0.8485,0.8498867162355189,0.8485,0.8517932222898196
111,0.34466320382516535,0.9459425403225806,0.9402875170556222,0.9459425403225806,0.9457538160572921,0.3821909317844792,0.9261924342105263,0.9205690382083992,0.9261924342105263,0.9258472179303374,0.5218425796031952,0.8482142857142857,0.8500199877467365,0.8482142857142857,0.8518809045644395
112,0.3439083736902182,0.9474546370967742,0.9418486970685909,0.9474546370967742,0.9472994147118222,0.3823424264004356,0.9272203947368421,0.9217592656058006,0.9272203947368421,0.9269003450457297,0.5134766888959067,0.8502142857142857,0.8517944159373002,0.8502142857142857,0.8536509924932274
113,0.34238841310016976,0.9466587966893039,0.940956915994156,0.9466587966893039,0.9464784817569745,0.3798923978680058,0.9278371710526315,0.9213826327894008,0.9278371710526315,0.9274639816025235,0.5124025927952358,0.8526428571428571,0.8541370599794254,0.8526428571428571,0.8559634995686305
114,0.3438039219642536,0.9476270691850595,0.9420249278790088,0.9476270691850595,0.9474562739895102,0.38103920378183065,0.9263980263157895,0.9203493751419641,0.9263980263157895,0.9260854904992935,0.5204307015963963,0.8489285714285715,0.8503553466893479,0.8489285714285715,0.852311136145783
115,0.3399229398809993,0.9471429329371817,0.941609999145879,0.9471429329371817,0.946980402139724,0.37850586207289444,0.9274259868421053,0.921830958642307,0.9274259868421053,0.9271398323114637,0.5123737704413278,0.8509285714285715,0.852407797805314,0.8509285714285715,0.8543800918344806
116,0.3416976363529374,0.9477530772495756,0.9420616393054463,0.9477530772495756,0.9475691491735968,0.3794215823474683,0.9294819078947368,0.9238199768732075,0.9294819078947368,0.9292115762990616,0.5168311009066445,0.8487857142857143,0.8502550539153205,0.8487857142857143,0.8522065442916028
117,0.33844988855117447,0.9483433255517827,0.9427994215622354,0.9483433255517827,0.9481690773920415,0.3767984007534228,0.9288651315789473,0.9222732938687495,0.9288651315789473,0.9284862331477937,0.5110690248012543,0.8522857142857143,0.8538482226413657,0.8522857142857143,0.8556850250293732
118,0.33532034040306946,0.9479719333616299,0.9423426771536055,0.9479719333616299,0.9478160589008039,0.374012595728824,0.9294819078947368,0.9234504340233205,0.9294819078947368,0.9291892991735247,0.508340250321797,0.8518571428571429,0.853578195724897,0.8518571428571429,0.8554393144351992
119,0.3350133099458821,0.9488274617996605,0.9432237219114971,0.9488274617996605,0.9486777567484591,0.37258271324007136,0.9288651315789473,0.9220072271417624,0.9288651315789473,0.9285508724300521,0.5090687660830362,0.8523571428571428,0.8540092168458575,0.8523571428571428,0.8558182818632886
120,0.33112184017744856,0.9491524299660441,0.9437023966959582,0.9491524299660441,0.9489905947508901,0.3699901182400553,0.9303042763157895,0.9242545187214344,0.9303042763157895,0.9299747654134682,0.5040370555605207,0.8537857142857143,0.8554242608859195,0.8537857142857143,0.8572291037953963
121,0.33351942643852106,0.9496365662139219,0.9442595207095129,0.9496365662139219,0.9494606786946282,0.37218852419602244,0.9292763157894737,0.9224222165844832,0.9292763157894737,0.9289486075759666,0.5055050955159324,0.8530714285714286,0.8547330380892338,0.8530714285714286,0.8565152019200638
122,0.33039487288641806,0.9488738858234296,0.9436495937310039,0.9488738858234296,0.9487063343821487,0.3689276466244145,0.9280427631578947,0.9221603375865657,0.9280427631578947,0.9277032027270741,0.49937900372913907,0.8549285714285715,0.8564466751557356,0.8549285714285715,0.8582366985792101
123,0.3321206809000977,0.9495370861629882,0.9442567310989063,0.9495370861629882,0.9493839068167998,0.3713998355363545,0.9272203947368421,0.9213754678128476,0.9272203947368421,0.9268759752116733,0.5017492015021188,0.8544285714285714,0.8561877865580019,0.8544285714285714,0.8578829588448407
124,0.3307087949156154,0.9494972941426146,0.9440870163599842,0.9494972941426146,0.9493470903102748,0.37009402952696147,0.9290707236842105,0.9227937317179,0.9290707236842105,0.9287553071611088,0.5016180404935564,0.854,0.8558713202854792,0.854,0.8575899062628682
125,0.3274583329773921,0.9487744057724957,0.9434947027801807,0.9487744057724957,0.948587595481166,0.3668967438371558,0.9282483552631579,0.9224018004680035,0.9282483552631579,0.9278862778711361,0.5000270789350783,0.8543571428571428,0.8560630885177565,0.8543571428571428,0.8578090816970891
126,0.3280472510536984,0.9501273344651953,0.9447936574483142,0.9501273344651953,0.9499717589576111,0.36703774176145854,0.9296875,0.9232841657640949,0.9296875,0.929356565677322,0.49877568330083577,0.8553571428571428,0.8570051313350993,0.8553571428571428,0.8587416297002668
127,0.3248051183838998,0.9497824702886248,0.9445990887959377,0.9497824702886248,0.9495962412341773,0.36411588913515996,0.9307154605263158,0.9243031429949449,0.9307154605263158,0.9303439215575096,0.4979576705183302,0.8543571428571428,0.8560630053406364,0.8543571428571428,0.8578468122279994
128,0.32582471923229045,0.9493049660441426,0.9441192242110988,0.9493049660441426,0.9491179706218036,0.36487824665872676,0.9294819078947368,0.9230739489160233,0.9294819078947368,0.9290854622580946,0.5050461312362126,0.8522857142857143,0.8540482498835515,0.8522857142857143,0.8558520501112916
129,0.32378049455393354,0.95142720713073,0.946083482138549,0.95142720713073,0.9513035859152059,0.36350847859131663,0.9317434210526315,0.925264436972561,0.9317434210526315,0.9314589532113066,0.49325246552058627,0.8555,0.8567989968832166,0.8555,0.8586619649917333
130,0.3226078452197724,0.95069105475382,0.9458010268006524,0.95069105475382,0.950570134317346,0.3613326847553253,0.9307154605263158,0.9253287113919161,0.9307154605263158,0.9304287567103292,0.49387259037154063,0.8553571428571428,0.8566352069766403,0.8553571428571428,0.8584791482411579
131,0.32184994235913095,0.9509231748726655,0.9457122165282046,0.9509231748726655,0.9507715125482619,0.36088560443175466,0.9290707236842105,0.9232687116802876,0.9290707236842105,0.928773104663591,0.49779078129359655,0.8535,0.8548734209573409,0.8535,0.8566930986785958
132,0.31992325009635836,0.9507175827674024,0.9457104627724539,0.9507175827674024,0.9505785196116916,0.35989581911187424,0.9286595394736842,0.9227964258761553,0.9286595394736842,0.9283250747342912,0.49388987851142885,0.8553571428571428,0.8569939620114109,0.8553571428571428,0.8587824440554661
133,0.319929424338106,0.9515996392190152,0.9464415122557398,0.9515996392190152,0.9514580030587307,0.3595193671552758,0.9325657894736842,0.9260338866380108,0.9325657894736842,0.9322471171689772,0.4935572053364345,0.8561428571428571,0.8576216542932702,0.8561428571428571,0.8594018687641038
134,0.3199746656296411,0.9512216150254669,0.9461492707038452,0.9512216150254669,0.9510676268561328,0.3595806046536094,0.9292763157894737,0.9237053711779147,0.9292763157894737,0.9289318428182421,0.49430950808525087,0.8540714285714286,0.855657120541478,0.8540714285714286,0.857389773521295
135,0.31745681404460263,0.9515863752122241,0.9463215682980106,0.9515863752122241,0.9514354767592674,0.3569114819953316,0.9317434210526315,0.926427306746176,0.9317434210526315,0.9314849651462188,0.5003057893344334,0.8517857142857143,0.8532393759179955,0.8517857142857143,0.855117832709139
136,0.3157658282989962,0.9520108234295416,0.946903100944601,0.9520108234295416,0.9518589236125609,0.35522538737246867,0.9319490131578947,0.9262039893554623,0.9319490131578947,0.931620926708536,0.4921600749492645,0.8553571428571428,0.8569662337183906,0.8553571428571428,0.8587080870692401
137,0.31549768794979427,0.9529127758913413,0.9479482642524962,0.9529127758913413,0.9527888195050194,0.35575687885284424,0.9327713815789473,0.9273264999941615,0.9327713815789473,0.9324688135752919,0.49284377220698766,0.8549285714285715,0.8564556212764863,0.8549285714285715,0.8582094392832139
138,0.3155877210693165,0.9529061438879457,0.9477088623791138,0.9529061438879457,0.9527755611526837,0.3551887948262064,0.9313322368421053,0.9250238690988599,0.9313322368421053,0.931014844462191,0.49148840832710267,0.8547857142857143,0.8564847179510313,0.8547857142857143,0.858281831807392
139,0.31591104884301463,0.9529658319185059,0.9479271676243728,0.9529658319185059,0.9528440088055405,0.3563284513197447,0.9333881578947368,0.9268666154143272,0.9333881578947368,0.933093087754617,0.48672963448933193,0.8586428571428572,0.8599940880785034,0.8586428571428572,0.861669159182552
140,0.31407083785999407,0.9536025042444821,0.9485051760308094,0.9536025042444821,0.9534786900295872,0.3545988986366673,0.9307154605263158,0.92404822123993,0.9307154605263158,0.9303768591665827,0.48577821687289646,0.8580714285714286,0.8594830894902448,0.8580714285714286,0.8611917282812503
141,0.3131876524114042,0.9527933998302207,0.9478527954876184,0.9527933998302207,0.9526578350120607,0.3533877055895956,0.9319490131578947,0.9258632552683655,0.9319490131578947,0.9316710667218073,0.48634400595937455,0.8574285714285714,0.8589308651218787,0.8574285714285714,0.8606551522909625
142,0.3145763627640865,0.9526010717317487,0.9474950568758809,0.9526010717317487,0.9524873790637165,0.35340183032186406,0.9317434210526315,0.9257646496714163,0.9317434210526315,0.9314575589932739,0.49012269476481846,0.8564285714285714,0.8580790928533801,0.8564285714285714,0.8598436657733569
143,0.31287682066546635,0.95238884762309,0.9476972016195446,0.95238884762309,0.9522845743438126,0.3522254605042307,0.9296875,0.9242393031114335,0.9296875,0.9293774028137525,0.4904106550216675,0.8560714285714286,0.857540432419546,0.8560714285714286,0.8593307111121686
144,0.3119828026545675,0.9530056239388794,0.9481626478556567,0.9530056239388794,0.952878993717938,0.35201872179382726,0.9313322368421053,0.925385708040058,0.9313322368421053,0.9310198662818397,0.48540913677215575,0.8582142857142857,0.8596649645981065,0.8582142857142857,0.8614078943440762
145,0.31020581906942846,0.9535759762308998,0.9489002772784243,0.9535759762308998,0.9534715965858901,0.3512555250996037,0.9315378289473685,0.9257120451883043,0.9315378289473685,0.9313094329501158,0.4857645569188254,0.8577857142857143,0.8594005565076583,0.8577857142857143,0.8610503193226388
146,0.31056837474449783,0.9539473684210527,0.949008743076198,0.9539473684210527,0.953852662666752,0.35272007082637985,0.9327713815789473,0.9266916859669072,0.9327713815789473,0.9325408738230941,0.48631716765676225,0.8568571428571429,0.8585009426884145,0.8568571428571429,0.8602323400961707
147,0.31085767696891453,0.9534499681663837,0.9487659373590815,0.9534499681663837,0.9533254129640909,0.3517134252347444,0.9317434210526315,0.9264600234482648,0.9317434210526315,0.9314350866125869,0.4830786014284406,0.8574285714285714,0.8588314511982466,0.8574285714285714,0.8606546645107045
148,0.3130428123909265,0.9534433361629882,0.9490108356213554,0.9534433361629882,0.9533221568361995,0.3537097134088215,0.9300986842105263,0.9251436270660767,0.9300986842105263,0.9297966046638689,0.484413987330028,0.8585,0.8597078855856521,0.8585,0.8614900927746759
149,0.30867113226136045,0.9532775360780985,0.9483155952114768,0.9532775360780985,0.9531252669578434,0.35052351418294403,0.9303042763157895,0.9244814404276932,0.9303042763157895,0.9298821496860884,0.4831214589732034,0.8582857142857143,0.8597119416216348,0.8582857142857143,0.8614510888354281
150,0.3084996874445768,0.9538279923599321,0.9491882814527168,0.9538279923599321,0.9537015347819789,0.35043622474921376,0.9303042763157895,0.925017963793802,0.9303042763157895,0.929992855143248,0.4790440753868648,0.8588571428571429,0.8603930156157074,0.8588571428571429,0.8621245873516501
151,0.3091966846296864,0.9539075764006791,0.9493923194236512,0.9539075764006791,0.953803452725937,0.3509767290792967,0.9317434210526315,0.9264169810681893,0.9317434210526315,0.9314743308913647,0.48117381824765887,0.859,0.8606575211105956,0.859,0.8623034180590222
152,0.30879350532801325,0.9538478883701188,0.9490704029284565,0.9538478883701188,0.9537238596610749,0.3501931397538436,0.9319490131578947,0.9258902128226614,0.9319490131578947,0.9316508371495548,0.4820836231708527,0.8587142857142858,0.86052797769854,0.8587142857142858,0.8622359647857057
153,0.3059477434194756,0.9544315046689303,0.9498726264767736,0.9544315046689303,0.9543315317675727,0.3473110387199803,0.9325657894736842,0.9264898919444852,0.9325657894736842,0.9323207489439468,0.4812014515740531,0.858,0.8595401960654326,0.858,0.8612860255258994
154,0.3059367162819022,0.954438136672326,0.9497553914396487,0.954438136672326,0.9543172215361853,0.34736995634279755,0.9307154605263158,0.9245258569918077,0.9307154605263158,0.9303899331751211,0.4747301005976541,0.8607857142857143,0.8621024845794081,0.8607857142857143,0.8638120490619995
155,0.3031742595047619,0.9544315046689303,0.9497409985719548,0.9544315046689303,0.9543128960599746,0.3457439981008831,0.9325657894736842,0.9264987712749271,0.9325657894736842,0.9322594833278844,0.4805563729490553,0.8575714285714285,0.8592074034335718,0.8575714285714285,0.8608614389684445
156,0.3032740691521779,0.9554660971986417,0.9509021289142435,0.9554660971986417,0.9553757364276619,0.34643772715016413,0.932360197368421,0.9259534525768769,0.932360197368421,0.9320880316680147,0.4735887565272195,0.8608571428571429,0.8622933544666216,0.8608571428571429,0.8639457807630333
157,0.3047285163443036,0.9551543930390493,0.9505300501813855,0.9551543930390493,0.9550249406304719,0.3478142007401115,0.9311266447368421,0.9245123714479314,0.9311266447368421,0.9307757204213617,0.47576370283535546,0.8602142857142857,0.861907961814891,0.8602142857142857,0.8634980520655363
158,0.30402579779637084,0.9550615449915111,0.9505964914650018,0.9550615449915111,0.9549506791198681,0.34644569221295807,0.9327713815789473,0.9256811512347379,0.9327713815789473,0.9324417993499938,0.47537173639025004,0.8615714285714285,0.863101664522269,0.8615714285714285,0.8646982401575604
159,0.3042575318511759,0.9556186332767402,0.9509410165855193,0.9556186332767402,0.9554996593330901,0.3470722389848609,0.9333881578947368,0.9269059496097369,0.9333881578947368,0.933097295940246,0.4742687306063516,0.8605714285714285,0.8622258369100326,0.8605714285714285,0.8638887977731705
160,0.3023703319411124,0.9549885929541596,0.9502766578842028,0.9549885929541596,0.9548782938400908,0.3447908602262798,0.9325657894736842,0.9256139564255591,0.9325657894736842,0.9322107470339364,0.476089690719332,0.86,0.8616565847512545,0.86,0.8633513922506229
161,0.3054707608674297,0.9552671370967742,0.950738826877428,0.9552671370967742,0.9551461879807409,0.34871696641570643,0.9321546052631579,0.9259589204485689,0.9321546052631579,0.9317946255599591,0.47674468891961236,0.8605,0.861987373880593,0.8605,0.8636944064573349
162,0.30211337431885793,0.9562685696095077,0.951786651125432,0.9562685696095077,0.9561571141525291,0.34421239714873464,0.9346217105263158,0.9285533687398206,0.9346217105263158,0.9343327759315639,0.4739770313331059,0.8605,0.8619241688233339,0.8605,0.8636385867326709
163,0.3020141919622599,0.9549885929541596,0.9507956786996813,0.9549885929541596,0.9548919758369109,0.3443362759916406,0.9321546052631579,0.9261020915214866,0.9321546052631579,0.9318394253973038,0.47323751248632157,0.8623571428571428,0.8637000685434766,0.8623571428571428,0.8654306049462711
164,0.3008018624802802,0.9561359295415959,0.9516241946416246,0.9561359295415959,0.9560227197712337,0.34391931954183075,0.9325657894736842,0.9255824320454582,0.9325657894736842,0.9322367488826944,0.47218106402669635,0.8634285714285714,0.8648096797630604,0.8634285714285714,0.866424633738614
165,0.30271741677018704,0.9564144736842105,0.9519815400969336,0.9564144736842105,0.9562996553356713,0.34420155851464523,0.934827302631579,0.928628427750796,0.934827302631579,0.9345316615106937,0.4747462156840733,0.8611428571428571,0.8623009906331408,0.8611428571428571,0.8640433794066129
166,0.3005930914943611,0.9566068017826825,0.952314882769081,0.9566068017826825,0.9565122676074826,0.343675949071583,0.9333881578947368,0.9270015415451465,0.9333881578947368,0.9330939773560557,0.4696467680590493,0.8629285714285714,0.8644675676302664,0.8629285714285714,0.8660504269394057
167,0.3004983367306672,0.9569781939728353,0.9525877866333768,0.9569781939728353,0.9568734847786475,0.34342329282509654,0.93359375,0.9275717822998384,0.93359375,0.9333470609639214,0.46969523085866655,0.8635714285714285,0.8647546229378312,0.8635714285714285,0.866420658721119
168,0.29952067996933424,0.9564078416808149,0.9519816866808537,0.9564078416808149,0.9562985924110626,0.3430447954880564,0.9364720394736842,0.9302767774758041,0.9364720394736842,0.9361976177574491,0.47083862478392463,0.8626428571428572,0.8640480877374973,0.8626428571428572,0.8657415225846844
169,0.2995560860137988,0.956918505942275,0.9524919630121567,0.956918505942275,0.9568106037821618,0.34276268670433446,0.9358552631578947,0.9292117516594944,0.9358552631578947,0.935608517717204,0.46953407549858095,0.8633571428571428,0.8645470795447444,0.8633571428571428,0.8662290360166798
170,0.2984597097026067,0.9568853459252971,0.9524955838197455,0.9568853459252971,0.9567887973171461,0.34168293915296855,0.9358552631578947,0.92955215333694,0.9358552631578947,0.9355959515559727,0.4715358841759818,0.8618571428571429,0.8632498052247245,0.8618571428571429,0.864925858389719
171,0.2996209691862097,0.956998089983022,0.9526225373473627,0.956998089983022,0.9569138493130812,0.34346437140514974,0.9358552631578947,0.9301113900597129,0.9358552631578947,0.9356411557713661,0.46988686891964504,0.8634285714285714,0.8645050228709941,0.8634285714285714,0.8661771585042829
172,0.29716049643242903,0.956261937606112,0.9518464234677761,0.956261937606112,0.956136820084769,0.3407337414590936,0.9340049342105263,0.9276320543475787,0.9340049342105263,0.9336553786987853,0.4695874756063734,0.8634285714285714,0.864341494120486,0.8634285714285714,0.866069573146833
173,0.295989300606611,0.9571705220713073,0.952805776377553,0.9571705220713073,0.9570574521471144,0.3393158081330751,0.9356496710526315,0.929080098226725,0.9356496710526315,0.9353086384711904,0.4726828978742872,0.8604285714285714,0.8618380660921833,0.8604285714285714,0.8634802831232649
174,0.29521288387540645,0.9583908106960951,0.9540985378153632,0.9583908106960951,0.9582936724097032,0.33878690788620397,0.936266447368421,0.929749907932209,0.936266447368421,0.9359541291147903,0.46753950469834465,0.8618571428571429,0.8631103273692794,0.8618571428571429,0.8647491328661938
175,0.29609852452431956,0.9568853459252971,0.9526403748905243,0.9568853459252971,0.9567589816600688,0.34000614285469055,0.93359375,0.9283205506119231,0.93359375,0.9332280169900757,0.47036183646747043,0.8620714285714286,0.8635815502793399,0.8620714285714286,0.8652275745474505
176,0.295733814708041,0.9569251379456706,0.9527686532228599,0.9569251379456706,0.9568067008815373,0.34023519409330266,0.9311266447368421,0.9250888512014941,0.9311266447368421,0.9307552868247025,0.46308947035244535,0.8662142857142857,0.8675605865507336,0.8662142857142857,0.8691206353714794
177,0.29438002475858344,0.9574888582342954,0.9531295161155707,0.9574888582342954,0.9573979194478387,0.33837152625385086,0.9340049342105263,0.9277251851478766,0.9340049342105263,0.9337329397285271,0.4609534791197096,0.8660714285714286,0.8671465564271978,0.8660714285714286,0.8687643514405413
178,0.29625343537694937,0.9582979626485568,0.9538806013491834,0.9582979626485568,0.9582072529622029,0.33969369530677795,0.9356496710526315,0.9289049747130529,0.9356496710526315,0.9353971660648233,0.4617802673748561,0.8667857142857143,0.8678072143704855,0.8667857142857143,0.8694092404168485
179,0.29324417054045987,0.9573960101867572,0.9533550143804046,0.9573960101867572,0.957298500332054,0.33718107327034597,0.9329769736842105,0.926913142658931,0.9329769736842105,0.9326616627373183,0.464591055733817,0.8632857142857143,0.864604539120994,0.8632857142857143,0.8662692276619407
180,0.2953172137103785,0.9572434741086587,0.9530980326140039,0.9572434741086587,0.9571248220971361,0.3396775926414289,0.9325657894736842,0.9266381994543436,0.9325657894736842,0.9322280500789666,0.46896601145608086,0.8636428571428572,0.8651025503283656,0.8636428571428572,0.8667597518398004
181,0.29183257544485947,0.9573960101867572,0.9532774269870362,0.9573960101867572,0.9572721021023656,0.33720845140908895,0.932360197368421,0.9257768733421695,0.932360197368421,0.9319386908396018,0.4670263271672385,0.8627857142857143,0.8639931287150759,0.8627857142857143,0.8656515786785225
182,0.29373639103512206,0.9578337224108658,0.9537110481464793,0.9578337224108658,0.9577342466169178,0.3379399117670561,0.9337993421052632,0.9281266315919057,0.9337993421052632,0.9334837421901249,0.4609807797840663,0.8659285714285714,0.8671524307611799,0.8659285714285714,0.8687366982138275
183,0.2946778214291522,0.9580459465195246,0.9540133786276923,0.9580459465195246,0.9579530817260166,0.3390382700844815,0.9329769736842105,0.9270330946691306,0.9329769736842105,0.93267372721585,0.4652262432234628,0.8642142857142857,0.8653326697634421,0.8642142857142857,0.8669652326496442
184,0.29150656821974674,0.9590672750424448,0.9548174636881945,0.9590672750424448,0.9589999200619669,0.3360018338027753,0.9354440789473685,0.9291150301007243,0.9354440789473685,0.9352368711621176,0.45915794304439,0.8667142857142857,0.8679133050267511,0.8667142857142857,0.8694555840913568
185,0.293818850266306,0.9586361948217318,0.954790383251669,0.9586361948217318,0.9585554779551532,0.33810362533519145,0.9317434210526315,0.9262797230807491,0.9317434210526315,0.9314760753330237,0.46043127128056116,0.8665,0.8676395989522188,0.8665,0.8691564954098576
186,0.29242866639370424,0.9579729944821732,0.9541700027277923,0.9579729944821732,0.9578810892760509,0.3374186040539491,0.9317434210526315,0.925985857191938,0.9317434210526315,0.9314205707275343,0.46681616609437127,0.8628571428571429,0.8641072144563553,0.8628571428571429,0.8658148479425235
187,0.29178593574638884,0.9591070670628183,0.955102970891345,0.9591070670628183,0.9590174861953712,0.3370471377121775,0.9344161184210527,0.9281894931143869,0.9344161184210527,0.9341325494576151,0.45831117272377014,0.8669285714285714,0.8679983083930412,0.8669285714285714,0.8696095276816664
188,0.29001242764838076,0.9592993951612904,0.9550251238742854,0.9592993951612904,0.959197915418185,0.3350247693689246,0.9366776315789473,0.9301322558192169,0.9366776315789473,0.9363663561463413,0.46100526370321,0.8662857142857143,0.867472864838185,0.8662857142857143,0.8690633780894003
189,0.2917825298317422,0.9586361948217318,0.9547761805782956,0.9586361948217318,0.9585432355232957,0.33738637441083,0.9352384868421053,0.9290901784094749,0.9352384868421053,0.9349174555807235,0.4570100949491773,0.8672857142857143,0.8687226968571572,0.8672857142857143,0.870258163603212
190,0.29071712445828224,0.9588749469439728,0.9550797630539698,0.9588749469439728,0.9587916006940527,0.33662678222907216,0.934827302631579,0.9287722755659751,0.934827302631579,0.9345256109136263,0.4622158283165523,0.8661428571428571,0.8674720870027837,0.8661428571428571,0.8690070579892941
191,0.28683912862844907,0.9593723471986417,0.9554920954305104,0.9593723471986417,0.959310319031255,0.3324186362718281,0.9358552631578947,0.9297593076000951,0.9358552631578947,0.9356470758276065,0.45853083549227036,0.8664285714285714,0.8676293119288545,0.8664285714285714,0.8693006950886502
192,0.2891490553807727,0.9598432194397284,0.9558841409189857,0.9598432194397284,0.9597758123652712,0.33460176069485514,0.9360608552631579,0.9298451390973252,0.9360608552631579,0.935850419917962,0.4595866736343929,0.8652142857142857,0.8665803346509409,0.8652142857142857,0.8682085319338387
193,0.2913036012740613,0.9590871710526315,0.9553129654133199,0.9590871710526315,0.9590166819682815,0.3362087246618773,0.9354440789473685,0.929221669424183,0.9354440789473685,0.9351809575174578,0.46081734667505536,0.8640714285714286,0.865509692884649,0.8640714285714286,0.8670666458762161
194,0.2900203759884794,0.9595248832767402,0.9554885245969711,0.9595248832767402,0.9594402244069259,0.33498051684153707,0.9360608552631579,0.9297199436160394,0.9360608552631579,0.935777859081834,0.4629617790835244,0.8642857142857143,0.8653256908219988,0.8642857142857143,0.8670323191322001
195,0.28911563022938164,0.959080539049236,0.9553408266427065,0.959080539049236,0.9590130371771873,0.33417676389217377,0.9368832236842105,0.9306913136186417,0.9368832236842105,0.9366532194102196,0.46165667138780864,0.8639285714285714,0.8650750405825361,0.8639285714285714,0.86666952385914
196,0.28996988602222934,0.959385611205433,0.9552519533301508,0.959385611205433,0.959284476601017,0.3356318803210008,0.9352384868421053,0.9289996344230218,0.9352384868421053,0.9349118347801022,0.4633391814913069,0.8647142857142858,0.8659818047684006,0.8647142857142858,0.8676118078081678
197,0.29022100704432746,0.959849851443124,0.9559609923930001,0.959849851443124,0.9597664417291095,0.3354735201910922,0.9360608552631579,0.9296470813227302,0.9360608552631579,0.9358077794735042,0.4577086809022086,0.8653571428571428,0.8664690308831389,0.8653571428571428,0.8681046131027572
198,0.28909989252863594,0.9600023875212224,0.9560861425363043,0.9600023875212224,0.9599144979739792,0.3345413906009574,0.936266447368421,0.9305887009766284,0.936266447368421,0.9360344528115891,0.45724791622161864,0.8654285714285714,0.8665532274222538,0.8654285714285714,0.8682062101567707
199,0.2857758862255789,0.9594519312393888,0.9553414690429008,0.9594519312393888,0.9593794545095926,0.3313670495623036,0.9375,0.9317688804395763,0.9375,0.9372801218480689,0.45558388124193466,0.8661428571428571,0.8675766762170346,0.8661428571428571,0.8691833174261382
200,0.28865044446367966,0.9595116192699491,0.9556951333859699,0.9595116192699491,0.9594298679198631,0.3340445435360858,0.93359375,0.9272547637487873,0.93359375,0.9333217988878706,0.4615314164842878,0.8645,0.8657622803629013,0.8645,0.8673918595748237
201,0.285110824986508,0.9604931557724957,0.9564379530534873,0.9604931557724957,0.9604220826614605,0.330884564864008,0.9350328947368421,0.9282648111158635,0.9350328947368421,0.9347717175884176,0.4573906092643738,0.8669285714285714,0.8678980824735858,0.8669285714285714,0.8695180712026598
202,0.28408707028131536,0.9606058998302207,0.956861275869578,0.9606058998302207,0.9605215202907996,0.3303362499726446,0.9360608552631579,0.9289519943742842,0.9360608552631579,0.9357673598306053,0.45417876798766,0.8665,0.8676760094527216,0.8665,0.8693197984080606
203,0.2844916804739494,0.9597901634125636,0.9563168174331643,0.9597901634125636,0.9597220924786849,0.3306585071902526,0.9350328947368421,0.9293641369319351,0.9350328947368421,0.9347814559574367,0.4529995778969356,0.8674285714285714,0.8687890090030503,0.8674285714285714,0.87037658545324
204,0.2856361363304491,0.9610568760611206,0.9571218624516815,0.9610568760611206,0.9609771953073792,0.3320053329593257,0.9354440789473685,0.9290723912118016,0.9354440789473685,0.9351608195243721,0.45233066432816643,0.8687142857142857,0.8698491650833005,0.8687142857142857,0.8713858595081827
205,0.2850037403341465,0.9610369800509337,0.957179351478658,0.9610369800509337,0.9609526326192961,0.3311345004721692,0.9364720394736842,0.9299327788689024,0.9364720394736842,0.9361804314449619,0.4536360783236367,0.8681428571428571,0.8691032871657413,0.8681428571428571,0.8706828942980239
206,0.2846218827726076,0.9610834040747029,0.9572693274885241,0.9610834040747029,0.9610192181009173,0.3314518269739653,0.9370888157894737,0.931043004564453,0.9370888157894737,0.9368485104026271,0.44920650172233584,0.8691428571428571,0.8702628285519575,0.8691428571428571,0.8718487785682661
207,0.28444102793577775,0.9598697474533107,0.9559981239231614,0.9598697474533107,0.9597753009564878,0.33062511211947393,0.9360608552631579,0.929488271400307,0.9360608552631579,0.935804140179488,0.45727315051215034,0.8670714285714286,0.8683752807231917,0.8670714285714286,0.870014250567286
208,0.285034975318431,0.9606788518675722,0.9570708857656376,0.9606788518675722,0.9605855105164722,0.33163666489877197,0.9377055921052632,0.9313595734817481,0.9377055921052632,0.9374273464900286,0.452491692849568,0.8683571428571428,0.8693259429131531,0.8683571428571428,0.8709491049867433
209,0.2831858905041764,0.9619190365025467,0.9582393866805259,0.9619190365025467,0.9618513551591448,0.32993422919198084,0.9385279605263158,0.9321734070204302,0.9385279605263158,0.9382957967894047,0.4474681713921683,0.8698571428571429,0.8708260720097254,0.8698571428571429,0.8724252423022769
210,0.28602324800600626,0.9606589558573854,0.957057214587187,0.9606589558573854,0.9605879627057032,0.33219316444898905,0.9377055921052632,0.9312392458554702,0.9377055921052632,0.9374512727675034,0.45411821842193606,0.8685714285714285,0.8697741085295665,0.8685714285714285,0.8713519550907154
211,0.2835006933969229,0.9624960207979627,0.9586554707429574,0.9624960207979627,0.9624122902357558,0.3306576711566825,0.9370888157894737,0.9301812697431743,0.9370888157894737,0.936832627736807,0.4510797699519566,0.8686428571428572,0.8695978661833719,0.8686428571428572,0.8711665668483319
212,0.28274583467400943,0.9612624681663837,0.9578199467255912,0.9612624681663837,0.9611969285531116,0.3294479156795301,0.9350328947368421,0.929055939403035,0.9350328947368421,0.9347724336831206,0.44595231509208677,0.8696428571428572,0.8709890599447702,0.8696428571428572,0.8725116574302955
213,0.2817768301745222,0.9617532364176571,0.9580043744175045,0.9617532364176571,0.9616853301259558,0.32832895140898855,0.9385279605263158,0.9321800489034626,0.9385279605263158,0.9382815886344643,0.44735310912132265,0.8695,0.8704444912656394,0.8695,0.8720676733202711
214,0.27930869296167826,0.9618062924448217,0.9582778415982078,0.9618062924448217,0.9617463190720985,0.3255708986207059,0.9399671052631579,0.933935236509502,0.9399671052631579,0.9397575246794722,0.4444043779713767,0.8707857142857143,0.8719893833351102,0.8707857142857143,0.8735571304892074
215,0.2823605797489147,0.9617532364176571,0.9582341359355429,0.9617532364176571,0.9616766439579557,0.3283287482826333,0.9366776315789473,0.9308513783173584,0.9366776315789473,0.9364264486704085,0.4466611203466143,0.8713571428571428,0.872264749252101,0.8713571428571428,0.873839565408481
216,0.28486945172724376,0.9615675403225806,0.9580286094915758,0.9615675403225806,0.9614800382484086,0.3312836289405823,0.934827302631579,0.9279953927056702,0.934827302631579,0.934522279930707,0.4541918066910335,0.8667857142857143,0.8679977283518095,0.8667857142857143,0.869648910356049
217,0.28277511909882364,0.9623302207130731,0.9588028321868498,0.9623302207130731,0.9622491068752916,0.3293859001837279,0.9379111842105263,0.9310597383379889,0.9379111842105263,0.9376637134265817,0.44707869591031757,0.8705,0.8715699197960921,0.8705,0.8731005549500324
218,0.27971441299988176,0.9612226761460102,0.9580962827415481,0.9612226761460102,0.9611557531395404,0.3276813618446651,0.9354440789473685,0.9289504755944733,0.9354440789473685,0.9351639437187702,0.44527215555736,0.8715714285714286,0.8725664712735959,0.8715714285714286,0.8741123852058175
219,0.278047385057893,0.962522548811545,0.9589280045731557,0.962522548811545,0.9624487795093857,0.32653105023660156,0.9370888157894737,0.930216366321179,0.9370888157894737,0.9368424718571584,0.44812400831495014,0.8693571428571428,0.8703158412539468,0.8693571428571428,0.8719139847259165
220,0.27953411332617795,0.9613951082342954,0.9579614808711352,0.9613951082342954,0.961325479163331,0.3265812232306129,0.9360608552631579,0.9298862221377032,0.9360608552631579,0.935784070796436,0.44751629195894516,0.8698571428571429,0.8710470146299512,0.8698571428571429,0.8726449828290215
221,0.27937275431860487,0.9624960207979627,0.9589801422525145,0.9624960207979627,0.9624256545646299,0.32647687510440226,0.9360608552631579,0.9289720936124798,0.9360608552631579,0.9357887828678259,0.4449476786000388,0.8705,0.8715818822426058,0.8705,0.8731524010470475
222,0.2804008448316205,0.9626087648556876,0.9588903318612292,0.9626087648556876,0.9625209420681139,0.3274795334590109,0.9366776315789473,0.930196986463913,0.9366776315789473,0.9363682387180491,0.4456696825027466,0.8698571428571429,0.8710388940132534,0.8698571428571429,0.8726029180216165
223,0.2782774964293721,0.9625623408319185,0.9589383071420183,0.9625623408319185,0.9625018512430517,0.325376600811356,0.9381167763157895,0.9315627643122454,0.9381167763157895,0.9379047746264011,0.4428104261330196,0.8707142857142857,0.8716977472775419,0.8707142857142857,0.873239754014139
224,0.28054120056394405,0.961978724533107,0.9586035338755142,0.961978724533107,0.9619229172728768,0.3285410568902367,0.9368832236842105,0.9305717106588383,0.9368832236842105,0.936651106038303,0.44192162013053893,0.8718571428571429,0.8729176812727241,0.8718571428571429,0.874456699502548
225,0.27815009587790646,0.9624827567911715,0.9586911835360015,0.9624827567911715,0.9624271393872875,0.32592671090050745,0.9366776315789473,0.9292977973745126,0.9366776315789473,0.9364473478143485,0.4483076980795179,0.8692857142857143,0.8703053072941968,0.8692857142857143,0.8718542316684351
226,0.27721265674345763,0.9622837966893039,0.9587738035481219,0.9622837966893039,0.9622323400604673,0.3256781603160657,0.9360608552631579,0.9292021700607893,0.9360608552631579,0.9358094570348353,0.44263880157470703,0.8713571428571428,0.8725135233137342,0.8713571428571428,0.8740309028206115
227,0.27731781697030383,0.9621511566213922,0.9586409051536634,0.9621511566213922,0.9620645686429576,0.32571958789699956,0.9356496710526315,0.9294372876285559,0.9356496710526315,0.9353537928110498,0.4414775970663343,0.8707857142857143,0.8721447024338378,0.8707857142857143,0.8736273667525477
228,0.27825783787639924,0.9614282682512734,0.9583963992942325,0.9614282682512734,0.9613730637132994,0.32598911774785894,0.936266447368421,0.9301403283247757,0.936266447368421,0.9359794956945595,0.4409293110370636,0.8726428571428572,0.8737445982014442,0.8726428571428572,0.87527713863771
229,0.278257572109509,0.9629668930390493,0.959581022315569,0.9629668930390493,0.9629037847990461,0.3265366217023448,0.9358552631578947,0.9289082499488138,0.9358552631578947,0.9355469699519295,0.4385522322995322,0.8731428571428571,0.8741133607982912,0.8731428571428571,0.8755930011629768
230,0.2776595827932066,0.9626485568760611,0.9595649311375632,0.9626485568760611,0.9625872244294678,0.32526834152246775,0.9375,0.931430182610898,0.9375,0.9372426113917363,0.4374837454046522,0.8742857142857143,0.8751831374140666,0.8742857142857143,0.876666475323688
231,0.27797193681040117,0.9632520691850595,0.9599055130804249,0.9632520691850595,0.9631739924292327,0.3263526025571321,0.9370888157894737,0.9302307348133201,0.9370888157894737,0.9367982256977349,0.43657137148720876,0.8744285714285714,0.8754686113074873,0.8744285714285714,0.8768977572897966
232,0.27666587497665845,0.9628607809847198,0.9596076447463686,0.9628607809847198,0.9627913270107775,0.3250927038882908,0.9358552631578947,0.9298543463460536,0.9358552631578947,0.9355740952203238,0.44371534255572725,0.872,0.872805473422064,0.872,0.8743806639164353
233,0.27606464542941855,0.9627878289473685,0.9595384817146885,0.9627878289473685,0.9627232502954302,0.32538386630384547,0.936266447368421,0.9298434264852722,0.936266447368421,0.9359764090769417,0.44374193038259235,0.8717857142857143,0.8728137401358227,0.8717857142857143,0.8743462217762116
234,0.2752686298510822,0.9636897814091681,0.9603265017549287,0.9636897814091681,0.9636311197335672,0.3246148573724847,0.9370888157894737,0.929776532208877,0.9370888157894737,0.9368036590921174,0.4361639446531023,0.8748571428571429,0.8757321133066363,0.8748571428571429,0.8772366984538155
235,0.2750260463847774,0.9635770373514432,0.960076277267417,0.9635770373514432,0.9634959294072148,0.324718818852776,0.9379111842105263,0.930987392546602,0.9379111842105263,0.9376296826686283,0.4420039999485016,0.8705,0.871425478766357,0.8705,0.8729896170056818
236,0.27353925532416296,0.9630066850594228,0.9597554631449287,0.9630066850594228,0.9629310989433114,0.32206070344699056,0.9360608552631579,0.9291713316483172,0.9360608552631579,0.9356936341776672,0.43993115081105916,0.8725,0.8733759236099428,0.8725,0.8749381606226334
237,0.27348325762056536,0.9640213815789473,0.960767357528894,0.9640213815789473,0.963961397343503,0.32267405092716217,0.9383223684210527,0.9317799905347544,0.9383223684210527,0.9380576402543311,0.42973266121319365,0.8757142857142857,0.8764359354243962,0.8757142857142857,0.8779228486514925
238,0.2749962651871259,0.9632852292020373,0.960144315175745,0.9632852292020373,0.9632190049563442,0.32345230328409297,0.9366776315789473,0.9308295428762534,0.9366776315789473,0.936371484156718,0.43433756133488244,0.8753571428571428,0.8761050038118547,0.8753571428571428,0.8775751996427184
239,0.2741467038166341,0.9641208616298812,0.9605682007079104,0.9641208616298812,0.9640707676226049,0.3235302802763487,0.9368832236842105,0.9296876027841003,0.9368832236842105,0.9366400279505243,0.43327147034236363,0.8759285714285714,0.8765675024101173,0.8759285714285714,0.8779689253166696
240,0.27577143067617366,0.9634510292869269,0.9600661762722528,0.9634510292869269,0.9633858635804569,0.3241020072447626,0.9377055921052632,0.9316279175365647,0.9377055921052632,0.937466460126454,0.4421893924985613,0.8723571428571428,0.8732634872038227,0.8723571428571428,0.8747683801441501
241,0.2743736273768802,0.9633648132427843,0.9601927727297677,0.9633648132427843,0.9633133097331422,0.321844377800038,0.9364720394736842,0.930341062936011,0.9364720394736842,0.9362627130111413,0.437292608329228,0.8730714285714286,0.8740944394149182,0.8730714285714286,0.8756064683672107
242,0.2744291179856137,0.9639285335314092,0.9607809759164713,0.9639285335314092,0.9638577531788107,0.3222622965511523,0.9377055921052632,0.932550335001317,0.9377055921052632,0.9375094964211922,0.4428924251965114,0.8706428571428572,0.8716693096695552,0.8706428571428572,0.8731482473802646
243,0.27300626924972987,0.9640280135823429,0.9607800258092685,0.9640280135823429,0.963942937608223,0.32092675096110296,0.9389391447368421,0.9327243088347992,0.9389391447368421,0.9386058678741334,0.44032284668513705,0.8725,0.873201594727633,0.8725,0.87477839773479
244,0.2728145771196621,0.9639484295415959,0.960502280408672,0.9639484295415959,0.9638819860549852,0.32246019808869614,0.9375,0.9311728029834798,0.9375,0.9372191848337588,0.44080907460621427,0.8722857142857143,0.873203532115299,0.8722857142857143,0.8747359142068929
245,0.27451251604055105,0.9643662457555179,0.9609517185130269,0.9643662457555179,0.9643063839082457,0.3230919265433362,0.9383223684210527,0.9315685680303233,0.9383223684210527,0.9381065648311795,0.43383686794553483,0.8752142857142857,0.8758975119237024,0.8752142857142857,0.877384139888925
246,0.2705817237774666,0.9644325657894737,0.961175413354819,0.9644325657894737,0.9643639106844776,0.31963475989667994,0.938733552631579,0.9315520137231708,0.938733552631579,0.9384561214067283,0.43396621217046466,0.8737142857142857,0.8746607699991283,0.8737142857142857,0.8761265469220693
247,0.2710044937040688,0.9638555814940577,0.9606715049333696,0.9638555814940577,0.9638009157226533,0.31904686830545725,0.9372944078947368,0.9307912498398011,0.9372944078947368,0.9370265436791483,0.43287763925961087,0.8757142857142857,0.8763710128834468,0.8757142857142857,0.8778758088671149
248,0.2703509785374073,0.9641672856536503,0.960867934621685,0.9641672856536503,0.9640925093109199,0.3187537648175892,0.9366776315789473,0.9306636306234572,0.9366776315789473,0.936426164364882,0.4342218792097909,0.874,0.8748144168764831,0.874,0.8762909688021792
249,0.2718016517384955,0.9642004456706282,0.960975038835317,0.9642004456706282,0.9641426801549653,0.32037347163024704,0.9385279605263158,0.9323933503259688,0.9385279605263158,0.9382989800291337,0.43619351261002676,0.8748571428571429,0.8755708728126953,0.8748571428571429,0.8770576017611117
250,0.270941857267519,0.9636367253820034,0.9604476649978538,0.9636367253820034,0.9635842299924944,0.32034308424121455,0.9364720394736842,0.9298179875791078,0.9364720394736842,0.9362218228226008,0.4339651447023664,0.8745714285714286,0.875468622200508,0.8745714285714286,0.8769391055179308
