global_round,train_loss,train_mape,train_r2,train_mse,train_mae,dev_loss,dev_mape,dev_r2,dev_mse,dev_mae,test_loss,test_mape,test_r2,test_mse,test_mae
1,19931642207.085712,1.0026267317946371,-0.23561853035583868,19931641939.926037,61733.46588946578,19886459203.36842,1.002533402059453,-0.2382978895932395,19886458602.46417,61944.65079515057,131720562.5375205,0.999497462373079,-0.09156011549149201,131720561.66052546,3326.638531652433
2,19915843677.622856,1.0007926569859231,-0.23463914174373812,19915843517.794243,61708.00237100033,19870718329.263157,1.0006158908880096,-0.237317749951939,19870718039.094753,61919.063112063086,131594638.46159667,0.9854910260559472,-0.09051653390588643,131594630.7560854,3308.5400908526126
3,19893604036.022858,0.9941000910839547,-0.23326042704272565,19893603605.48896,61661.857664806426,19848556166.736843,0.9939011215352967,-0.2359377414380226,19848555777.159492,61872.809542811316,131343695.22436625,0.958396357795073,-0.08843702013847965,131343692.01479556,3272.469249721974
4,19865061335.04,0.9865626045456697,-0.23149099180393518,19865061018.3158,61604.484622986485,19820104057.263157,0.9863261254127438,-0.23416610221352085,19820104117.51229,61815.2776430311,131047923.91348216,0.9303537064047732,-0.08598608321789714,131047932.9602168,3230.889279236242
5,19830262590.90286,0.9784395896292906,-0.22933372619116787,19830262377.225,61536.05622436332,19785515439.157894,0.97815307372481,-0.2320122859128826,19785514880.899746,61746.77066477584,130712090.71181738,0.9083341476779276,-0.08320302972098381,130712096.78908695,3189.879028599114
6,19790781802.78857,0.9707519205846441,-0.2268862004749419,19790781578.729263,61458.026812876335,19746356816.842106,0.9708785017773617,-0.22957394729990055,19746356355.077023,61669.266991589415,130316797.30911842,0.8910410409514127,-0.07992713639780025,130316788.73198062,3149.514822536646
7,19743808125.805714,0.9560463202601001,-0.22397417987388923,19743808058.572395,61350.727271353004,19699693675.789474,0.9565300850366821,-0.2266683497530133,19699693879.256626,61562.208890231035,129799056.12561484,0.8636559730499834,-0.07563680780002668,129799066.90925492,3093.3960958993935
8,19692679893.577145,0.9465427676661402,-0.2208045984400966,19692679849.755714,61247.02374283595,19648395802.94737,0.9472796704776416,-0.22347409622464176,19648395729.520943,61458.08092014178,129354000.07264473,0.8508824429247283,-0.07194854675471363,129353997.68260905,3053.3782060738395
9,19636433884.89143,0.9265175532097809,-0.21731775083755767,19636433851.330227,61113.4035990228,19592733426.526318,0.9279451208573803,-0.2200080941316862,19592733430.717983,61325.18267226533,128788436.5584563,0.8311062597523023,-0.06726182032984673,128788441.80687542,2996.6132945112327
10,19571797629.805714,0.9091583529810948,-0.2133107819221982,19571797826.76174,60970.523510669984,19528244709.05263,0.9110783986565928,-0.21599249521606811,19528244875.685577,61182.450872142064,128288489.06318577,0.822402060528405,-0.0631187343422348,128288488.02004218,2950.692216588113
11,19509351453.25714,0.8859224474051158,-0.20943956242025474,19509351562.734463,60816.012642319205,19466282307.36842,0.8887284131363998,-0.2121341827569072,19466282264.23376,61028.540766791295,127768161.01954849,0.8155856807813983,-0.05880691018374806,127768172.28857046,2900.445025232945
12,19436742416.091427,0.8644609902431539,-0.2049383123112547,19436742336.463955,60648.3449486317,19394012483.36842,0.8685358977210414,-0.20763405640862587,19394012435.5576,60861.85651277241,127343595.44709295,0.8248240520098686,-0.05528845112949776,127343593.37969679,2865.454828699896
13,19362857340.342857,0.840380787282139,-0.20035796657711025,19362857226.382496,60472.43477598463,19321226024.42105,0.8452643915786898,-0.20310177957704556,19321226285.840637,60687.134605037536,126964611.46121831,0.8498371394451573,-0.052147871699228965,126964613.8982889,2842.3347740062686
14,19281942182.765713,0.8165313737349502,-0.19534181639568482,19281942197.2883,60290.67219934668,19240855713.68421,0.822934337516194,-0.19809719685920024,19240855134.53897,60506.945192700936,126742272.35817884,0.8865045714244274,-0.05030524837995398,126742261.16196306,2834.706280700014
15,19198545867.337143,0.7908399465451984,-0.190171846875957,19198545923.45784,60092.47107161931,19158518837.894737,0.7981349246723629,-0.1929702302663041,19158518558.047394,60310.06963978943,126551295.36889897,0.9390798669325884,-0.048722692822597,126551291.27957578,2835.0033419615443
16,19108208136.77714,0.7552360418248764,-0.1845715647741406,19108208319.356163,59865.1200472062,19068352619.789474,0.7639223017274313,-0.18735573353112223,19068352485.863796,60083.170895695686,126460466.44192205,1.0102170956036407,-0.04797003464301586,126460466.63625492,2845.8956672629006
17,19018109946.14857,0.7233693566340558,-0.17898614037143368,19018110383.34899,59646.891096208434,18979454059.789474,0.7331392381023418,-0.18182018786382836,18979454329.224884,59866.40511758076,126514180.2161685,1.0879343440137035,-0.04841510594843346,126514174.20718627,2867.615127269039
18,18926963524.754284,0.6995454978551946,-0.17333569607354216,18926963617.757317,59434.29266006401,18890799265.68421,0.7110288274479482,-0.1762997564159794,18890798899.559692,59657.51267036011,126824662.57232942,1.1953143146348404,-0.05098812109245365,126824664.66494614,2920.9769144855663
19,18825322437.485714,0.721665997379326,-0.1670346725538583,18825322422.223267,59236.23476265499,18789710039.57895,0.7329171441566162,-0.1700051168008634,18789710065.30144,59458.57690737122,127132308.96783957,1.3102220582311461,-0.053537501206179616,127132303.04024069,2969.1965935377893
20,18721508112.091427,0.7311754968696113,-0.16059892954442967,18721508079.746246,59037.69944103786,18687985610.105263,0.7451417004643724,-0.16367090430588682,18687985709.943024,59264.475815308724,127899844.61142641,1.4411451276746023,-0.05989807307195627,127899844.916086,3052.740494003421
21,18620882095.54286,0.7513260347984156,-0.15436084950967066,18620882219.425415,58831.01996627263,18587324577.68421,0.7677451160354174,-0.15740290401643486,18587324690.228806,59058.433807536174,128690947.57901375,1.6030068079964042,-0.06645388672370434,128690946.97642572,3157.537144168657
22,18509078165.21143,0.7679324550679951,-0.14742980372330772,18509078196.18595,58621.24418881825,18477507476.210526,0.783718518599362,-0.15056475914166412,18477507427.264355,58849.62572286004,129881144.82936057,1.7583125744109247,-0.07631697789112035,129881144.28195484,3269.8595920446796
23,18394959011.84,0.7864017969036481,-0.1403552317631538,18394958966.24253,58401.10058506693,18363766406.736843,0.8035469461338973,-0.14348228985464928,18363766433.709316,58629.90362087049,131243277.45163324,1.9205875861713384,-0.0876048898544417,131243277.32683416,3389.744887041315
24,18288367060.114285,0.7935330228201052,-0.13374729023810006,18288366906.313316,58175.52098592758,18259251415.57895,0.8126169493194745,-0.13697431446549557,18259251531.237206,58407.02024459839,132869806.68028755,2.102968181190654,-0.10108385039657586,132869808.22331212,3530.8823521922345
25,18170978807.22286,0.8171685518552041,-0.12647008673969462,18170979046.799404,57951.075000190736,18141867654.736843,0.8389769481874837,-0.12966500760317712,18141867637.1421,58184.23882557217,134946945.84739563,2.2933113306779083,-0.11829694162268534,134946943.5198836,3689.484780469267
26,18052253742.811428,0.8302277154967755,-0.11910997701440262,18052253835.029686,57709.66557823862,18026005072.842106,0.8547999002924255,-0.1224504290563928,18026005033.47411,57947.844791977026,137322293.3762139,2.496266072207878,-0.13798135012190338,137322297.20556194,3857.915525188391
27,17928676158.90286,0.8681203832599182,-0.11144905138499728,17928676191.264713,57497.0868536881,17905398137.263157,0.8917124960574675,-0.11494043240428886,17905398159.488586,57736.21558220763,139846141.45743474,2.69842199178827,-0.1588962321728875,139846134.39210007,4031.8278383372153
28,17811527808.73143,0.8964569217334182,-0.10418668278861531,17811527632.10774,57261.0467144244,17785740988.63158,0.9223660323801165,-0.10748956706231083,17785740905.42959,57496.90475226704,142809500.85357547,2.935208734982058,-0.18345355038965727,142809511.03300336,4239.372956011211
29,17673808831.634285,0.9224633807891772,-0.09564909946093114,17673808708.557217,57029.91772395679,17652950986.105263,0.949073127088629,-0.09922095619385951,17652951058.077625,57271.05363573526,146570343.07277083,3.1297992009266484,-0.21461934929515158,146570345.16221875,4422.826439755368
30,17559177058.01143,0.9586145617727679,-0.08854276860722177,17559177179.000927,56800.498601868494,17542649909.894737,0.9848111383348757,-0.09235268596287427,17542649996.623104,57044.090761950145,150111242.4956489,3.377646810941004,-0.24396258572600638,150111247.33403313,4646.007646444963
31,17413431828.48,0.9995082729244618,-0.07950760344425323,17413431811.42011,56534.01473859106,17395989342.31579,1.0379875981528868,-0.08322034446880622,17395989057.771786,56786.80357040857,154757820.4762265,3.637367851961182,-0.28246837397984725,154757811.44350815,4892.891641775346
32,17266977160.045715,1.0345056363166778,-0.07042847289497844,17266977242.482983,56270.569703844616,17250453773.473682,1.0701321363132403,-0.07415809398555728,17250453746.281036,56519.37247844746,160050795.7296002,3.8846558376504805,-0.3263309570731585,160050789.8135826,5136.653056404151
33,17153048505.782858,1.054883997701763,-0.06336570530684371,17153048427.712717,56050.91963604382,17138670645.894737,1.094587464729805,-0.06719752955415315,17138670485.09792,56304.33050106701,164480404.8157397,4.095295574174077,-0.36303887317400085,164480401.39206472,5342.473845238553
34,17016009534.902857,1.0881507114659608,-0.05487027597939842,17016009486.226606,55782.129363279346,17005386752.0,1.137849725689573,-0.0588981599554228,17005386667.57812,56048.359321882854,170235979.12574095,4.365779201469185,-0.4107349565275531,170235975.27129933,5612.352134932635
35,16879362638.994286,1.130039884430092,-0.046399153992431996,16879362644.077822,55528.00186312948,16872139614.31579,1.1698005022172724,-0.05060107304916772,16872139508.983276,55787.003088486825,176563912.86770085,4.62849257382784,-0.46317415185578303,176563909.17400548,5875.607878811168
36,16729688543.817142,1.1752355241607126,-0.037120436344163954,16729688555.1228,55253.92971647944,16721605793.68421,1.2143817042505531,-0.041227590611780274,16721605964.495642,55507.59013902514,183464208.45100266,4.902870012745778,-0.5203564730300303,183464204.77406317,6154.6791364054225
37,16585954590.72,1.2143462693581246,-0.028209957602049585,16585954492.02972,54982.08031114715,16578286592.0,1.2598497842417122,-0.032303322035653226,16578286574.962708,55240.55290273616,191008760.49741456,5.193933741270257,-0.5828777266550544,191008759.14750713,6456.749268655804
38,16432665482.971428,1.2728765350359579,-0.018707138644046717,16432665446.715464,54732.76347204617,16424470635.789474,1.319681346140579,-0.022725459175315654,16424470780.820679,54990.02766570292,198990826.3448102,5.464995988834924,-0.6490245046078873,198990812.19280195,6738.837574279839
39,16283264895.268572,1.291286033370494,-0.009445380738130948,16283264933.709372,54430.26088639532,16281900517.052631,1.3468202623843464,-0.013847839858305955,16281900555.578558,54703.63021375004,208680388.6452264,5.782734284147419,-0.7293213480241625,208680379.59660608,7075.549693840451
40,16131820678.582857,1.344322056260949,-5.692561458503498e-05,16131820680.24897,54244.26866215433,16136052628.210526,1.3979831418459134,-0.004766129955457998,16136052735.32434,54521.35768439895,218129333.11539918,6.059545340369,-0.8076242962844262,218129340.01402926,7368.93330727196
41,15997729557.942858,1.4278342326842512,0.008255761467672706,15997729536.087757,54092.53983742442,15993972843.789474,1.494519019199961,0.004080971003161071,15993972619.99507,54367.21368409458,226944417.40850043,6.356802252453419,-0.8806742092790101,226944407.0289747,7683.098910422776
42,15830396600.32,1.495391493218202,0.0186291987629551,15830396631.330898,53883.675076415195,15836404843.789474,1.5565561035057798,0.013892464185877862,15836404837.116468,54161.83349329547,239135019.39311388,6.707389221584027,-0.9816971360095923,239135028.92940098,8059.873367961952
43,15665142743.04,1.5356949559245014,0.028873750259651665,15665142770.814186,53643.212722496304,15674460914.526316,1.6045015380109529,0.02397645422746697,15674460887.930223,53929.5669681273,250776888.96758735,7.008999673768712,-1.078172517567535,250776890.21113518,8394.953678496264
44,15526198892.251429,1.630202500753253,0.03748727751976055,15526198803.100428,53524.76860522815,15534774487.578947,1.6928420187322486,0.03267449426759972,15534774618.063856,53800.00571729008,262126173.82469416,7.340780720685656,-1.1722232716203473,262126167.24371922,8750.190645161847
45,15346757140.48,1.71112044215238,0.04861137210561939,15346757118.839384,53305.302901465555,15356548796.631578,1.7787855387485485,0.043772320795847586,15356548950.648865,53582.69017767906,276198954.88661873,7.632713310932069,-1.28884357645468,276198953.3741316,9077.784976246709
46,15188944784.822857,1.7597685499496285,0.05839459974952921,15188944828.375399,53061.68144962992,15202827371.789474,1.8328540894145435,0.05334432460577254,15202827249.991497,53347.84357729711,290429208.98776644,7.991879718265473,-1.4067688588481055,290429213.54064935,9470.952043440711
47,15034913241.965714,1.8582774596429,0.06794345173929572,15034913228.717724,52924.13787490981,15049121091.368422,1.9442819019045847,0.06291536373600559,15049121041.61827,53218.02486225178,304945262.3352251,8.338085955049316,-1.527062502937341,304945268.257884,9854.75566520792
48,14879147552.182858,1.9079846126576905,0.07759980356179985,14879147559.748127,52682.171347526826,14894915098.947369,1.9872144761524464,0.07251752952250912,14894914954.36569,52967.16666960716,321372935.2200782,8.70489449973774,-1.6631974910384497,321372927.0188061,10255.28770197564
49,14707514713.234285,1.9812766491465437,0.08823980564989808,14707514724.330091,52478.82262015888,14725446009.263159,2.0555507997926417,0.08307009017933964,14725445990.220896,52757.56396124238,337072383.74574345,8.985119724859754,-1.7932979356201626,337072386.3425568,10572.113639901785
50,14542850574.62857,2.06327160770001,0.09844779237116108,14542850686.63786,52263.35764185905,14559106694.736841,2.155954503138618,0.09342776215599724,14559106842.982775,52553.85212016106,355365204.1306596,9.394307656822209,-1.9448893700929712,355365202.8428119,11027.592488129512
51,14355046095.725714,2.096958432537953,0.11009032847084943,14355046072.907421,51953.75982278687,14383200094.31579,2.1878569411300908,0.10438119590082695,14383200053.064121,52256.99175057913,376878789.35956615,9.743224673407932,-2.123171236452894,376878802.72387934,11428.95230479342
52,14209334944.914286,2.192337451221605,0.11912336733136764,14209335004.503942,51816.53217944145,14242025957.052631,2.293014678128987,0.11317189335081934,14242025750.50314,52130.30725671116,393676650.93303066,10.082619772223175,-2.262374040399567,393676660.4509545,11814.461882224765
53,14023002989.714285,2.2748327150941234,0.13067461016790405,14023003033.492893,51611.774869255336,14066702821.052631,2.3576287406736163,0.12408897911391958,14066702691.397581,51920.56764282678,416757320.2976416,10.482415784383665,-2.4536419530959774,416757310.36702764,12273.303691847175
54,13844641130.788572,2.3698799697212096,0.14173176799875054,13844641099.495178,51437.83330261367,13881835573.894737,2.4713228822758024,0.13560036065492387,13881835532.698353,51752.190666913986,438715563.4092572,10.858925054042066,-2.635608706566576,438715572.3358587,12702.389338866325
55,13684759932.342857,2.4394688318096707,0.1516432474810242,13684759991.141527,51264.420173357554,13730898997.894737,2.5395716335282197,0.14499894127219182,13730898923.714375,51586.07960521548,462325052.97717243,11.253402933933494,-2.8312590037738965,462325052.63057715,13148.071858323678
56,13507436737.097143,2.576900877519963,0.16263601011807338,13507436809.731188,51178.327595254355,13544057317.052631,2.696424729113351,0.15663326902353591,13544057308.995478,51502.66229088683,485486463.2331946,11.659908357008756,-3.0231963090920804,485486479.3823556,13619.438134168282
57,13338061086.72,2.647120295155894,0.17313608602716546,13338061109.852526,50988.95116290092,13392895029.894737,2.7667801458062327,0.16604589991674767,13392895059.45016,51336.52032883544,510589980.3919788,12.021309808157769,-3.2312274851672305,510589983.0434253,14027.372789956173
58,13167016720.091429,2.7751108059054697,0.18373960723579053,13167016743.94142,50879.135045685085,13212711936.0,2.913846385402957,0.1772656137898796,13212711940.876953,51227.34496659981,537754402.7968218,12.470056582165952,-3.4563372229015075,537754388.0714172,14548.985732137367
59,12999901435.61143,2.836662683939146,0.1940995558003803,12999901424.583117,50686.953413408824,13040946337.68421,2.9628431507944697,0.18796116327355872,13040946646.09182,51014.480976719606,563411226.1198133,12.833326731140856,-3.6689538848329937,563411230.7230849,14961.175878056423
60,12815004086.857143,2.976568205563002,0.20556186153297118,12815004089.317215,50519.40758367947,12859609034.105263,3.1146677068684285,0.19925276401739966,12859609059.526354,50855.88469135134,594515866.2610669,13.283810455082987,-3.926716244237764,594515887.5109988,15483.012840891624
61,12613707723.337143,3.0596053615949867,0.21804078838746488,12613707737.937096,50308.63189188957,12664671339.789474,3.204432158066493,0.21139122663759102,12664671285.326248,50657.25410894344,625780517.6420734,13.662860157085625,-4.185804419547374,625780532.9364284,15926.570529637052
62,12473357838.62857,3.170628967720042,0.22674147764415153,12473357768.56192,50227.08737075397,12527683584.0,3.3182348638985446,0.21992121318042612,12527683872.451479,50580.22196740853,653647052.3697819,14.076382513946958,-4.41673262687517,653647063.3645575,16424.468675978806
63,12284979913.874287,3.2207161198722054,0.23841954356484796,12284980026.755846,49969.576513308115,12342636382.31579,3.3557644687748147,0.23144382700569277,12342636328.759375,50318.915418436656,688806097.9997478,14.494541357212732,-4.708093467314477,688806110.497081,16907.539662182535
64,12098297042.651428,3.3348586461399514,0.24999254461916098,12098297076.057037,49790.87096382822,12160162923.789474,3.478347084832677,0.24280614074821127,12160163126.012474,50144.42195843395,723741839.667045,14.902123904198453,-4.997603665805553,723741837.270612,17374.546777700925
65,11922787901.44,3.469139324954651,0.26087285228673396,11922787894.785822,49656.53113394192,11985450307.368422,3.626095827410449,0.2536852241895503,11985450365.61198,50023.86565721662,762969344.088788,15.45800498932087,-5.322679574075959,762969343.4903711,18033.22727031999
66,11723580413.074286,3.5438194322660497,0.2732222855593448,11723580391.738903,49404.83401107379,11782460954.947369,3.7054431429620602,0.2663250417567714,11782461076.115726,49768.22565863007,796217043.4526422,15.740700069642852,-5.598201314548947,796217057.372301,18363.911021719123
67,11586557682.834286,3.6335261187885126,0.28171670863231446,11586557682.04555,49229.5229979338,11648197847.578947,3.7751012615388393,0.274685397615572,11648197849.080332,49575.08662957894,832202590.3332072,16.25933299597892,-5.896411169805033,832202587.6876414,18950.88362944275
68,11363053459.748571,3.696522478355323,0.29557236194405356,11363053490.526342,48964.329039891105,11443258853.052631,3.8340950626286854,0.2874466226186362,11443258815.530394,49336.108956399716,877816570.5274309,16.632405527149103,-6.274411390974492,877816567.8373513,19408.938587163222
69,11225126596.022858,3.824139674257993,0.30412284096596043,11225126547.790691,48892.50929755756,11314367973.052631,3.9605622372213913,0.2954724545100802,11314367879.834812,49273.38250894295,913334793.7101778,17.083823888833408,-6.5687486298979465,913334782.4353158,19936.408203740815
70,11043543636.845715,3.9126262312572884,0.31537967478229256,11043543659.955748,48685.03696998188,11134674566.736841,4.043299242446545,0.3066616693757781,11134674560.407553,49066.9158702775,955170565.916509,17.531267864934524,-6.915439327429341,955170584.9286605,20456.704887344913
71,10860112682.422857,4.035189407990239,0.326751072777122,10860112748.536783,48484.429646874836,10941051634.526316,4.2013404847012605,0.31871826670196224,10941051502.79861,48869.653491785655,1002198390.2898222,18.007371033668413,-7.305155897065491,1002198398.3421006,21007.095864838528
72,10668796492.068571,4.187171715019377,0.3386113056489475,10668796489.41813,48360.61803030423,10751742329.263159,4.3695290687334385,0.33050623269194146,10751742533.093447,48759.97397634858,1050514213.9689747,18.505112122872813,-7.705546252383455,1050514237.0553836,21611.886916427236
73,10506239716.205715,4.24645199060526,0.34868866008279586,10506239668.406918,48068.73307701792,10596403577.263159,4.432314144403726,0.34017894388428394,10596403521.118471,48479.70334305261,1097603754.747383,18.973569992950146,-8.09577428603241,1097603769.7695565,22150.94391016167
74,10315167126.674286,4.345677920741975,0.36053377905637085,10315167210.10611,47886.21914342199,10412688491.789474,4.536263574195338,0.3516185877232737,10412688434.835209,48311.71850336225,1142486840.178585,19.351350279269955,-8.467717634638538,1142486855.9953992,22610.782227547807
75,10114166532.38857,4.467301884970649,0.3729943778317487,10114166507.18173,47637.496602168765,10208616394.105263,4.673352441056621,0.3643258243746583,10208616427.813955,48070.52830807786,1199242130.7181234,19.875249408633014,-8.938045105524587,1199242134.7475824,23231.02193182759
76,9938999702.674286,4.6261523937767395,0.3838534621399484,9938999677.849562,47498.91463749068,10038769906.526316,4.873602026007774,0.3749018895565448,10038769992.490032,47963.717025568614,1254513052.3475847,20.34291334225966,-9.396071869722519,1254513064.6574204,23780.826842499646
77,9760823023.908571,4.6591137640039415,0.3948991353441722,9760823001.243214,47279.852775918414,9885865822.31579,4.847409281484387,0.3844229821570756,9885865900.960909,47738.09418197682,1310411512.9776769,20.87681972981182,-9.859298749155705,1310411502.01258,24418.799316221506
78,9597574038.674286,4.805214181786254,0.4050193957283158,9597574068.534607,47201.37632274764,9735087400.421053,5.005613625569361,0.39381170382801156,9735087621.834183,47682.21337701145,1368127035.1973767,21.396146638150046,-10.337583835677977,1368127040.8422484,25037.42386741412
79,9397156486.582857,4.9042277952773095,0.4174438469927786,9397156457.581478,46934.39855838912,9527698809.263159,5.126373843002676,0.4067254682617275,9527698879.616894,47419.76597004188,1428108143.6791525,21.79270854897865,-10.834643391361062,1428108129.3082986,25516.621350422498
80,9245872701.44,5.038238486825182,0.42682234857506296,9245872763.723885,46876.137716474535,9376496208.842106,5.273178225738011,0.4161406016241078,9376496441.64039,47375.007694859254,1477756320.1251104,22.285505463801943,-11.246074743182579,1477756305.3249514,26096.588013049408
81,9048174001.005714,5.148632031653276,0.4390782488233519,9048174032.76523,46634.674675768445,9175116288.0,5.391444758263958,0.4286802309182677,9175116126.819319,47128.742808304334,1549486871.0687351,22.78285481066266,-11.840501816205968,1549486910.7342632,26694.050944810977
82,8864931851.702858,5.290590857348901,0.4504379408781428,8864931948.722748,46462.526624304905,9003373999.157894,5.532101064148034,0.4393743386338993,9003373986.12403,46972.65116983966,1621807369.9442554,23.411183690796335,-12.43981688729991,1621807359.838037,27441.317468411053
83,8710143970.742857,5.360990194519301,0.46003368602044337,8710143920.19744,46280.6741987242,8848982042.947369,5.595672140946219,0.44898809009657203,8848981838.57735,46787.81848406792,1673979576.6144533,23.76310870042669,-12.872164767517468,1673979571.7087061,27865.07398498589
84,8506142190.445714,5.470219550577807,0.4726803253307519,8506142215.5581665,45993.33277717182,8648762421.894737,5.707166528138977,0.4614554255379135,8648762527.682205,46500.623548219075,1751724951.5691764,24.322356709050418,-13.516435810096164,1751724940.3656278,28532.772785473026
85,8337653956.022857,5.617110916498541,0.483125387189564,8337653941.956227,45858.49596008982,8491003715.368421,5.891422215583396,0.4712788152634073,8491003692.143791,46405.97541529254,1825328327.3694034,24.900411119824152,-14.126382331361881,1825328306.0655816,29212.19582880092
86,8191612591.542857,5.750853556131472,0.49217889848993057,8191612634.62328,45820.65816027641,8339996618.105263,5.9988032915994856,0.4806817864595654,8339996572.609748,46343.42421803976,1883166979.3739438,25.293051556645036,-14.605687852355734,1883166982.5949762,29709.76280110985
87,7991467920.822857,5.878688846132041,0.5045864316388897,7991467928.14045,45587.2069709628,8140773834.105263,6.13306578469527,0.49308707288663767,8140773738.542962,46113.755159892535,1968403387.6009586,25.86494047772019,-15.312036863559797,1968403413.6112037,30382.152464942774
88,7844431602.834286,5.953040244082208,0.5137016234287872,7844431658.849741,45379.49900637627,8004262992.842105,6.1707846773367026,0.5015873813130077,8004262941.706578,45897.73204945263,2038846340.7138352,26.34949480613031,-15.89579324300746,2038846366.850787,30956.33847047823
89,7686133312.365714,6.0032808208976345,0.5235149799356196,7686133362.637967,45073.99748620851,7851840269.473684,6.2542938539985204,0.5110784966100939,7851840271.01244,45620.404317768,2101023974.1223357,26.693532516004343,-16.4110554232542,2101023999.4166007,31363.73161909604
90,7511221669.302857,6.1797716616607286,0.534358248909314,7511221648.923421,44998.072811634884,7681020685.473684,6.402788283154631,0.5217151508196614,7681020805.530855,45525.85221884125,2185909781.9225626,27.36365566582855,-17.114498295737537,2185909741.3419347,32169.10317273813
91,7363057523.565714,6.317847089907816,0.5435433596845719,7363057523.3026495,44873.9373022529,7529582457.263158,6.597729433497839,0.5311449764742842,7529582416.525195,45437.90192494894,2264101630.6601086,27.834590757457196,-17.762469504792286,2264101615.875671,32748.270186971877
92,7173687140.937143,6.501548357039888,0.5552829635241725,7173687119.331679,44676.92741547312,7361093874.526316,6.802597244904381,0.5416364741808879,7361094093.502406,45279.962627824985,2362862327.008198,28.463292410843426,-18.58089311958552,2362862294.9137306,33520.206742062364
93,6997141252.388572,6.531378201706662,0.5662275393710813,6997141234.33097,44384.4311556639,7181128111.157895,6.767067493799476,0.5528426631424849,7181128178.395022,44934.759280769445,2448788758.245428,28.888316274878868,-19.292960447258586,2448788765.6688237,34031.680588563344
94,6844307160.502857,6.693901993900856,0.5757021531120694,6844307164.620075,44251.52506727627,7052503444.210526,6.942326675654368,0.5608519199870357,7052503429.847658,44850.174695077694,2543165300.3929877,29.578647439612173,-20.075052981720813,2543165306.5920715,34854.70667900271
95,6716056997.302857,6.756317623097116,0.5836527425170249,6716056982.757468,44034.269665163585,6919834085.052631,7.031239969700374,0.5691130190284182,6919834218.76528,44643.013689154075,2613437745.0109725,29.96129858521569,-20.657396277876554,2613437740.478443,35301.01698447747
96,6528438070.125714,6.881297002577515,0.5952837668624458,6528438064.0117855,43783.22498115131,6744942888.421053,7.19374175602383,0.5800032183182231,6744942943.273862,44438.97906977252,2713543414.507756,30.503578541699834,-21.486966097251358,2713543452.4716563,35964.88743408296
97,6369099088.457143,7.056614729815389,0.6051616353907681,6369099130.676523,43634.97839667865,6602818883.368421,7.343614707701138,0.5888530503372063,6602818968.450584,44304.999182663465,2814309067.2760754,31.170971999284163,-22.32200507936331,2814309138.3658266,36758.82728576468
98,6199822637.348572,7.147015227981975,0.6156555576095212,6199822695.376232,43354.856562746594,6436484688.842105,7.479945256328404,0.5992104128972726,6436484790.291617,44050.77604897399,2916964952.8525667,31.626648680397007,-23.172707525272973,2916964963.1719103,37315.52880717737
99,6050886138.148571,7.199421967650773,0.6248885527963508,6050886150.985018,42988.20442289761,6308218368.0,7.491706503516283,0.6071973515332375,6308218461.260959,43693.87906808602,3008820677.6259303,32.10202375061311,-23.93391028186765,3008820696.276491,37871.361449071446
100,5900925162.057143,7.3912602920260255,0.6341850545584578,5900925188.2250595,43011.2989126219,6140984939.789474,7.718448297990778,0.6176107150733612,6140984934.745701,43710.37246082958,3098721585.9795685,32.662285297344454,-24.67891369152021,3098721624.4670157,38555.479213222425
101,5776843751.131429,7.527217806371585,0.6418772103030504,5776843774.519477,42980.40257922173,6022464053.894737,7.809434750115294,0.6249908151554228,6022464136.158077,43650.560855275704,3206946109.602724,33.255657423936746,-25.57576379016223,3206946171.188598,39274.86847702067
102,5576920713.508572,7.6548481716566625,0.654271003214578,5576920710.465866,42723.77038082259,5801782730.105263,7.902939536532509,0.6387322954230181,5801782682.386174,43339.59386666198,3350069210.483037,34.03466497587352,-26.761815765921988,3350069238.9779587,40219.44426216263
103,5475421409.28,7.759258344022774,0.6605632294201793,5475421423.546829,42666.924397742405,5714957365.894737,8.090133078093658,0.6441387682053153,5714957373.166098,43367.21479276607,3415210142.1717744,34.29883528747841,-27.301634108483945,3415210108.699915,40542.31313429145
104,5319531517.0742855,7.795188930101095,0.6702272816638575,5319531539.834692,42327.99492512975,5568473869.473684,8.163440258705572,0.6532600564346495,5568473944.341568,43055.65764860103,3513480193.549754,34.63121511768998,-28.115991992687146,3513480168.5688796,40966.22773033524
105,5174443247.908571,7.93643026220046,0.6792217127964835,5174443248.92245,42238.78265959195,5429798022.736842,8.313635053845607,0.6618951812825449,5429798061.698184,42987.98925902969,3610286498.8856096,35.0629929595334,-28.918220116272327,3610286507.971387,41481.35399891813
106,5017229907.382857,8.018077453856197,0.6889678090423208,5017229921.417445,42023.756618942534,5280201754.947369,8.3175802345985,0.6712103049154141,5280201731.074751,42746.07055504699,3750747228.4686594,35.75086291772698,-30.082209387484603,3750747228.7278166,42292.823695059276
107,4890197561.051429,8.145428842516313,0.6968429027669414,4890197553.007357,41886.51636708532,5153796311.578947,8.561090864234117,0.679081371845973,5153796244.973825,42669.594634620764,3847891084.2204566,36.18183952367502,-30.887235194124518,3847891169.6770344,42817.99067924116
108,4739043300.205714,8.205612752647626,0.70621337946598,4739043307.758322,41615.57730081422,5030495002.947369,8.605198333760884,0.6867591444884145,5030494970.62279,42438.77530490725,3970991349.5068736,36.70112526028615,-31.907358559783376,3970991327.6807995,43426.19124268902
109,4602550759.131429,8.358974660905966,0.7146749357174245,4602550769.555803,41517.483589963915,4882711093.894737,8.690568340190794,0.6959614099060156,4882711087.751016,42290.13428699343,4112400609.747509,37.42384750567237,-33.07920863177665,4112400625.688523,44306.405999732
110,4479555769.782857,8.386708322012867,0.7222997407215228,4479555784.072964,41245.44001413209,4764343013.052631,8.752426340851068,0.7033319966904901,4764343068.070818,42046.90261259832,4183140443.1771975,37.59514150756677,-33.66542503730576,4183140434.7884007,44530.382467642514
111,4364968952.685715,8.669988387129031,0.7294033005800564,4364968953.169457,41491.27086293493,4674583255.578947,9.03596645180632,0.7089211942034257,4674583289.025647,42326.02072807362,4343697979.278093,38.55549493172253,-34.99595557939732,4343697996.230512,45684.36667144541
112,4231728673.6457143,8.597122783256177,0.7376632385338187,4231728700.052678,40981.65813442366,4515674475.789474,8.988015541432498,0.7188161916891311,4515674467.873085,41799.75669480625,4415842249.823181,38.58443391720926,-35.59381006211147,4415842193.454971,45711.38669929018
113,4095899592.4114285,8.6515019122394,0.746083666773177,4095899593.7997975,40676.607805901935,4414255858.526316,9.068029847962949,0.7251313648337743,4414255875.171135,41563.2781583008,4547004623.98991,39.10183332108265,-36.68074418666199,4547004528.302026,46330.357257821364
114,3924709583.725714,8.784284096461251,0.7566962158452081,3924709600.305039,40361.33295683316,4243593027.368421,9.205520591594297,0.7357582628250388,4243593089.784891,41245.51879261669,4716381145.094716,39.73575860175658,-38.08435700883457,4716381062.554783,47143.76153252696
115,3786421164.6171427,8.82095084104624,0.7652691040465402,3786421177.2827973,40002.19779171126,4096578411.7894735,9.225036477374594,0.7449126266788755,4096578482.6042085,40853.580108253576,4874533394.274183,40.27655649959771,-39.39495593484331,4874533439.318587,47752.13408280718
116,3707283773.44,8.771476582895612,0.7701750527932767,3707283796.777974,39749.84496203423,4035194812.631579,9.161309721000471,0.7487348926042448,4035194760.8590026,40644.575211587704,4925174875.887502,40.43613207827063,-39.81461784752238,4925174812.213316,47914.5461776489
117,3607325663.817143,9.014065767216902,0.7763717385918386,3607325662.841935,39776.13197743688,3924326144.0,9.468377202386474,0.7556385065600366,3924326096.466506,40654.671542933116,5050530068.631101,40.91441386862763,-40.85342938507291,5050530106.203678,48562.441286288864
118,3495041189.302857,9.00302624286062,0.7833325681786277,3495041200.0241356,39446.71844195366,3833212645.0526314,9.3831141524853,0.7613119917044019,3833212699.2756443,40347.62975212147,5151160583.00618,41.222678996668314,-41.687347795266604,5151160570.628724,48916.07036348964
119,3352191208.5942855,8.968256459650355,0.7921882399122208,3352191223.437373,38929.7729286044,3701618176.0,9.365187359817167,0.7695061674603649,3701618243.4328732,39862.109460943626,5312149163.247825,41.744583371780166,-43.02144993887011,5312149123.777573,49521.59175697006
120,3255678860.4342856,9.045672865328374,0.7981713118485079,3255678873.8689747,38657.86000170708,3612975009.6842103,9.531293300395538,0.7750258379336732,3612975034.646702,39644.819731674696,5406785095.030395,41.886557988792354,-43.80569202068192,5406785054.522952,49723.87283060009
121,3155964383.817143,9.120459087739075,0.8043528927182182,3155964396.066281,38469.60444251606,3517752805.0526314,9.564113320165864,0.7809551731929536,3517752809.7162023,39447.73001079811,5541757078.3907175,42.46048311908758,-44.92419725565913,5541757133.1840515,50408.26297033634
122,3031641700.937143,9.003723141404462,0.8120600051097275,3031641718.1487756,37762.96024240358,3399447269.0526314,9.535132307309553,0.788321866429095,3399447318.518362,38765.254000224566,5623370770.274183,42.35112178322776,-45.60052523525399,5623370871.240843,50255.49944379414
123,2931420067.84,9.00744005577401,0.8182730264144928,2931420077.7562094,37425.98052763394,3301030319.1578946,9.500544303591573,0.7944501344262196,3301030331.0924554,38437.7768653192,5742605764.011603,42.66825871570289,-46.58861833006245,5742605877.699882,50662.294291524784
124,2846202986.7885714,9.103439816082975,0.8235558736824466,2846202983.9838705,37384.12606265068,3226111245.4736843,9.601683144286051,0.7991152228828274,3226111291.619942,38421.63360637113,5869971453.029638,43.19584897499579,-47.64408792569652,5869971330.119264,51273.99290702051
125,2717877988.937143,8.783945231453313,0.831511099161586,2717878018.060998,36257.97992140225,3081898630.736842,9.177766709106855,0.8080951129278748,3081898648.4940004,37230.59348599534,5943986246.320091,42.81346413125649,-48.25744563140544,5943986329.703976,50829.501243211234
126,2649039069.622857,8.993322650878394,0.8357786179007826,2649039089.7089815,36258.66270643643,3011261803.7894735,9.579056828698679,0.8124935537879161,3011261839.0366817,37287.25831866264,6100751046.56224,43.56247870273228,-49.556545207269586,6100751058.789673,51708.77419667912
127,2545353771.154286,9.056762634294278,0.8422063612963493,2545353788.2225566,36086.63155788558,2895702110.3157897,9.548328968071623,0.819689270475071,2895702147.6112437,37076.544267767356,6244872417.295498,44.09841708618851,-50.75086999474853,6244872421.946093,52352.95737315156
128,2447088684.6171427,8.88234072617396,0.8482980905550294,2447088697.9895573,35290.521808042526,2804843371.7894735,9.375462770556679,0.8253468994822051,2804843392.2309613,36292.47699317179,6307190258.956237,43.872185782791625,-51.26729394430448,6307190247.345776,52085.20900457379
129,2361998096.0914288,8.823125113642249,0.8535730945378117,2361998123.4849625,34843.65037260464,2728331964.631579,9.333024664096271,0.8301111414073963,2728331996.537183,35873.51650219215,6348165552.058519,43.59516315370993,-51.606852971209705,6348165458.061238,51768.15062488176
130,2234223562.6057143,8.811565544652929,0.8614941974514937,2234223585.335759,34234.22508140155,2664259328.0,9.413069493304787,0.8341008429668801,2664259340.3809776,35424.34057377514,6569807945.22588,44.28914432437149,-53.44358985672397,6569807867.6262,52586.98387224705
131,2181250172.3428574,8.593963481811818,0.8647781682747672,2181250172.4396276,33645.93278105191,2602569889.6842103,9.120127492183913,0.8379421472605353,2602569871.750506,34784.344476611994,6552200218.1521,43.76946086052226,-53.29767569965783,6552200138.605871,51967.43396324016
132,2090897321.6914287,8.651746243976454,0.8703793949641462,2090897331.2881525,33439.69524283954,2512189096.4210525,9.169297091373265,0.8435700103480492,2512189142.484348,34609.686591512276,6757889742.763021,44.614845971176784,-55.002213218169096,6757889808.027924,52948.55096624141
133,1963265050.3314285,8.602328415626262,0.8782916776895004,1963265070.736178,32629.211207020624,2370429621.894737,9.209103705704607,0.8523971477843393,2370429631.561893,33786.4592730999,6907798735.215034,44.700894159999,-56.2444996960323,6907798796.351244,53080.18839613681
134,1886493735.4971428,8.287448218832743,0.8830509486492568,1886493735.3001251,31882.288347131183,2305616491.7894735,8.895133141023813,0.8564329580056241,2305616492.8434334,33065.96913248614,6931877288.568042,44.29511087731712,-56.444036576003995,6931877277.718279,52533.1730093348
135,1806174116.5714285,8.291847465338574,0.8880301874400932,1806174120.245662,31409.72383637156,2221010014.3157897,8.903474062666907,0.86170126826181,2221010006.2338243,32582.772336671227,7079459800.933283,44.644590014202805,-57.66704429727512,7079459863.115746,52949.89114425684
136,1689334910.5371428,8.05333697212165,0.8952733777755446,1689334923.7443156,30400.42586485318,2124583336.4210527,8.677475387930034,0.8677055980496193,2124583405.8460665,31633.518557510877,7130036578.958255,44.095446526010846,-58.086171596577174,7130036723.233494,52340.39638904654
137,1609834684.7085714,7.907805764174878,0.9002018201186023,1609834701.232191,29693.68907562937,2086686699.7894738,8.41084764009665,0.8700653655217048,2086686694.1263323,30991.72437930107,7269818268.880313,44.28469729125268,-59.244532699099906,7269818282.548986,52560.51270578139
138,1544801690.3314285,7.7940601513421655,0.9042333980498679,1544801711.0295002,29165.519178887775,2027694807.5789473,8.372856744296607,0.873738696009574,2027694802.6807487,30491.220791076357,7325851311.638794,44.10520737856311,-59.70887472450654,7325851286.614555,52335.188498855074
139,1491175102.902857,7.661952875569434,0.9075578618182886,1491175110.386552,28684.30199158396,1961709116.631579,8.306867224942694,0.8778475180885232,1961709129.2296247,29986.0003501616,7378242931.359818,43.944857877838125,-60.14304077606112,7378242900.555994,52113.29498321037
140,1379380030.902857,7.5652389195409615,0.914488352537953,1379380040.873835,27770.610894084657,1866348752.8421052,8.24122145764457,0.883785456182546,1866348746.9797873,29131.61071336897,7556963315.601968,44.112653320496136,-61.624086423995315,7556963395.947976,52345.95585577863
141,1326944360.5942857,7.35955235692992,0.9177389872639271,1326944369.310261,27164.579843059266,1806278346.1052632,7.9619811258010955,0.8875259441117457,1806278339.865162,28483.7096615967,7608959398.372557,43.92724246519337,-62.05497302696753,7608959272.81266,52104.312297026736
142,1240641603.2914286,7.279548150183447,0.923089138134754,1240641607.6875498,26637.814027825763,1719549756.631579,7.889523108430274,0.8929263936369863,1719549761.2081535,27957.917796900398,7713608323.729095,43.9286717097179,-62.9221937135537,7713608384.0247555,52097.834057534055
143,1192364640.5485713,7.22048695849732,0.9260819621892259,1192364654.908481,26226.95015566826,1675859368.4210527,7.842200881440911,0.8956469237719447,1675859377.5288472,27567.789254652827,7877145774.670198,44.43024748315663,-64.27741811459204,7877145798.728152,52674.67615615935
144,1138976740.2057142,7.046307089202368,0.9293916285015419,1138976750.5860033,25511.83661041941,1631776289.6842105,7.7132559422065645,0.8983919064721452,1631776297.608594,26912.7044623651,7927882628.923697,44.170339472904885,-64.69786855571431,7927882324.796718,52357.733502510564
145,1028663379.0171429,6.761981455466043,0.9362302638276089,1028663391.4640394,24308.27228256907,1550974133.8947368,7.516388732931827,0.9034233253844723,1550974170.1459405,25793.401670769643,8079204087.896078,43.9500427044137,-65.95186317402813,8079204155.907413,52086.49232889157
146,971355479.4057143,6.750123071569249,0.9397829420310397,971355486.0394009,23933.519673861094,1477119467.7894738,7.371845342411207,0.9080221392652295,1477119467.9545677,25352.953815673525,8193737539.640307,44.02269881422601,-66.90099344379486,8193737446.789324,52166.09053642089
147,927856864.1828572,6.581625822949013,0.9424795434176789,927856872.2093518,23373.441949818476,1421920003.368421,7.172954449991063,0.9114593232396015,1421919974.0445373,24764.30966790099,8265268078.064825,43.82921273506379,-67.49376292761171,8265268027.868148,51956.548934538165
148,854831613.0742857,6.420352615342802,0.9470065841236959,854831620.3350431,22381.642237097876,1348986647.5789473,6.984258970298566,0.916000762976725,1348986672.5450451,23771.983732737994,8403436116.849035,43.57179774711212,-68.63875263924461,8403436036.914448,51701.79913529449
149,814508597.3942857,6.281021999860668,0.9495063212575761,814508604.5559827,21902.196130356107,1312902730.1052632,6.949447233672323,0.9182476513970949,1312902743.2001278,23344.183474703837,8390534458.212637,43.183595594156465,-68.53183789258208,8390534438.293981,51241.64410879958
150,754103520.5485715,6.236291083879366,0.953251001532023,754103532.4595923,21358.659507409506,1252285520.8421052,7.022226590606089,0.9220221866869538,1252285552.121834,22790.819082774615,8572198710.07996,43.50958056475759,-70.037277570049,8572198605.981801,51624.08777608305
151,712911824.4571428,6.014812261929362,0.9558045909641006,712911830.5132864,20668.626657460078,1216979984.8421052,6.736788011126603,0.9242206068454272,1216979999.362907,22126.43198657036,8664265040.554924,43.46145580639974,-70.80022719662253,8664265137.091454,51492.23548790437
152,648380493.3485714,5.746303829911125,0.9598050695498772,648380500.8179651,19703.308714432034,1157248458.1052632,6.456400352759899,0.927939994641982,1157248450.06099,21194.886888014644,8779361232.667929,43.156122249229014,-71.75402072554975,8779361152.011253,51154.66386913348
153,631954967.9542857,5.857173172834115,0.9608233340298364,631954975.8553008,19793.283083895276,1173148419.368421,6.646788768539304,0.9269499275700346,1173148443.112268,21353.47566947184,8869157812.191196,43.53144282656408,-72.4981585282984,8869157625.828684,51580.22466726179
154,563527367.8628571,5.534248630332323,0.9650653536544676,563527371.2321019,18615.24357577324,1069865992.4210526,6.240798316622694,0.9333811581465375,1069866024.8045542,20112.564648690975,8935652789.418085,42.9351190436005,-73.04920061304088,8935652885.110106,50891.79525010543
155,515014397.9885714,5.442839267107877,0.968072809157421,515014399.98533213,17954.7732234369,1080785487.1578948,6.216697915529998,0.9327012200802625,1080785497.6719925,19578.964648108733,9192526302.680288,43.458409698926836,-75.17789498700341,9192526340.417416,51526.77373998928
156,489377264.64,5.149292800589011,0.9696621271445441,489377266.6227406,17122.85273589679,1093453160.4210527,5.9990135434624365,0.9319124244228282,1093453170.2241304,18817.679313672215,9141961144.388447,42.55797497413299,-74.75886393546631,9141961094.694036,50496.510942820656
157,445099825.73714286,4.977674143463948,0.9724070103210404,445099823.9519075,16539.64590467862,1027328385.6842105,5.811205721168083,0.9360299080780923,1027328396.0927376,18190.678146073693,9249323302.517845,42.63286552702603,-75.6485662351238,9249323103.399143,50522.750869040865
158,389343802.51428574,4.8650106848056325,0.9758634829002502,389343802.06370974,15568.440968667439,966150197.8947369,5.669510601104481,0.9398393753195353,966150214.9530728,17215.586547964496,9457305699.119688,42.52282159626672,-77.37210575080918,9457305778.680355,50439.07553770672
159,378159336.5942857,4.793592320497971,0.9765568394635964,378159334.99899644,15360.886207325799,972815701.8947369,5.651274469928255,0.9394243260463128,972815703.3297304,17063.75764496703,9415684725.716736,42.05312987239181,-77.02719326245293,9415684555.950392,49879.169861032286
160,328709010.4685714,4.535118213248638,0.9796224044485201,328709005.3689628,14436.822343811307,930085514.1052631,5.383122974615809,0.9420850666846777,930085509.7297722,16189.89725857032,9631871806.151596,42.507383735783414,-78.81872265117171,9631871693.941526,50385.81310830397
161,308798532.93714285,4.3351684162397515,0.9808567108267336,308798529.6272017,13963.95862339156,902987528.4210526,5.15519338278671,0.9437724150145773,902987520.633216,15679.85215830803,9674498445.576492,42.368113860695,-79.17196756688227,9674498405.966606,50188.219809944116
162,270963111.3142857,4.260625512928901,0.9832022349823646,270963108.3519809,13288.942950489862,859984773.8947369,5.064602592843584,0.9464501259363535,859984792.5798243,15008.892922966104,9820147098.491108,42.29813185936579,-80.37894924527767,9820147099.369644,50133.2549931669
163,257051011.10857144,4.1048923106112944,0.9840646850968349,257051009.71445063,12869.269419900349,832675429.0526316,5.009381242027173,0.9481506362258497,832675428.8480979,14578.830417545218,9849101590.955732,42.11534541885065,-80.6188926768256,9849101513.443317,49848.090169393996
164,232170476.16,3.9207816116382075,0.9856070993622504,232170475.70979849,12186.99070983478,813608148.2105263,4.6807575640055825,0.9493379243943794,813608161.4231195,13900.941281381407,9982562660.96002,42.06849711570578,-81.72487589516798,9982562537.384798,49829.05324180816
165,222469205.66857144,3.80484887377941,0.9862085084587224,222469204.26088142,11531.484023487908,823860527.1578947,4.810067501460042,0.9486995256308882,823860533.399786,13239.904698133469,10037287085.959894,41.669428885944704,-82.17837603159718,10037287230.817446,49362.14737410731
166,178521701.57714286,3.581486386551894,0.9889329378889217,178521698.97566268,10927.088047426769,772692745.2631578,4.439831553760722,0.951885661272177,772692752.9611565,12634.26377036697,10239330317.689495,42.0248740195795,-83.8526968096845,10239330590.73835,49777.63041918905
167,171089024.73142856,3.4869394165218397,0.9893937103946793,171089022.64805913,10262.818546301978,799892010.1052631,4.4687877135481315,0.9501920076561367,799892001.8699667,12071.210173870388,10213246247.099003,41.2049627307817,-83.6365367246768,10213246156.72348,48865.00425233912
168,151929827.5657143,3.5271260965111404,0.9905814428577286,151929826.1870702,10159.344356696265,761806469.0526316,4.4149782666933275,0.952563533226754,761806460.8372997,11928.274303047281,10347430421.115398,41.69590770888206,-84.74851392537549,10347430485.512169,49420.24483526651
169,123466373.48571429,3.1081912923666257,0.9923459723968905,123466372.3759097,9037.042182831083,761402730.1052631,4.120172798850663,0.9525886708837805,761402762.3572959,10900.887555887824,10482004159.136335,41.418041757248986,-85.86371712062952,10482004100.982107,49090.69271227456
170,119492701.44,3.1127522054540897,0.9925923114760299,119492700.72839727,8976.93923439707,760317445.0526316,4.129921615102916,0.9526562502566045,760317470.6747878,10829.569317679656,10501320168.689116,41.36756387504398,-86.02378501037639,10501319786.890785,49077.891168027374
171,92095323.84,2.860569140752059,0.9942907520163756,92095322.10808915,7741.915066785812,691360464.0,3.786750888496123,0.9569500903736248,691360498.0025873,9526.007717747438,10627088837.819649,40.78705457872529,-87.06602431304262,10627088715.586073,48442.55617666852
172,104245575.22285715,2.992738556527761,0.9935375237813486,104245573.26633085,8108.986523133686,776833512.4210526,4.113737502069861,0.9516278229576987,776833510.2135875,10023.035858618585,10612409029.787363,41.11359090497465,-86.94437305613603,10612408835.239555,48766.53842223513
173,83939296.54857142,2.748611161840684,0.9947963669951752,83939296.22363436,7452.611806631088,749445167.1578947,3.8067289208560737,0.9533332500548916,749445184.9544784,9373.7964147894,10771940844.176062,41.09378111287635,-88.26640553241,10771940919.489313,48805.09120938564
174,75120513.46285714,2.5809558524651512,0.9953430681572091,75120513.12666614,6903.546923758643,733358609.6842105,3.5215321188671314,0.9543349345806513,733358621.2756897,8877.902374531093,10823910318.250473,40.80243137297059,-88.69707120794324,10823910136.634632,48464.97216119476
175,68174513.85142857,2.5426586697445233,0.9957736701969324,68174513.64259039,6803.488973182951,712337536.4210526,3.5028141872081493,0.9556438830873961,712337548.308597,8728.487404835852,10927725498.77765,41.09967314141647,-89.55738418022021,10927725681.288475,48816.80156309118
176,64478291.54285714,2.4596008986945064,0.9960028094029217,64478291.470474854,6245.5202013029375,716621620.2105263,3.4793201870091424,0.9553771196163583,716621639.2111393,8126.886844496978,10882889244.347586,40.54430263853591,-89.18582637856522,10882889119.720531,48134.07879426985
177,57880716.32,2.3290327454679756,0.9964118116053812,57880716.853562035,5869.109988181251,715044780.6315789,3.314366465274523,0.9554753090643519,715044764.6891577,7808.0396233232395,11020358147.164082,40.663369465386886,-90.32502458840166,11020358257.62024,48299.91697272768
178,46087367.794285715,1.9384908401522,0.9971429144700039,46087367.88628862,4690.4735449068885,717701949.4736842,2.925098250902959,0.9553098497588205,717701960.2294993,6694.395426812925,10933945900.490856,39.42339178737734,-89.60893024961113,10933945840.04584,46919.81061510752
179,52540845.81714286,2.2027827399678093,0.9967428452302266,52540845.75386716,5226.978080908912,762781365.0526316,3.360003596575518,0.9525028278357075,762781359.7337105,7286.7944072045775,11050133898.541555,40.22682663411676,-90.57177349659574,11050133901.045805,47836.71518423518
180,37036336.76571429,1.932581258776325,0.9977040133544877,37036336.533432804,4705.662637297766,695949024.0,2.996394541604034,0.9566643691631683,695949040.930213,6660.332578370446,11134478559.422878,40.20007940434201,-91.2707344525382,11134478801.87984,47806.61116573407
181,41748917.57714286,2.099144655434416,0.9974118671905354,41748917.79614714,4943.850500773021,703260335.5789474,3.097331220000358,0.95620910539199,703260354.479907,6871.759684173684,11156150141.691513,40.38567586151137,-91.45032179613794,11156149936.094404,48039.46640835609
182,48174574.49142857,1.9862615327062876,0.9970135226397794,48174574.87341973,4927.903550727026,715706526.3157895,3.0793831683918405,0.9554341016766329,715706535.1862866,6870.926383683556,11161149092.080212,40.4421233016115,-91.49175033972999,11161149194.452488,48052.69860712062
183,45342395.72571429,1.7386357533050714,0.9971890973331451,45342396.627542086,3841.7509159646715,762498246.7368422,2.9143291832545075,0.9525204560263806,762498259.6113557,5889.578964371431,11218301215.47938,39.79037395689143,-91.96536608000555,11218301274.704407,47344.861014920505
184,30407766.33714286,1.6861923713639404,0.9981149370433269,30407766.607228193,3889.0393467453546,716399769.2631578,2.6781104207745594,0.9553909342115455,716399783.5675102,5935.016219628485,11239849062.025476,39.87895175422764,-92.14393327756153,11239849306.024357,47469.19539920703
185,29893220.26857143,1.6042034401475667,0.99814683516591,29893221.10450119,3372.6829431956153,750607674.1052631,2.762135825986694,0.95326086298593,750607685.8860847,5471.869507601386,11204015751.538908,39.356067437278924,-91.84698367399459,11204015852.592342,46854.534720805845
186,28277301.965714287,1.4247795963675562,0.9982470105007664,28277302.553169746,3110.2677885314397,707753570.9473684,2.571009443468969,0.955929319187395,707753584.115505,5128.379170781688,11295558065.414555,39.45981106938368,-92.60559135318702,11295558432.94599,46999.469959526046
187,22898607.92,1.3374685785726625,0.9985804508732868,22898608.441582713,2995.664962077822,716001969.6842105,2.5121118226754846,0.9554157042325561,716001989.1421554,5134.415372584996,11179253949.58658,38.98123248477462,-91.64178244554778,11179253843.903273,46433.10996412127
188,27959297.64,1.6845016361696006,0.9982667244868694,27959298.16705838,3569.859083435876,705080015.5789474,2.7270971283524137,0.9560957970453572,705080031.1211765,5636.667221056788,11379074853.226383,40.05945722701016,-93.29768579371652,11379074738.768162,47667.09994025344
189,29208503.222857144,1.4586377630826715,0.9981892827424992,29208503.388629124,3078.1155118356432,744471632.0,2.6588072024800824,0.9536429447421613,744471639.7118107,5156.379996362485,11302879960.255266,39.47469540111802,-92.66626435286459,11302879955.124874,47010.66027202358
190,32408341.145714287,1.3369497882359183,0.9979909158079614,32408341.0527567,2852.070204956872,751263904.4210526,2.4636686580028306,0.9532200005203529,751263917.1022742,4885.142128505205,11259894309.25867,39.15633888331487,-92.3100453353379,11259894352.777496,46646.51626166234
191,26073205.365714286,1.3773282824272581,0.9983836486928734,26073205.209620185,2881.9605976172857,730748931.3684211,2.4691295709726884,0.9544974352083994,730748940.6538109,4965.36423292913,11394664011.615084,39.554127658402535,-93.42687015053463,11394663652.100866,47119.44400869238
192,35226326.622857146,1.676847785516514,0.9978162209428973,35226326.87415678,3198.6020373903,742140234.9473684,2.809741417048687,0.9537881184289727,742140221.2888254,5217.42168294756,11487275089.878674,40.02811955305889,-94.19433617782197,11487275185.570229,47681.60001291984
193,21838687.022857144,1.2767424723286511,0.9986461583668329,21838687.27501206,2406.4961339500974,700302871.5789474,2.2615085754953874,0.9563932629839716,700302873.6022836,4408.42075457071,11295360478.486568,38.87313240700822,-92.60395301890988,11295360732.143156,46349.70832609748
194,23819800.622857142,1.2770549815879861,0.9985233435480004,23819801.133170307,2422.910834640775,748792830.7368422,2.3523946310188135,0.9533738698794871,748792850.4338045,4539.2970486063705,11434889299.815866,39.170040919152726,-93.76022160192005,11434889783.290232,46736.457276221976
195,28155700.425714284,1.018214897062052,0.9982545489503739,28155700.55816156,2220.976198992048,768488858.9473684,2.132822120191502,0.9521474296252264,768488881.2109896,4317.718400942652,11413907359.398663,39.0098912935306,-93.58634088726416,11413907278.459433,46570.51746195114
196,19826874.494285714,1.2153052088349834,0.9987708762834167,19826874.7327342,2513.31891257831,718857497.2105263,2.2416164734785284,0.9552378954973196,718857510.4849215,4551.692871733716,11359340031.16055,39.18065223541252,-93.13414377407074,11359339823.23111,46695.18452939147
197,20071869.14285714,1.097304669243253,0.9987556883869898,20071869.20794115,2182.948202325276,734348812.4210526,2.2049091571425343,0.9542732759344358,734348828.9839926,4243.0623197681025,11262352803.983353,38.51707030759176,-92.330418714736,11262352845.845495,45957.34445043019
198,15564115.257142857,1.0736058329111329,0.9990351367279381,15564115.289033296,2030.6240931183952,721823270.7368422,2.1191180737956743,0.9550532221507403,721823274.1291885,4078.9956583851263,11405261535.358305,39.047048005350184,-93.5146940317534,11405261520.965042,46533.33937714551
199,21994217.314285714,1.3299052922255865,0.9986365166097091,21994217.518320747,2896.935390879767,707680520.2105263,2.3560526261274957,0.9559338676361867,707680538.2520165,4926.466179433622,11328822433.045277,39.40550421209461,-92.88124694343274,11328822298.725548,46923.40613906058
200,19681225.308571428,1.149850991441418,0.9987799054883357,19681225.5092662,2140.791310930252,742436040.4210526,2.260089295898909,0.9537696977232519,742436048.8153213,4238.420061324772,11343717054.813469,38.599126656530544,-93.00467805353699,11343716957.222662,46018.9377930057
201,21489471.648571428,1.314900142855494,0.9986678071988413,21489472.07840649,2625.2545104830606,747436153.3684211,2.427132427805206,0.9534583471451564,747436186.8549516,4697.994040777809,11433671313.870602,39.52061336559336,-93.75012397133284,11433671283.68264,47060.25980636129
202,22495606.785714287,1.149916396127442,0.9986054340907988,22495606.597790226,2277.0706556224823,766165805.6842105,2.2650350121237603,0.9522920840976296,766165801.117514,4436.385783484107,11362135969.465002,38.986024079152635,-93.1573155899143,11362136008.758862,46444.195700156764
