global_round,train_loss,train_r2,train_mape,train_mse,train_mae,dev_loss,dev_r2,dev_mape,dev_mse,dev_mae,test_loss,test_r2,test_mape,test_mse,test_mae
1,1575278.6467236467,-13.434012510652053,1.0015351846199645,1575278.6498208626,1211.418121406811,1575435.6602564103,-12.327474609124863,1.0015423420113825,1575435.6272603748,1207.7289108256803,131751570.45100264,-0.0918171003116004,1.0017384694375582,131751572.49022005,3328.986311547411
2,1574049.1438746438,-13.422746794731227,1.0025189460397772,1574049.1482008572,1211.8446376395782,1574234.8237179487,-12.317316348718869,1.0025098475569452,1574234.8232203033,1208.152745115767,131753895.9235717,-0.09183633910460198,1.003162931117726,131753894.07066612,3329.760083678019
3,1568552.123931624,-13.37237854917007,1.0019388777766929,1568552.130527991,1210.453478159323,1568790.782051282,-12.271262357690343,1.00190167310701,1568790.798724155,1206.751241366744,131744874.70374574,-0.09176168100756432,1.0028213693884045,131744884.9411324,3328.514461621396
4,1560370.9643874643,-13.297415916241842,1.0003557046195424,1560370.965720281,1207.902474731679,1560568.4743589743,-12.201705109099386,1.0002438818576496,1560568.463227123,1204.140359381284,131728790.30949679,-0.09162829114536852,1.0015414890453542,131728788.54175054,3326.136080226882
5,1550918.709045584,-13.210806492914164,0.9984300637090051,1550918.7101301807,1204.8682904631607,1551195.7467948718,-12.122416056305974,0.9982627951612062,1551195.7349131673,1201.0738425108511,131709150.33295497,-0.09146550691364319,1.0000926289593,131709145.06987207,3323.3828324606384
6,1542913.8992165243,-13.13745976996889,0.9970302931547024,1542913.9001991414,1202.4259783149841,1543286.1955128205,-12.055504758656872,0.996836002054433,1543286.1762552618,1198.6281892316154,131692018.26535502,-0.09132361485841689,0.9991960786432167,131692022.69525951,3321.1197089469165
7,1532016.83511396,-13.03761180077906,0.994639833619049,1532016.8350915257,1198.7750842740302,1532520.907051282,-11.964435254142684,0.9944487717247285,1532520.8852923084,1195.0050378470212,131667601.22789758,-0.09112122570128967,0.9973695995694096,131667600.02437545,3317.6087345989718
8,1520251.7813390314,-12.929810523285704,0.9919397910988005,1520251.7731772885,1194.7246226925931,1520920.173076923,-11.866298586197711,0.9917341618390475,1520920.1876691235,1190.9735237376328,131643754.72594275,-0.09092365611000375,0.9954822953355016,131643758.93934323,3314.0066746444936
9,1508201.6267806268,-12.819397030690975,0.989148736849486,1508201.6230608,1190.5263986221119,1508941.967948718,-11.764968172335099,0.9888918898045966,1508941.9585742508,1186.7485170466825,131615079.191323,-0.09068605864189294,0.9932644590890527,131615087.6169813,3309.844750710748
10,1495258.7966524216,-12.70080410423282,0.9859512496911361,1495258.7975691743,1185.8496195461537,1496064.0897435897,-11.65602719304137,0.9856927906037265,1496064.0874785169,1182.0950218899181,131585019.20822299,-0.09043700885669792,0.9909589243241037,131585034.32250696,3305.5698641529184
11,1484128.4419515668,-12.598818582501492,0.9833146551241972,1484128.4473040877,1181.865216927482,1485047.4166666667,-11.562831061110364,0.9830480415848916,1485047.4087097996,1178.1288514953042,131556338.9405978,-0.09019930055556857,0.9887757918054366,131556349.62572135,3301.3141021990155
12,1468252.6762820513,-12.45335152025228,0.9789915394762526,1468252.670748938,1175.8750184872622,1469532.2852564103,-11.43158018747537,0.978689907473603,1469532.2936187498,1172.1671157687372,131517720.10367008,-0.08987916328927525,0.9849609568472132,131517718.07448916,3295.278770541691
13,1455525.6645299145,-12.336736083927248,0.9757168926723383,1455525.6617521814,1171.0628198264212,1456885.2275641025,-11.324591736565196,0.9753788596122803,1456885.2301492847,1167.3429788451729,131486624.56551898,-0.08962153694341213,0.9826043500858745,131486629.83070485,3290.90001449293
14,1441541.3009259258,-12.2085997406971,0.9719061858573976,1441541.3004661142,1165.6852027213304,1442936.9006410257,-11.206595260945111,0.9714848311352813,1442936.9123295106,1161.911251994223,131451313.95207466,-0.08932894568359862,0.9794900210715212,131451322.30660915,3285.5961306687373
15,1428037.070868946,-12.084862737241329,0.9681537755871924,1428037.0680433672,1160.3598099162534,1429676.326923077,-11.094416662515572,0.9677684364627199,1429676.3235259103,1156.6632135767827,131415680.62176819,-0.08903359035397762,0.9762913397324622,131415681.237139,3280.1824770459975
16,1409898.9508547008,-11.91866622191363,0.9626779781452934,1409898.9500337602,1153.0206953960633,1411790.891025641,-10.94311415142253,0.9621986464171379,1411790.9121137033,1149.2778482933988,131370732.48984739,-0.08866112769073653,0.9718613490013821,131370735.48426344,3273.2433816969005
17,1393266.6851851852,-11.766267609608756,0.9574679337084495,1393266.6878648708,1146.1469879673741,1395535.7243589743,-10.805602572159803,0.9570321442361543,1395535.7214279142,1142.5121978055895,131325915.43120192,-0.08828970442938444,0.9673004396634727,131325915.15792067,3266.275347393888
18,1375064.179131054,-11.599481092398847,0.9518870923189605,1375064.179072194,1138.5495266904568,1377440.0096153845,-10.652520974171761,0.9513971248070721,1377440.004840828,1134.8863420118637,131281531.37041241,-0.08792189249423177,0.9629951390685914,131281530.61693555,3259.279102369483
19,1358426.4654558403,-11.447032534270084,0.94663818831974,1358426.4659872851,1131.5921717518484,1361127.2275641025,-10.51452210536755,0.9461017811558378,1361127.2118465025,1127.9354076448362,131232248.2613192,-0.08751346372041202,0.958419709580609,131232244.76751475,3252.1326734181507
20,1339751.0512820513,-11.275912927623983,0.9404292185755219,1339751.0586661112,1123.5240405805696,1342665.5512820513,-10.358344854807093,0.9398452818212524,1342665.5593641894,1119.8635939469275,131182922.3533863,-0.08710467703614633,0.953248172232712,131182915.72838384,3244.5905471947376
21,1321577.2606837607,-11.109389531754722,0.9344071427876769,1321577.2660346495,1115.6803684991175,1324381.935897436,-10.203673737180052,0.9336516354710181,1324381.9462743558,1111.880880887471,131126236.47622651,-0.08663500009162739,0.9476366773569832,131126238.94984181,3235.957643393622
22,1298835.1452991453,-10.901007222893494,0.9264427115937919,1298835.135119409,1105.5136555092536,1302159.733974359,-10.015683863779865,0.9257423954137601,1302159.735930316,1101.8290151508124,131065999.08059023,-0.08613574268274404,0.9411260231879006,131065992.642398,3226.570350514845
23,1283988.0968660968,-10.764966370096305,0.9211856365053137,1283988.102753552,1098.9859798882194,1287752.7115384615,-9.893806944312932,0.9204721010092846,1287752.7123418043,1095.3622854582022,131022060.89620382,-0.08577167665817953,0.9365380669711474,131022060.12731563,3220.134577488708
24,1257882.757834758,-10.525767476936947,0.9118418904438049,1257882.7554582907,1087.0725135333264,1262314.9455128205,-9.678614836068245,0.9112622703554428,1262314.9363206944,1083.6655215224525,130947661.76592256,-0.08515517715138388,0.928159092197688,130947666.00082996,3208.0213792128015
25,1241792.5438034188,-10.378335577820678,0.9059413156400613,1241792.5433423591,1079.867782656204,1246207.6923076923,-9.542354809174315,0.9052501389277544,1246207.6911571447,1076.3809340805387,130893959.39866313,-0.08471004706260032,0.9228374337783719,130893951.33640203,3200.3247283030346
26,1222625.4266381767,-10.202710543485711,0.8986417679993253,1222625.4290865166,1071.0216893315146,1227344.2756410257,-9.382778889993691,0.8979041122205302,1227344.2833696073,1067.527001400884,130839472.69592635,-0.08425848823812254,0.9165126238497032,130839460.90464398,3191.7445360156776
27,1194127.28988604,-9.941586836901148,0.887562470914859,1194127.2828059043,1057.6985293361026,1199410.25,-9.146469555678216,0.8868694573725631,1199410.2482088958,1054.3276114135217,130758239.69025098,-0.08358539969682988,0.9070095307585886,130758238.07555005,3179.1065421304693
28,1172968.3846153845,-9.747711449617224,0.8787472048457389,1172968.3875861077,1047.774527652014,1178555.0208333333,-8.970043784075605,0.8780776808988162,1178555.0258729737,1044.4727757844405,130695433.14819019,-0.08306492564444445,0.8986736563764631,130695431.5168118,3169.122897446539
29,1149894.3034188035,-9.536287498990449,0.8693642337070587,1149894.3023144377,1036.8101091180263,1156005.5448717948,-8.779285390722308,0.8687446698912018,1156005.5498543158,1033.6148524868947,130627745.2044394,-0.0825041049967441,0.8905316606638579,130627756.26039898,3158.453804644439
30,1123039.0128205128,-9.29021697532511,0.8583371451047447,1123039.008819702,1023.9530930443112,1128965.3092948718,-8.550537099274358,0.8575764777364838,1128965.302651346,1020.6362263972943,130539101.52503468,-0.08176952731121379,0.88014375943976,130539113.4234648,3144.6339390552994
31,1102412.904380342,-9.101223552523516,0.8491879210264771,1102412.9144695546,1013.8009155157455,1108942.810897436,-8.381155788918063,0.8485265404741392,1108942.8033591958,1010.6193885956055,130480702.73275319,-0.08128551822051122,0.8723911819549965,130480707.15854973,3135.55143021136
32,1076185.048076923,-8.860902021094898,0.8379528898954273,1076185.0462816632,1000.9770918225291,1083020.0961538462,-8.161861408500855,0.8371965055720798,1083020.099328627,997.7421329120795,130404459.21856476,-0.08065362613660043,0.8622096440801561,130404455.5815451,3122.8145031206755
33,1049390.539173789,-8.615388464873359,0.8265644569006151,1049390.5383046216,987.6428452067056,1056318.1057692308,-7.935974566695844,0.8257158051819449,1056318.102983026,984.3444635638824,130321387.16433346,-0.07996530813444225,0.8526508905691869,130321394.98546928,3110.0366721978958
34,1025564.6066595442,-8.397075457904323,0.8167174078815359,1025564.6050374364,975.833901100264,1032893.6907051282,-7.737814600086731,0.8157892332000324,1032893.6898478491,972.5375589262217,130247236.05246563,-0.07935077713444594,0.8443020505221127,130247238.40231043,3098.205584490099
35,1002152.5302706553,-8.182554534551171,0.8062426696039984,1002152.5267779301,963.904561296912,1010284.7740384615,-7.546553384147664,0.8054278354017168,1010284.7753654879,960.7955299027456,130175008.00655821,-0.07875214094250582,0.8352439848766033,130174999.8747996,3086.6339921916415
36,972616.5794159544,-7.911921622329741,0.7931796546890802,972616.5783888979,948.6372574350434,981101.7083333334,-7.29967783038888,0.7922420423649076,981101.7114844334,945.4462561851893,130077203.7021062,-0.07794164244509427,0.8240477230244861,130077195.534215,3071.17802584693
37,946670.8673433048,-7.674185467350666,0.7816700234248729,946670.8693247923,935.1225620409703,955782.5993589744,-7.085489616713957,0.7807077636132173,955782.6054527703,931.9625016313332,129999435.31264977,-0.07729716613425386,0.8145004855075632,129999425.39546038,3058.281461781369
38,923992.808582621,-7.466390268630493,0.7713352980386257,923992.8135979038,923.1524385465176,934123.8044871795,-6.902265970046581,0.7704382608372768,934123.8089303804,920.1392680162038,129929611.85471055,-0.07671865024389679,0.8061614422789978,129929614.82165332,3047.1895850291394
39,898127.3406339032,-7.229389283871422,0.7596724146769781,898127.3384916598,909.2825552490023,908857.9759615385,-6.688528485316589,0.7587986555488192,908857.9833932527,906.3674019223605,129844419.81334342,-0.07601268707548936,0.7968270655996891,129844424.95099519,3033.8797436513432
40,869318.7932692308,-6.965421458817153,0.7463776273192708,869318.7948700738,893.7691958589091,880658.9166666666,-6.449977084356643,0.7453400547037049,880658.9144002522,890.7607202881421,129751460.67196368,-0.07524225425986808,0.784931212589824,129751455.40973485,3017.571027675152
41,847637.469017094,-6.766759152074811,0.7354407462223994,847637.4716687517,881.4846415360089,859717.155448718,-6.272819185084672,0.7344790720454124,859717.1475352397,878.5942860092872,129676243.69176441,-0.07461892940965331,0.7764136255798538,129676237.65653737,3006.3847048708103
42,818153.1538461539,-6.496599320065044,0.7216164777654935,818153.1536324393,864.6845126043357,830337.8205128205,-6.024283243584498,0.7205611069295852,830337.8098604192,861.7396834584383,129581158.04868205,-0.0738310088341314,0.7653769690536425,129581157.8352076,2990.2984982087733
43,789502.9677706553,-6.234082497149593,0.7081715779931155,789502.9674106711,848.8639448173026,802987.530448718,-5.792912260198889,0.7070451219803316,802987.5352562276,845.9760287006696,129480407.74902257,-0.07299610056032013,0.7540173093535908,129480407.92212388,2973.951862209636
44,763360.8073361823,-5.994546253207571,0.6951701993792906,763360.80280733,833.6598608412294,777370.2467948718,-5.576201611528717,0.6938966039217421,777370.2531577914,830.6754442392252,129393424.91159037,-0.07227526762449354,0.743501663581895,129393423.68935192,2959.4313443978085
45,739141.7186609687,-5.772630892016012,0.6826572659581781,739141.7209481196,819.2331581735543,754051.1474358974,-5.378932511792747,0.6813978011767191,754051.1490516884,816.3297485938439,129310547.46651532,-0.07158840555644752,0.7338545504469731,129310538.7835164,2946.057229600017
46,711304.2580128205,-5.517560913388164,0.6688066619211244,711304.2577862866,802.5414860425172,727330.9967948718,-5.152892063307289,0.6676422553173091,727330.9949197056,799.8652098239996,129214027.5167108,-0.07078861214872267,0.7227202969172792,129214026.24574336,2929.587908245062
47,683186.3564814815,-5.259921328020148,0.6541655022589753,683186.3565526954,785.4703101401994,700684.0961538461,-4.927471253040815,0.6529948242035527,700684.0879823212,782.9159563626998,129112420.27645352,-0.06994662330484847,0.7111054848200492,129112421.90728046,2913.345583710398
48,658413.5633903134,-5.032932378404273,0.6412388308016762,658413.560643639,770.2166401891627,677099.9519230769,-4.727960040468814,0.6401513422714775,677099.9445836425,767.8771884899872,129024685.80350612,-0.06921957030897596,0.7007121658064056,129024687.08845174,2898.2373287005116
49,634210.5915242166,-4.811164675908863,0.6268962235628941,634210.5937483952,753.1620774860056,651173.0705128205,-4.508630389661751,0.6256099576551654,651173.0712539088,750.4941512101735,128930998.28250726,-0.06844319741725235,0.6895821489910495,128931000.74731076,2882.028712464726
50,607382.0182514245,-4.56533898135324,0.6131170935955877,607382.0200634911,736.8465761214579,627327.1931089744,-4.306905100846372,0.6118849863569208,627327.2027574461,734.5007667480371,128838324.13747005,-0.06767516500321569,0.6789508829492936,128838320.86691329,2866.3891406233065
51,577876.5483440171,-4.29498533082231,0.5954663681562772,577876.5493381324,716.2691848756921,597946.2852564103,-4.058355768773906,0.5942098051424521,597946.2821882457,713.9201619686224,128721592.51280111,-0.06670784171612198,0.6655808166333681,128721592.1912545,2847.3204126741716
52,555754.3317307692,-4.092283168635273,0.5828580705318996,555754.3301610244,701.2533803108411,576908.0528846154,-3.8803818541091646,0.5815801660866091,576908.0544587506,698.9960360129675,128639637.87388068,-0.06602872090194478,0.6565749403643623,128639641.43672504,2833.7702345283383
53,532277.4587784901,-3.877168563593167,0.570208077805135,532277.4595169537,686.2230730443938,555770.094551282,-3.701564304975056,0.5689417921228748,555770.1010243937,684.2364110029661,128552337.48568545,-0.06530527782972761,0.6469253481478595,128552342.2340064,2818.7499936416903
54,506220.7646011396,-3.6384154830743913,0.5545667216748362,506220.76668516954,667.67815418257,531022.1538461539,-3.492207816787663,0.5532915108455824,531022.1513968841,665.8556658640886,128451443.80123597,-0.06446920041900905,0.635718954787262,128451451.23902722,2801.471619364382
55,480464.2708333333,-3.4024130627531433,0.5364438596318464,480464.27147888154,646.7145199663619,504010.9086538461,-3.263704876447181,0.5349916524337209,504010.9070535879,644.5504813072009,128337097.60953462,-0.06352152485463813,0.6228813844741768,128337093.49011417,2782.278792763406
56,459488.8199786325,-3.210218530308693,0.5227937891432082,459488.81899478444,630.4245713154475,483662.2003205128,-3.0915639925561287,0.5213637853997241,483662.19963947835,628.3240776826174,128254522.71030395,-0.06283726132814382,0.6144384012770601,128254522.15505485,2768.6589953773396
57,431301.015758547,-2.951938448158449,0.5065948967775684,431301.01613781723,611.3186745609653,460424.42067307694,-2.8949829339659248,0.5052950604639938,460424.42861153546,609.8407889665701,128146777.32273932,-0.061944428891638204,0.6027962867236671,128146782.42699388,2750.1787109451975
58,408043.6781517094,-2.7388353883844854,0.4906011602263272,408043.67864932015,592.2482876818405,437150.4391025641,-2.6980954566310262,0.489300956377283,437150.4359421031,590.8315678254152,128040589.31971245,-0.061064430229697875,0.5925247896857385,128040591.37405393,2732.4247762329087
59,383080.6800213675,-2.5101036403213115,0.47316376890934597,383080.67969153106,571.9167881738766,414075.6794871795,-2.5028934150281335,0.47189919415149095,414075.67797973525,570.7594867700185,127931180.51608022,-0.06015781927483377,0.5811416956467101,127931188.96690522,2713.9265904257586
60,361641.3408119658,-2.313658596193121,0.4572010981959738,361641.34093178675,553.0107193047504,393442.1842948718,-2.328343358475984,0.4560436978381502,393442.1831956377,552.0772351760131,127831985.36990793,-0.0593356452771403,0.572336316876838,127831975.72228232,2698.2168082676135
61,338344.06931089744,-2.100189633589061,0.43881614747630837,338344.0700626213,531.2616431003282,369979.44591346156,-2.12985920091815,0.4375361197471834,369979.4475735958,530.1931769450506,127721121.86303443,-0.05841695386148671,0.5620848396538074,127721115.54376791,2679.920291880909
62,322243.18674323364,-1.952659935601054,0.42407662576801636,322243.1845130543,514.0749139711048,351611.0104166667,-1.9744705023118847,0.42259722617032536,351611.00951329555,512.6263120908004,127631121.04981713,-0.057671175009458286,0.5542909227624939,127631121.0415233,2665.499312602041
63,299415.2478632479,-1.7434913941871053,0.40981992706519516,299415.246871986,496.97781491075824,335163.68389423075,-1.8353335809658167,0.408540578691499,335163.68776744575,496.4356271548149,127543363.95711944,-0.056944005398123165,0.5471237079017367,127543372.15049277,2651.63874268625
64,280317.7704326923,-1.5685044485055704,0.3922934225181346,280317.7714245969,476.1540690222357,314031.3080929487,-1.6565632002047392,0.39071754267347397,314031.3100882511,475.1012337391193,127437761.60600328,-0.056068836268690525,0.539186012797384,127437763.88610056,2634.9449363975027
65,258128.6022079772,-1.3651888318071332,0.37553167599632903,258128.60192485803,455.94777869634817,295838.50881410256,-1.5026603129774538,0.3740425809588919,295838.50921732734,455.44532426809656,127337188.12561484,-0.05523536524221795,0.5324070733080648,127337187.4082899,2620.0686197654945
66,244993.15531517094,-1.2448309530298056,0.35744195927037054,244993.15558686072,435.5746722574587,277946.97275641025,-1.3513060021387324,0.35588319760623033,277946.9745771859,434.5143821789668,127229515.92760752,-0.05434312643722361,0.5246568498624194,127229519.31483243,2603.4918408027615
67,221257.00618767805,-1.0273406210559077,0.3408355484102487,221257.0062487543,415.1184150554516,260506.5733173077,-1.2037680712784065,0.3393417989679681,260506.57274062978,414.8981558604118,127124072.09257157,-0.05346936248734435,0.518644776743855,127124080.6160348,2588.6704571507803
68,202150.55074786325,-0.8522713946713145,0.32084394502172364,202150.55096746775,391.7657206255486,241955.01161858975,-1.0468302552276971,0.3194453123790383,241955.01410539955,391.79515745089606,127009380.88535754,-0.052518922077324115,0.5120080535589364,127009389.22812498,2571.4587446990477
69,189129.7299456909,-0.7329638079914214,0.3053286218636369,189129.72990888896,373.2952974936222,227828.8685897436,-0.9273294531895411,0.3037923571796793,227828.87044062742,373.0544825945145,126919355.18400808,-0.05177286642850909,0.5076054310452999,126919361.32430434,2559.072433820001
70,172374.70590722933,-0.5794403510086301,0.2874012928831155,172374.70604749164,352.222333410187,212851.27924679487,-0.8006258410771339,0.285827095004385,212851.28537827832,352.1983408622253,126812234.80161433,-0.05088510802248303,0.5029086140763651,126812233.8888099,2544.4157287774706
71,158008.43718839032,-0.44780464977741197,0.2689389315841572,158008.436823968,330.8804532211391,197944.78125,-0.6745236035079318,0.26733019444225253,197944.78856846615,330.7982056691096,126705759.82217178,-0.05000274234393376,0.4992995390209008,126705757.20363334,2530.8509651190816
72,142974.3603320869,-0.3100499366917657,0.2504626821222406,142974.35962084285,309.1246412934741,184395.1610576923,-0.5598998870359102,0.24894121338002237,184395.16330522412,309.3962206718249,126600888.29158784,-0.04913371597513683,0.4964286052127013,126600890.19743626,2517.8297843726227
73,128242.71182781339,-0.17506633098389912,0.23292619070654857,128242.71157837943,287.74555136403467,171742.04086538462,-0.4528601619438659,0.2315798421151374,171742.03873451927,288.5276393279051,126495739.11514693,-0.04826232926154339,0.4944841052923778,126495738.36410241,2505.275741278862
74,118675.50874732906,-0.08740366185937942,0.21836982019115944,118675.50835223173,270.6501535065154,161870.7640224359,-0.369353607835083,0.2169053405248968,161870.76121862372,271.3795241514842,126415695.1625678,-0.047598987011583604,0.4933821161144287,126415691.63786368,2495.824732718514
75,109278.03914040243,-0.0012962355238408385,0.2023251451485164,109278.03899315406,251.9628154728827,152767.0655048077,-0.2923404380525967,0.20097772106805684,152767.06415657786,252.86102694120163,126322142.60713835,-0.046823744941000944,0.4929134730828068,126322141.7549843,2485.8202785761846
76,97629.1096309651,0.10544094240022728,0.18533028960922215,97629.10925848532,231.28073667325185,142178.66145833334,-0.20276734652039075,0.18414446077573318,142178.6635943983,232.61989783018063,126225619.39185269,-0.04602387567598898,0.492716120055931,126225620.06337327,2475.261532934937
77,91799.2192619302,0.15885923875585461,0.17186798712045037,91799.21949659666,215.95537274855155,135092.94961939103,-0.14282534744940456,0.17052087343950365,135092.94303028,216.94882974869165,126154100.23281625,-0.045431228009396696,0.4930434034209988,126154104.18220241,2468.24814231123
78,81925.4423633369,0.24933099853731644,0.1532316942339845,81925.44174489507,193.9636766910553,125935.46834935897,-0.06535726589238244,0.15192893647614517,125935.47102302636,195.19945790828803,126051163.89254636,-0.044578172257535575,0.49377212112830954,126051164.3796499,2458.2530109291497
79,73198.35554108796,0.32929581666948393,0.13991358029205916,73198.35559006111,177.5563718525433,119308.56014623397,-0.009296551809375053,0.1387563368850397,119308.55565861383,179.36792220213474,125971672.76655316,-0.04391937506598986,0.4951800006504628,125971666.11394815,2450.79392449019
80,66128.55464298432,0.39407520808710084,0.12505470773509855,66128.55485563242,159.78294513368198,113502.13371394231,0.03982316660090768,0.12426735043792202,113502.13271247114,162.2327480744093,125886802.66086517,-0.04321605319311539,0.49665289707921106,125886794.9732676,2443.122634962748
81,61648.73960559117,0.43512300526108005,0.11086368306724792,61648.73897195993,143.78129490963755,109101.01126802884,0.07705469307243507,0.11006804334112562,109101.00834489048,146.1979752014845,125807833.14339766,-0.042561782780731194,0.49898287160854043,125807842.96231188,2437.257823823334
82,59162.22341858084,0.457906532317627,0.09543280634799851,59162.22292430458,125.75088058373866,103632.19150641025,0.12331840631503,0.09464176375592993,103632.19266679947,127.84148224194844,125722342.96910077,-0.041853223379526794,0.5016016525491128,125722339.79947925,2430.378328167245
83,51234.963872751956,0.5305426734621893,0.08338471435332497,51234.96345532725,111.34099510388496,100689.36167868589,0.14821344787130852,0.08318921676423494,100689.35941742786,114.84248021321419,125651573.71547484,-0.041266821663333175,0.5051729225218524,125651577.6286015,2426.2647005202175
84,51072.76972322383,0.5320288295056264,0.07111415718897275,51072.76947885668,96.82714719650073,97358.87267127403,0.17638783929538937,0.07086949699908084,97358.87548647472,99.8455307605939,125581635.01853953,-0.04068724563746584,0.5080113430777975,125581639.12629755,2421.19976711189
85,49461.79669276398,0.5467899002015566,0.06210703569881422,49461.79681975478,86.56433627748082,94983.7070688101,0.19648071293516067,0.061969461087495445,94983.70465219954,89.65958005954057,125527004.84373818,-0.04023447315809969,0.5102860837161858,125527002.24057764,2417.628467364966
86,44514.25407874822,0.5921234020530297,0.055720874804228174,44514.25381772823,78.4191010385497,93722.30222105369,0.207151645109245,0.05621232300807534,93722.29788038538,82.78416184889964,125484488.14251482,-0.039882119619448764,0.5123897375298458,125484483.0926576,2414.7184668858604
87,42519.50012520032,0.6104009973912606,0.04832618577279382,42519.49971278809,69.47666674937278,92163.126565004,0.22034153979652438,0.049060776026300275,92163.1255225611,74.27061594449557,125436642.25551772,-0.03948575349794248,0.5146843475822114,125436652.86562105,2411.5928261668255
88,43685.46741174768,0.5997174289174236,0.0431194601215372,43685.467755860984,63.43698687159438,91511.46176382211,0.22585429687997538,0.043555994205880195,91511.46463642785,67.60505132186107,125398643.67284651,-0.03917068309418048,0.5161984036403832,125398632.74198595,2409.090211785295
89,42843.11061170094,0.6074358010942095,0.039658452115999665,42843.111072818814,59.435681518326454,90948.46853715945,0.23061703486370388,0.04027423603766231,90948.46321845968,63.897413889567055,125372882.13318199,-0.038957293762461154,0.5174792540538278,125372882.65985349,2407.2336561491907
90,42930.98903523415,0.6066305936847255,0.037249650635354285,42930.98864947337,56.52232803034986,90554.5185922476,0.23394965953175828,0.03785933423859925,90554.51494331197,60.93655023819361,125351311.43473326,-0.03877860637763386,0.5186233240933852,125351320.125315,2405.9658422509783
91,43721.88576861868,0.5993837370489008,0.03619500780240538,43721.88574259302,55.61175853098899,90233.49586838942,0.23666531601643437,0.036839996834874725,90233.4982388847,59.85883690760686,125341869.7028629,-0.03870029041069545,0.5194064735195725,125341869.5939098,2405.6446593784117
92,43861.89149862001,0.5981008810040028,0.03381169690217458,43861.89225407623,53.00139865712223,90268.51502403847,0.23636903479238025,0.03437733782948933,90268.5215279738,57.132662332974945,125316997.50409888,-0.038494228376211526,0.520870025456786,125317003.71017703,2404.088632391897
93,42300.86811120014,0.6124042847046707,0.03391532939546478,42300.867802088076,52.775264318852,90389.60212590144,0.23534476810577953,0.03459881350907143,90389.59969748552,57.29789145787557,125318939.95964181,-0.038510244343179734,0.5207253630599364,125318936.38629322,2404.320143904718
94,44885.97570974671,0.5887173766342289,0.03629938099285627,44885.975757072854,55.68094546706588,90047.75147736378,0.23823665972395414,0.036908924712591266,90047.750305979,59.81030960572072,125336659.05032161,-0.03865708674154189,0.5189709721180927,125336656.12789366,2404.8794968492343
95,40393.20915478655,0.629883842615218,0.03400900126770901,40393.2087665654,52.334929064128474,90460.73745492789,0.23474301427942512,0.034871972276379615,90460.73278493706,57.42545228126721,125299441.16836928,-0.03834879085566856,0.5215130537656972,125299453.49776039,2403.277795898191
96,42663.8366059306,0.6090784559068889,0.0336845131689294,42663.83735710533,52.41427100961364,90278.5185171274,0.23628445324762148,0.034441257880803204,90278.51987971934,56.93828827295548,125302378.5395384,-0.03837309398578426,0.5212515920939673,125302386.2010568,2403.1461028610115
97,40972.34349055711,0.624577326095945,0.0342861286006863,40972.34379028549,52.92974418520588,90066.88351988181,0.2380748235392247,0.03498410185945556,90066.88089888428,57.64880577723185,125307764.9817127,-0.03841764865742814,0.5216286744517099,125307762.69502194,2403.984521087173
98,41211.52780699119,0.6223857248462293,0.034274397436045094,41211.52763850857,52.95517362556566,89786.36817658253,0.24044778644299447,0.03484685669963897,89786.37387032791,57.4441541158236,125313175.37797956,-0.038462492161944084,0.5206459304238511,125313174.04297963,2404.089118086716
99,42289.84070554554,0.612505324833282,0.03422712669683139,42289.84062878757,52.93377017839003,89468.77006961138,0.2431345466144148,0.03501652389127673,89468.77298793255,57.41718475635235,125293769.080338,-0.03830170462937077,0.5215425223069554,125293771.51645088,2402.427796156834
100,41318.26645340879,0.6214076986066006,0.03557385094222872,41318.266069912504,54.43973225949497,90042.427346254,0.2382816642325415,0.03639961050519563,90042.43034039698,59.20443450487577,125316571.12599319,-0.038490625881849594,0.5208810134268963,125316568.99057342,2404.389801529591
101,40227.30608000579,0.6314039806690566,0.034155969421399666,40227.30610996005,52.59598958322465,90313.0364458133,0.23599243396143643,0.03483782146411364,90313.03936677866,57.40467323401035,125308359.65367638,-0.03842260450747581,0.5210267771712517,125308360.72653897,2403.7756158138586
102,41065.10442402288,0.6237273747096874,0.03386186888919925,41065.10457119579,52.425083922524735,89890.98087565105,0.23956285231593333,0.034579569482202956,89890.98159177846,57.08563760610727,125305889.11993946,-0.03840213819548621,0.5211712836080657,125305891.01912466,2403.474266488129
103,41150.112049417956,0.6229484663378497,0.034350248426816256,41150.11196102708,53.2751166868074,90872.93299278847,0.2312559964134625,0.035111524833737286,90872.93182039197,57.96752740175296,125309525.18627822,-0.0384322220555362,0.5215438468006234,125309521.29370731,2404.030849195546
104,41767.993193971466,0.6172869202483523,0.033764469934226125,41767.99369510348,52.396068403184245,90061.99482296675,0.23811616693846527,0.03449497126303645,90061.99371162444,56.96730118531447,125304151.65266742,-0.03838779031278383,0.5213462727301654,125304159.63379702,2403.191378692192
105,40575.10819185697,0.6282171262993723,0.034607447545603263,40575.108472258624,53.386243431656446,90691.29793920272,0.23279256195954867,0.03545521332557063,90691.29500052005,58.26124874750773,125297849.95863287,-0.03833549448447382,0.5220323872005878,125297849.00025542,2403.4770440688453
106,43064.96863314637,0.605402958224898,0.03542798935188228,43064.968575582076,54.58977772639348,90016.599997496,0.23850019130974143,0.03593105879390524,90016.59833898344,58.678581482324844,125297885.64585698,-0.038335795031462894,0.5218863974592852,125297885.26781195,2403.269447776014
107,42089.22627732149,0.6143435180849389,0.035477945402177746,42089.226518092924,54.67107821461821,89523.89709159655,0.24266822253246134,0.035923064325434684,89523.89697759342,58.77748640989646,125305615.31693782,-0.03839975848407917,0.5212699764870257,125305603.85498345,2403.832068476134
108,44193.10137122173,0.5950660710966575,0.03381356587881466,44193.10100491927,53.000786610138725,89949.20159129608,0.23907032116002025,0.03426703281565099,89949.20350953248,56.8866008245028,125300868.1475596,-0.03836060761521076,0.5211481187087326,125300879.44781281,2403.0948416278948
109,42258.99739026887,0.6127879368359826,0.03318256308349149,42258.99732352447,51.92484420385116,89603.88442132412,0.24199155745797674,0.03382154886531514,89603.88529476013,56.20849308600793,125297582.66868457,-0.0383333727510633,0.5213482919022148,125297592.96679233,2402.7338175932987
110,43365.738766053466,0.6026470561804713,0.033487521098809134,43365.73827828111,52.45645156681028,89890.68944686498,0.2395653219574616,0.03408521566465938,89890.68965640703,56.61795734747862,125302597.62668684,-0.038374902342384276,0.5213065834541477,125302604.41876525,2403.322107467815
111,42048.92841602119,0.6147127627588559,0.03411343690495856,42048.928420044846,53.03132617371714,90644.4459760617,0.23318888345372235,0.034681666051876836,90644.44598972976,57.412433294149544,125303678.82507251,-0.038383854597508815,0.521237863457056,125303684.7038145,2403.4249236633323
112,43143.46402438346,0.6046837124471913,0.03392990189670807,43143.46459439591,52.8732711698255,90337.652731871,0.23578421710478625,0.03469452452528139,90337.65260100222,57.33087589801886,125294463.75608526,-0.038307467092753456,0.5211876705771508,125294466.88347882,2402.198727666783
113,44716.300424429086,0.5902720817583145,0.0343195577364511,44716.30056890658,53.60251909647233,90475.86273662861,0.2346150323650863,0.034723753774863045,90475.86147761198,57.42689018983107,125310959.83100012,-0.038444131429935524,0.520572480846209,125310958.41976444,2403.4322924518333
114,40475.15032524261,0.629133026235069,0.034541115281622785,40475.15029271497,53.08176931968102,90234.29611127805,0.23665856651467476,0.035162763404956214,90234.29609488144,57.72758002158923,125296723.54218692,-0.03832609991445057,0.521314524123945,125296715.34025587,2402.6484070478523
115,41500.186370414885,0.6197407923238252,0.03495423784028644,41500.186507945284,53.87894904375756,90904.62057416867,0.23098794440683246,0.03542713934749438,90904.61814458984,58.246910902170036,125309885.26800354,-0.03843518059287199,0.5207695455884865,125309878.3058352,2403.6255693381545
116,40133.150136746575,0.6322667167668434,0.03556781482295561,40133.15004945571,54.24607721421114,90645.88012069311,0.23317675816992645,0.036121439089331304,90645.87931484521,58.928426180130394,125295312.87678143,-0.03831448270010429,0.5217963899394312,125295313.46968833,2403.0472414418687
117,46689.21847316818,0.5721945632922281,0.03449584445181702,46689.21896982612,53.9157962636051,90283.93753130008,0.2362386260626287,0.03513686107784089,90283.93709356159,57.97781149546305,125301633.12826334,-0.03836692973678235,0.5214155325870277,125301642.34982109,2402.8977427045397
118,46611.61144289196,0.5729056665931773,0.035289828857582736,46611.61159301558,54.5260891364171,90116.51337139423,0.23765489929409467,0.03582593224886207,90116.51998175113,58.5069116567954,125288066.74006811,-0.03825437763817563,0.5222191675166028,125288060.48159952,2402.611335253081
119,64699.471832710115,0.40716965483870327,0.0347022852059229,64699.47182111289,55.23960188379315,90145.11022636217,0.23741303779512823,0.035163125241324825,90145.11033615132,57.82290966082842,125292085.30861396,-0.03828767832945612,0.5209164954238606,125292078.9371082,2401.947040682468
120,43445.949872573896,0.6019120923047143,0.03477859850559962,43445.94971643909,53.835344741147466,90459.28584485177,0.2347552429321209,0.035321547885869095,90459.28724062387,58.04189086571718,125281073.0470425,-0.03819648706684453,0.522346335328853,125281074.7201537,2401.9429446992694
121,49877.72601718305,0.5429788077081714,0.033883353326180324,49877.726391167555,53.13202966244472,89693.32875100161,0.24123492400167001,0.03448190196546856,89693.32664346295,57.00128455039783,125290683.76466137,-0.038276128127880726,0.5215883007558427,125290685.15309463,2402.0521417743607
122,44203.962134554175,0.5949665508754995,0.036254810111189174,44203.96230073012,55.440834890403636,89789.9794108073,0.24041731249419251,0.03687098947552799,89789.97618404854,59.67517111851619,125276549.79669568,-0.03815900661637639,0.5231305744229945,125276551.88543588,2401.867795388295
123,42188.47437427662,0.6134341281671878,0.03420197330463318,42188.47421659245,52.972008205207324,89573.99395282452,0.24224445118801075,0.03468258499969153,89573.99082458545,57.23701770489033,125297214.34909825,-0.03833019917967628,0.52181523092872,125297210.006111,2403.058097786434
124,45315.56474595464,0.584781126272599,0.03532702172969384,45315.564629221124,54.40626300366176,89297.84216621595,0.24458055272553647,0.035858237150830356,89297.8411638991,58.34408184198233,125271822.99331568,-0.038119822835906536,0.5226099818109464,125271823.50676188,2401.2861420189633
125,41663.21666958801,0.6182469742528918,0.03425282523821719,41663.21669183361,53.1162833916156,89727.61643003806,0.24094485439623958,0.03480016822340016,89727.61565951312,57.47645458808312,125297045.89128515,-0.03832894594940606,0.5215635092259656,125297058.77651517,2402.8503481859757
126,51184.705720124424,0.5310031749074531,0.03403175518121413,51184.70590605601,53.56811664586733,89568.3759765625,0.24229192632504215,0.03458041121316296,89568.37880696905,57.26547129948934,125306413.52629587,-0.03840657424460092,0.5212898839102079,125306426.32530949,2403.1737801836516
127,48757.121801827365,0.553246716907272,0.034047325244866054,48757.12197658044,53.32041051788548,89871.61416391227,0.2397266850254336,0.03459896430340848,89871.61499045097,57.12305009059417,125296389.94627318,-0.03832344584983027,0.5216659277440697,125296395.06940913,2402.6837651934356
128,67827.7058411514,0.3785061705910763,0.03466964408681673,67827.70624182171,55.28745589297042,90752.00528971355,0.23227896536184822,0.03500456049616147,90752.00705601352,57.86523421605428,125296775.42666163,-0.0383265411900211,0.5218634203062205,125296768.58978851,2402.978655861912
129,39128.69962704216,0.6414703268300668,0.03507641621364545,39128.69959445073,53.62707037735529,89672.13376402244,0.2414142256068521,0.0356076253235889,89672.13146995008,58.260772686738235,125286590.63059655,-0.038242168853428016,0.5225971655629559,125286587.22514637,2402.875954346904
130,42778.80508257657,0.60802502647067,0.036667240402635415,42778.80503492492,56.24596549642731,90227.50583433494,0.23671599412125222,0.037162379858347874,90227.50759968307,60.4240288856702,125290340.59149955,-0.03827329629873355,0.5233507495920946,125290343.43107632,2403.820731486449
131,43442.01848791399,0.6019481114204338,0.03457559319321752,43442.0187136125,53.4648647620807,90234.48935797275,0.2366569147914922,0.03510263141951196,90234.49134444105,57.64290639681694,125279259.25766174,-0.03818140361488376,0.5220667682611986,125279254.57233423,2401.921730744882
132,39471.638835330974,0.6383280338975639,0.0347983832007559,39471.638674238944,53.20472836018967,89787.7166779347,0.24043636845466942,0.03535317127606002,89787.72358631885,57.896630971859665,125289268.28578636,-0.038264409916416664,0.5221331756697064,125289271.09501961,2402.8919159370466
133,41524.10191027867,0.6195216589087977,0.035168086639650493,41524.10197773584,54.24621979055921,90679.6923828125,0.23289070715681714,0.03569856971811809,90679.69329464884,58.79672411160591,125295181.81586581,-0.038313408795286774,0.522083646171668,125295183.87962386,2403.309849508504
134,45417.46606167089,0.5838474214817154,0.034846669113205095,45417.465969630044,54.15666799463777,89436.96298452523,0.24340367334402901,0.03534489367919355,89436.95962114572,58.12905338482979,125292210.27721024,-0.03828880312575711,0.5222256368774305,125292214.66834132,2403.2492431301926
135,51197.83020610755,0.5308829200001959,0.03540650825682865,51197.830114435266,55.11426479660208,89827.98830629006,0.24009576980937053,0.035910601852549705,89827.98562066055,58.82952271975004,125289002.48455039,-0.0382620767859394,0.5225771762368447,125288989.55188467,2402.747370184558
136,44152.82844565193,0.5954350831762659,0.03454510778215308,44152.828291416765,53.78133296015596,90328.04279346955,0.23586554768012602,0.03513968961380126,90328.03854509637,58.16128664750319,125293635.07201412,-0.0383006031563915,0.5219418614472707,125293638.59968576,2402.8721686122785
137,57031.40787412638,0.4774308314799044,0.03523707932053565,57031.40783734568,55.54125683939355,90827.02274889823,0.23164439440667894,0.03563952129923902,90827.01944359022,58.75233424015534,125289194.00403582,-0.038263720530115286,0.5224187407455829,125289187.90550989,2402.9686936681455
138,41810.88595363693,0.616893903644323,0.034918215496876785,41810.886180120775,53.976158720815285,90737.32540815305,0.23240319378753438,0.03546714237256627,90737.32206178286,58.419255048800736,125290297.03014252,-0.03827293121588338,0.5223411674010884,125290299.37585902,2402.8649060060134
139,38754.319580773685,0.6449007060105361,0.03553675559222631,38754.3197690352,54.021368265831235,90503.25901442308,0.23438324205879169,0.036259334982519514,90503.26132021533,59.081880875122856,125277164.85862026,-0.03816412164099958,0.5230039019326893,125277169.12484092,2402.26477788222
140,40374.9882666433,0.6300507913182396,0.03525220119316186,40374.988557369164,54.102100092461306,90346.33156800881,0.23571082199296034,0.035828081701541836,90346.3286088303,58.815680332672905,125287436.0908059,-0.03824929203943106,0.5225502986864229,125287446.79306921,2402.9718860631515
141,36741.07525443487,0.6633477277295472,0.035671539213965445,36741.07504964101,54.093793922679716,90291.1920698117,0.23617725050995175,0.03625190278740018,90291.19227394392,59.18935444416144,125284371.03014252,-0.038223775268418025,0.5230601901547108,125284367.63749923,2403.1509937868996
142,40371.086635839565,0.6300865418973345,0.03501835882309062,40371.08686170933,53.86283265831124,90562.31019631411,0.23388374079509078,0.035527354032390865,90562.30717171951,58.52526398194142,125295518.86643966,-0.038316150296712426,0.521967923836031,125295514.70163034,2403.6194654684346
143,44698.03501644298,0.5904394505452704,0.03606068296843034,44698.034513189676,55.59863675421799,90558.91641000602,0.23391242199474216,0.036499918299267756,90558.9167781837,59.66734181917631,125288343.08286038,-0.03825669968218337,0.5229358492812394,125288340.68690982,2403.6225389491897
144,40881.05190874844,0.6254138135646258,0.036626804680953993,40881.05241518913,55.810260697987005,90350.59533378405,0.2356747030365952,0.037185650896798116,90350.59821671521,60.4595454167097,125280392.58695926,-0.03819085767409125,0.5235398304549894,125280395.41100277,2403.3027596696807
145,40518.708296468794,0.6287339085638758,0.03586335268716608,40518.70862728983,54.95663173789652,90410.34918995392,0.23516925731233596,0.03636377892679139,90410.34676060657,59.47684030043773,125286522.72720394,-0.0382416474814713,0.5227814069191664,125286524.31023586,2403.005068419725
146,47976.495452446135,0.5603994690142852,0.03478943329160733,47976.49512917236,54.339220955840545,90783.26451071714,0.23201450567652915,0.03520350023630468,90783.26873329638,58.19713135254689,125292690.93757094,-0.038292741645739925,0.5223157366286021,125292689.93677309,2403.478045787467
147,65897.81402883503,0.39618943880627366,0.034762719248976316,65897.81496190914,55.24421372237029,91017.6832369291,0.23003141987823217,0.034961195129116454,91017.68853976234,57.770798744299476,125294943.37016018,-0.03831134868017827,0.5221131742551143,125294935.28175433,2403.6159373608252
148,48795.99111216836,0.5528905580246034,0.03617628733709593,48795.99193622595,55.77274297513174,90091.34801933092,0.23786782301030696,0.03663447653017492,90091.35035147627,59.58811678030552,125278825.91953588,-0.0381778475392045,0.5230317994193477,125278825.4541582,2402.8379324697607
149,52836.99425817419,0.5158635334744142,0.03502606267087832,52836.99447777571,54.75138627429973,90197.68686773838,0.23696825793440635,0.03539493172669393,90197.68759173952,58.187256849729096,125287558.0234582,-0.03825031013817948,0.5227956702095893,125287569.64891294,2403.562748913206
150,46306.704878500044,0.5756994729655952,0.03394193313744503,46306.705141884566,53.116664493185844,89848.55173903245,0.2399217496603503,0.0342850697790522,89848.55647527991,56.936212466313286,125303258.43284146,-0.03838031787366569,0.5219529632662878,125303257.92086005,2404.121890370791
151,42989.68053677551,0.6060928090748892,0.03531235909501308,42989.68061842187,54.5377511923809,90589.00684219752,0.2336578607872487,0.035779414204564354,90589.00836022498,58.75708077504085,125289863.55706899,-0.03826940512144272,0.5228097690366652,125289873.87557407,2403.4755713426384
152,40925.94932517027,0.6250024286309286,0.0342937189865168,40925.94955674508,52.76131959246774,90355.4599984976,0.23563354333826403,0.03479926481970881,90355.46368876149,57.30623827225123,125283726.4643713,-0.03821845756232367,0.5227396440349062,125283725.94014922,2402.4395317186368
153,59681.39861208489,0.45314941110897955,0.03567745449887407,59681.39882699014,55.964779098489004,90049.86245492789,0.2382188421659034,0.036000253283906596,90049.85651263609,58.90351466643504,125286472.68280993,-0.038241175718679354,0.5228626953214177,125286467.3817543,2402.898796197971
154,57449.87283194778,0.473596512340524,0.035561120870527145,57449.8722852882,55.60167064150514,89875.97414613381,0.2396897859715128,0.03593950557980982,89875.97681336671,58.73957990988707,125282145.33434229,-0.038205344976653954,0.5229214980942146,125282143.62038071,2402.5679688392934
155,45518.60614970063,0.582920693309912,0.0345878589134644,45518.60590574634,53.81759183563059,89852.93768780048,0.23988465832406025,0.035006167280967046,89852.94102782027,57.808006995763535,125293095.66351369,-0.03829614960162808,0.5226456856410463,125293101.18106218,2403.4682668300306
