global_round,train_loss,train_mse,train_mae,train_mape,train_r2,dev_loss,dev_mse,dev_mae,dev_mape,dev_r2,test_loss,test_mse,test_mae,test_mape,test_r2
1,15140579621.805906,15140579403.712727,47635.105976253486,1.0018722452055422,-0.1751790180092545,15359558117.052631,15359558190.126635,48290.14955712216,1.0011030382262553,-0.17787700964634512,131694884.14251482,131694890.31628345,3323.6763219241443,0.997045317787413,-0.09134737865578191
2,15118616506.869198,15118616701.742136,47590.749564126105,0.9937439629086245,-0.17347432059666423,15337418967.578947,15337419367.88119,48237.07596028525,0.9910647487597901,-0.17617925184493122,131490104.64976668,131490083.57820746,3295.362042827252,0.9753044075397109,-0.08965015793451103
3,15087050077.974684,15087050232.623363,47513.65385090849,0.9765234464974716,-0.17102419955493442,15305811752.421053,15305812013.385225,48147.292859447996,0.97000578482885,-0.17375538159191373,131117939.25942741,131117937.69548146,3243.590474032261,0.9384656903061018,-0.08656620811219717
4,15045621911.223629,15045621987.664244,47426.52784014697,0.9635760622238633,-0.1678086288075582,15265654352.842106,15265654363.575134,48055.93436959626,0.9564948091665417,-0.17067581563778744,130678200.71408753,130678190.95800304,3196.054488496351,0.9118497949128705,-0.08292205420412269
5,14996242604.827003,14996242643.40984,47307.33800738252,0.9418048436556469,-0.16397591093438324,15219819897.263159,15219819959.162733,47932.81701461853,0.934274039044447,-0.16716091693172275,130135915.9901627,130135916.73198077,3136.446637555711,0.8789809590151187,-0.07842826136477488
6,14938755430.616034,14938755321.292963,47155.40043403466,0.9096071128402244,-0.15951386936041767,15164467846.736841,15164467901.576847,47779.33471934105,0.9019998377237277,-0.16291613884240608,129432214.59654433,129432216.97888565,3055.344372760274,0.8357412290240543,-0.07259674520604875
7,14870690794.396624,14870690779.139862,46970.95024479228,0.8708146242844644,-0.15423084685012234,15099929600.0,15099929636.110853,47581.469258417426,0.8647484357516446,-0.15796689888420778,128599257.44129147,128599255.76741724,2968.302657151556,0.80073890301684,-0.06569404736807827
8,14798289902.7173,14798289937.768686,46774.801368563894,0.8341055797856411,-0.1486112501757204,15032725234.526316,15032725191.142738,47426.43853895717,0.8365328601328464,-0.15281319786663095,127911037.55706899,127911045.73883358,2897.749216451848,0.7792019712612741,-0.05999089359456744
9,14720310466.43038,14720310370.720882,46565.850001947285,0.7925393304673354,-0.1425586448833791,14960334686.31579,14960334730.187231,47228.054828367734,0.7968482919460257,-0.14726179732361233,127239425.473578,127239417.23893887,2819.3457904324464,0.7528296952067082,-0.05442514991969705
10,14634551931.13924,14634551864.215082,46326.41413053984,0.7489459177495117,-0.13590225513935694,14877316688.842106,14877316602.197525,46978.74603195567,0.756810280309869,-0.14089539386769734,126524945.26043637,126524941.72137286,2747.816522662494,0.752970494536268,-0.04850433566990531
11,14540240399.122362,14540240471.190859,46074.66397236118,0.7129457783017445,-0.12858200884718962,14789032582.736841,14789032722.387342,46761.118726661334,0.7339219012078166,-0.13412517619192843,126125201.18829612,126125216.45227697,2711.564372745494,0.7922892206520143,-0.04519183718524444
12,14443812669.56962,14443812931.929743,45829.14095059377,0.6888814205760241,-0.1210975118622104,14698462800.842106,14698462776.553091,46543.36680933049,0.7069219840219753,-0.12717964718370123,125754889.43221088,125754897.19038855,2697.103323821117,0.8615623766443212,-0.04212302445639016
13,14340059680.405064,14340059658.812971,45603.93893784159,0.7082536346709617,-0.11304440726393361,14596748126.31579,14596747949.647852,46329.0226279058,0.7373856216645788,-0.11937945171786724,125691554.00832388,125691555.36259696,2721.4671976717564,0.9802236060685038,-0.04159811466259633
14,14231838382.98734,14231838373.812788,45387.30216522257,0.7424516353910717,-0.10464450524941582,14492979900.631578,14492979920.63322,46115.792819173716,0.7705385810456647,-0.11142180253293055,125965890.57787867,125965896.39763242,2785.2765015895466,1.1277578110674442,-0.04387156178514329
15,14118705337.78903,14118705389.420832,45184.270877778785,0.7855546585194598,-0.09586336775413651,14392014955.789474,14392015109.667782,45952.883381692984,0.814457579290452,-0.10367912346967945,126502609.62517342,126502608.1562649,2865.9751298788715,1.2743780920909757,-0.048319258802624665
16,14007642224.337553,14007642236.62339,44967.472577451656,0.8409046994876985,-0.08724288610932551,14292307321.263159,14292307239.135714,45757.454121006165,0.8717852992479188,-0.09603283528047801,127001359.84058519,127001361.43370712,2964.9484080423967,1.4567628627605937,-0.0524523962434571
17,13881153065.046413,13881153057.027967,44725.834233507325,0.8873157588440324,-0.07742506963730245,14177262969.263159,14177263096.361591,45556.2829792876,0.9335294693133598,-0.08721045580896325,128465548.12132677,128465542.33977816,3127.228072683272,1.6814200800538557,-0.06458597249596632
18,13756636821.063292,13756636944.349184,44504.46640378513,0.953095487882651,-0.06776039835079262,14057730425.263159,14057730485.58955,45357.11693885452,1.0073669259699207,-0.07804386960976539,129475833.49627948,129475830.78402925,3261.439194189373,1.8811539547939342,-0.07295817010114036
19,13624454900.118143,13624454927.172703,44286.06626133174,1.036552787489671,-0.057500716141679176,13929607383.578947,13929607306.821922,45179.284971827736,1.1057440973116877,-0.0682184993220829,132252869.44179595,132252874.62992598,3493.2202131502536,2.168880670024524,-0.09597136001574436
20,13477559408.337553,13477559475.643625,44060.795646014594,1.119498941284005,-0.04609900898933361,13796545643.789474,13796545307.60392,44962.206984897195,1.1480955913600355,-0.05801438617010368,134904087.7760121,134904090.20383835,3688.536978452319,2.3949049368720563,-0.11794181885353061
21,13356988264.776371,13356988360.192709,43854.35321894678,1.2009578283484559,-0.036740539852997856,13688541076.210526,13688541055.345507,44799.636440866874,1.2424048052317325,-0.04973187412747171,138020890.65909952,138020888.04759398,3940.65862887004,2.702631617190615,-0.14377052905187981
22,13210153733.400845,13210153716.840532,43625.904276995716,1.2794834764491563,-0.025343552499790034,13544460072.421053,13544459989.178461,44603.110631064366,1.3429776528420765,-0.038682742813747506,142496848.16496405,142496834.47750452,4195.994291592522,2.9731220640632072,-0.1808624191894168
23,13064824067.240507,13064823963.26241,43393.47259493619,1.3779085059461134,-0.014063371435148353,13401740988.631578,13401741188.280134,44376.68439850054,1.4272847309098662,-0.027738079409920235,147623458.55114138,147623461.33763945,4505.8569501900165,3.313752796081824,-0.22334645764920524
24,12900304131.240507,12900304185.182251,43143.942129808136,1.4765550303560029,-0.001293702184582468,13247209579.789474,13247209554.94134,44169.95369679049,1.5415458669858855,-0.015887526423971066,152688985.97099257,152688979.988349,4771.496872881589,3.5834197809414725,-0.265324096171907
25,12754446271.189873,12754446291.91665,42909.1226068036,1.5751804592929877,0.01002747194001763,13116928754.526316,13116928642.311255,44006.30543707546,1.6641414579144211,-0.005896686200365986,157676886.63387564,157676887.75738266,5065.7457809457865,3.8999460864135287,-0.30665857813729147
26,12587487923.308018,12587487959.533735,42636.876604282406,1.6713039872772824,0.022986416499966578,12979649589.894737,12979649626.783411,43731.885376917686,1.7219985511227018,0.004630816888952727,165146009.2743095,165146015.8175385,5414.976650654195,4.251089900862504,-0.3685547785875798
27,12437564843.746836,12437564827.755314,42426.22636921295,1.7888712258985435,0.03462312564314729,12826802984.421053,12826802837.628746,43578.4840513907,1.882905580957638,0.01635216438573639,173364303.49552277,173364305.83121806,5791.707545826634,4.626317621765593,-0.43665923762863956
28,12286542398.64979,12286542368.318615,42289.539825374064,1.9225263607877197,0.046345162220865155,12676066896.842106,12676066839.374512,43478.79347094736,2.0242739796599785,0.027911641857157776,181398593.03115147,181398598.8872186,6133.386121469152,4.964288983644619,-0.5032389253064264
29,12113769474.160337,12113769486.368711,42062.87817687727,2.0018742365608286,0.059755419538938925,12516784990.31579,12516785159.930462,43316.45562316242,2.1320574630153564,0.040126461186766216,190191941.3696557,190191941.7751758,6453.393976029449,5.275349076455169,-0.5761088118095854
30,11926756697.654009,11926756675.428427,41898.448435239145,2.1571422861416716,0.07427094933841694,12336080842.105263,12336080801.194925,43188.26902503716,2.3015851932643154,0.05398411952971882,203907774.9718754,203907784.94114563,6920.061628434288,5.716532467186867,-0.689771152461417
31,11780866983.42616,11780866991.131681,41868.44150793804,2.3444775542863754,0.0855945910140774,12190931536.842106,12190931669.434986,43172.340249676454,2.4893181694226656,0.0651151574901766,216010466.2893177,216010465.40451938,7356.349617996437,6.131653675825661,-0.7900653139637355
32,11594080647.021097,11594080630.9969,41676.91047707791,2.486216474362216,0.10009254419193847,12036878551.578947,12036878440.254503,43032.05871352396,2.6441777024133426,0.07692902314095507,227640228.45049816,227640226.29017183,7776.167054631337,6.517771382369565,-0.8864404202907048
33,11422502987.611814,11422502991.009476,41512.71507101723,2.605189273857802,0.11341002941468525,11871952734.31579,11871952685.459509,42953.99074595853,2.811299910687177,0.08957666915179352,242696630.07087904,242696621.35163736,8181.667064730736,6.894009566244745,-1.0112118312609644
34,11235738973.974684,11235738933.068438,41334.67437417296,2.759966178240493,0.12790625154451674,11686964224.0,11686963938.003126,42844.83309285264,2.973173883814411,0.10376288401389888,261210050.61117417,261210045.62942848,8694.62593875134,7.368066499134548,-1.1646314286879074
35,11036973040.877638,11036973025.566423,41208.94543351906,2.9733446360985534,0.14333403127232935,11520118999.578947,11520118744.645514,42732.69773482021,3.160775637221807,0.11655772583117585,276141086.2101148,276141089.81807745,9165.669688295635,7.784264018524888,-1.2883640647586092
36,10891798798.042194,10891798802.18611,41059.72420885895,3.076407484951591,0.15460214041949305,11372805712.842106,11372805751.88772,42622.88851967611,3.2975331725863275,0.1278547035986185,293169383.046538,293169385.98509943,9584.967156573673,8.166158678228207,-1.4294764977483951
37,10725798823.42616,10725798866.259691,40982.00099883402,3.272957316506798,0.16748669631989477,11227204661.894737,11227204641.42309,42518.105136984275,3.4508192503385042,0.13902040240794422,315015457.81208223,315015451.02347386,10133.299282721064,8.64057683574713,-1.6105134822229985
38,10499537611.07173,10499537580.964222,40767.76150045415,3.4128970009048554,0.18504860778821275,11019717793.68421,11019717838.261023,42351.70913085184,3.5936866005243053,0.15493192357440044,339240632.35616094,339240627.5527054,10640.339177990309,9.097697782816372,-1.811266015895002
39,10340539556.185654,10340539582.970556,40673.05251438507,3.558687090964561,0.19738968841434867,10866683041.68421,10866682987.423452,42291.654197354066,3.75416636327343,0.16666769293996087,356987343.0717619,356987345.5922644,11072.293959784198,9.495411777228954,-1.9583319663331809
40,10160662299.00422,10160662332.997194,40691.50490385671,3.8078193135763603,0.2113513714087304,10670294932.210526,10670294944.033646,42382.66259485797,4.067109224416108,0.18172808454855416,387647516.432337,387647518.7534546,11758.66722779906,10.10480574095218,-2.212410917522831
41,9957119259.00422,9957119238.883858,40608.50974324283,4.006691361610071,0.22714994602629235,10495234101.894737,10495234095.014643,42303.34843561524,4.2381991990285774,0.19515295958703038,410758042.3962669,410758044.5760272,12247.39882977539,10.509116491724436,-2.403926410001303
42,9786953233.2827,9786953204.235052,40474.316309722664,4.175113757232634,0.24035786549653881,10346507533.473684,10346507621.53679,42267.17713146461,4.446159167974441,0.206558332818921,435659142.8003531,435659133.0462459,12778.163183236577,10.9908009614266,-2.610280183958535
43,9578347107.375528,9578347137.482807,40275.55457926299,4.320695721505752,0.2565494170970385,10155349935.157894,10155349753.31984,42073.50560284916,4.579377223896716,0.22121763847072606,467982583.2180603,467982591.97974867,13336.482838783068,11.47517755184072,-2.8781426810641224
44,9408512395.341772,9408512382.654852,40322.153172745486,4.592056242247365,0.26973162334428535,10019124277.894737,10019124403.861748,42197.407219246816,4.84998714086004,0.23166433916820262,493765070.5208728,493765077.0672072,13892.262326930808,11.943513143050062,-3.0918005340594306
45,9200770750.109705,9200770760.682968,40042.04450362544,4.680600045679435,0.2858560786110833,9821742942.31579,9821742878.944218,41976.598232131255,4.954726885386949,0.2468009178022641,535544568.5781309,535544565.3318831,14478.120039964057,12.452518628949708,-3.4380245590745924
46,9008272790.14346,9008272776.713964,39922.29583192073,4.884696641551546,0.30079735567436283,9606599518.31579,9606599417.238323,41843.25095238184,5.157073853467325,0.26329960442998235,581855800.8566023,581855811.0032507,15218.439309393327,13.095020132955947,-3.8218029763263806
47,8810937233.822784,8810937254.080149,39864.214739158684,5.116524492917133,0.31611411202321715,9440997214.31579,9440997076.50416,41821.303522423696,5.405500135153421,0.2759991357237781,607026234.1843864,607026232.3975967,15628.948939661765,13.43695385697579,-4.030388695502034
48,8641957207.493671,8641957206.462246,39767.21998469739,5.273854193452117,0.32922997774590335,9279477248.0,9279477231.795652,41805.32081058151,5.590172579467148,0.2883855930247502,659634572.1397402,659634588.0549169,16380.391604887911,14.100302630173461,-4.466350872197879
49,8467447542.2784815,8467447554.615476,39817.40011078295,5.552691518874557,0.3427750393860236,9110644250.947369,9110644191.026556,42000.30890566424,5.949259625342588,0.3013328767114929,702012192.3430445,702012163.4919542,17113.100664762067,14.705836470177223,-4.817531208473081
50,8274171247.257384,8274171277.685637,39631.19073509566,5.708596033183518,0.35777672586515497,8937414736.842106,8937414767.508743,41776.261887914254,6.049571713423137,0.31461730539298216,745985329.9109597,745985335.1612787,17703.358690211564,15.225877468237234,-5.18193415164911
51,8081850352.877637,8081850356.054872,39547.82898083518,5.9573199693177425,0.3727042597327992,8747458101.894737,8747458159.71795,41701.1259450536,6.32036449792569,0.32918449009826944,806551016.8747635,806551026.3917558,18500.59547367161,15.885612529888762,-5.6838382741409745
52,7892937326.177216,7892937336.23894,39433.746738167254,6.16651280263357,0.38736727963427064,8579543902.315789,8579543913.685164,41818.00450386499,6.6451900069539445,0.342061314258567,838578050.1874133,838578062.9980888,19048.818409133008,16.36981228258999,-5.949244337827203
53,7697848026.194093,7697848000.34735,39382.92158566145,6.422167885875332,0.4025096918276202,8405827395.368421,8405827429.002998,41882.72481969783,6.909261191818845,0.35538309415424363,890569594.6485054,890569601.9351156,19688.351468156845,16.90480811356208,-6.380094992662278
54,7507057832.50633,7507057792.445565,39256.34788026991,6.631510554234728,0.41731841500718503,8222906718.315789,8222906819.873528,41685.60200230699,7.102156196061492,0.3694107098849233,953135753.1613066,953135753.4243325,20439.510572961004,17.513858470069934,-6.8985768051027625
55,7327914066.092827,7327914091.695519,39241.48699920489,6.873175868230145,0.4312231614978218,8036915173.052631,8036915116.398762,41744.19983328016,7.391349876125586,0.3836738383418805,1022923272.5801488,1022923270.6970683,21256.014821974713,18.193490850295696,-7.476901627391468
56,7147516215.088608,7147516251.381876,39065.80603663026,7.029080874021454,0.44522525158816484,7857284149.894737,7857284318.576668,41408.99086110215,7.461775182014715,0.39744916861896395,1083297136.3006685,1083297113.263102,21886.828292871698,18.733930837353387,-7.977215911913646
57,6959412094.379746,6959412113.4609785,38933.25339590849,7.229423198522371,0.45982548782688837,7725967575.578947,7725967632.798464,41498.2237098217,7.711613022712337,0.40751943908159527,1134843052.297137,1134843052.904845,22495.235791378956,19.248709991637813,-8.404373913057517
58,6747273326.177216,6747273358.824518,38887.83938940567,7.4606073407480284,0.4762912390183024,7532341571.368421,7532341684.274735,41446.59392604075,7.956488799654347,0.42236801417821956,1219218425.4539034,1219218433.8737586,23263.46191763424,19.88012374194354,-9.10358745598509
59,6596576981.873418,6596576974.443252,38926.36762626966,7.7494244887023,0.4879879663556522,7372493635.368421,7372493467.78359,41640.22352992861,8.343412723116424,0.4346262794816397,1282321321.9886494,1282321315.442826,24029.98803147465,20.529218741427208,-9.626517117269854
60,6426588676.320675,6426588676.328355,38774.82509950143,7.904088270124387,0.5011820903006541,7206459715.368421,7206459647.938906,41458.249484727254,8.524598414703929,0.4473588995738329,1357217050.1843865,1357217060.0957062,24777.046724740667,21.16488746168054,-10.247173502670156
61,6217635416.573839,6217635438.856268,38540.85653597091,8.130732401767412,0.5174005885413546,7014492806.736842,7014492823.810061,41122.297604021274,8.639250278671103,0.46208024155237615,1422633636.1367133,1422633611.0079832,25316.45978469069,21.60568160450505,-10.789276398138291
62,6059705813.873418,6059705813.324966,38556.465738247214,8.358718411776605,0.5296587444082914,6850699695.157895,6850699624.054908,41168.78286724342,8.91519455699501,0.4746410354202639,1497013670.3483415,1497013614.1864345,26114.939451893366,22.295777915091772,-11.405658865964188
63,5875463825.822784,5875463812.977331,38420.64462836282,8.566028663725533,0.5439592098839721,6693634101.894737,6693634063.388124,41063.47075001817,9.088352890709931,0.4866859074554205,1610730632.7657964,1610730607.3283796,27025.62141545277,23.029259133347974,-12.348024527046595
64,5719038879.864979,5719038853.848891,38409.63326478206,8.804188907487434,0.5561005767999316,6555885541.052631,6555885513.964755,41066.51541952083,9.334186931750821,0.4972494176468931,1655101811.1499557,1655101872.3136394,27550.957763333176,23.47063713490288,-12.715726444812777
65,5502788434.092827,5502788459.223101,38115.50897201405,9.015201099203399,0.5728854645921475,6353235186.526316,6353235192.63996,40864.21248823718,9.578925738242578,0.512790043980752,1736681626.926977,1736681612.241523,28191.218823898034,24.021458400187818,-13.39177268402444
66,5383028708.995781,5383028715.917673,38065.90853216175,9.128641568481356,0.5821809567778825,6255886740.210526,6255886745.197024,40852.87860670843,9.691197227186848,0.5202553953110727,1802204457.1814857,1802204432.5259683,28753.70123912221,24.46506945116616,-13.9347562271811
67,5186151474.767933,5186151510.774873,37904.73936644989,9.375690139299966,0.5974621395146137,6027165372.631579,6027165419.009038,40661.586067011485,9.938779548022133,0.5377953263688443,1941471208.9474082,1941471227.8332531,29723.508849535723,25.26043950731949,-15.08885151233131
68,5040210665.316456,5040210662.005436,37839.34606803922,9.638662258685752,0.6087897524659547,5905341601.684211,5905341554.438962,40671.05253833219,10.241077478055637,0.54713762173484,2019979125.668306,2019979104.1580966,30505.605642410377,25.9693972295783,-15.73944140860731
69,4888269762.43038,4888269757.685761,37650.967867331165,9.789798857667531,0.6205830767485148,5770256734.315789,5770256709.011366,40554.144544011666,10.408666563912934,0.5574968607058591,2122105473.1138856,2122105485.5820687,31186.41938168038,26.51093531602286,-16.5857563900844
70,4706444216.70886,4706444254.229369,37477.57111909822,10.005183613499609,0.6346959789633747,5653289849.263158,5653289873.795892,40583.22147691877,10.67484504073996,0.5664666855137083,2205252918.5642576,2205252975.71039,31815.771721341356,26.990469535000464,-17.274794477860013
71,4531373208.303798,4531373215.940112,37156.84995669655,10.159981338970132,0.6482846142046508,5510813264.842105,5510813247.81528,40561.487417133234,10.959035150615108,0.5773927772721561,2293152309.3212256,2293152318.18745,32336.612929741692,27.462896578273337,-18.003210870990525
72,4407320125.56962,4407320127.135857,37142.037774974284,10.38487263733918,0.6579133465797309,5369163183.157895,5369163081.701345,40449.9804121946,11.175699828136898,0.5882554903797143,2422884621.9962163,2422884616.7402463,33119.74383493347,28.10292209189498,-19.078294373566465
73,4230689912.978903,4230689909.750521,36727.34506920018,10.420717674780416,0.6716230019292984,5186328495.157895,5186328522.1775,39849.9762533213,11.174876565225555,0.6022765072322946,2525850278.1465507,2525850301.9667764,33691.034256664614,28.557069518350577,-19.931564613540047
74,4098059738.1940928,4098059761.095675,36785.20454701995,10.668906523946282,0.6819174671342695,5134331634.526316,5134331598.101289,40032.939804190086,11.384242884418347,0.6062639905103661,2576327144.124101,2576327136.40952,34190.53988424612,28.995434300880763,-20.349863006284284
75,3956122403.64557,3956122411.231392,36401.063402641674,10.606310339885919,0.692934337161809,4927668830.315789,4927668794.392308,39420.15506715523,11.284450255175674,0.6221123217074405,2756234234.898726,2756234294.9784956,35046.44595639819,29.678883943340118,-21.840742458282165
76,3788656173.367089,3788656199.4684076,36215.696678377906,10.841682358382863,0.7059327022204867,4832578061.473684,4832578041.493868,39653.66813550497,11.752883363810547,0.6294045374263166,2819710370.1591625,2819710387.309877,35382.02799380636,29.938032552358603,-22.366764893980264
77,3633957852.35443,3633957856.2372737,35605.415959892394,10.720220894364335,0.7179400529458784,4697548826.947369,4697548870.335708,39118.34026347964,11.61464590825388,0.6397595069098162,2927271110.0133686,2927271058.294207,35625.937563059655,30.190582775825472,-23.25811349561004
78,3504894810.734177,3504894826.1372623,35387.78950225955,10.792675824189502,0.7279576461257694,4570546795.789474,4570546860.208397,38856.50761926801,11.72683690216317,0.6494988982423086,3025867329.703115,3025867363.32405,36077.391125782335,30.532036028836355,-24.075174953203735
79,3393136213.3333335,3393136218.6353674,35334.69775180475,11.005952410870574,0.7366321074601851,4494275947.789474,4494276002.657626,38940.73733451492,11.994452553532286,0.6553478743979388,3153939526.546097,3153939447.2919526,36877.39881240935,31.204978009653274,-25.136500360603172
80,3241755144.6413503,3241755160.943704,34830.95690493745,10.958889847148784,0.7483819776586578,4370903861.894737,4370903962.844843,38529.995996287,11.921085014664746,0.6648088945347069,3217514968.5458446,3217515008.9762373,37001.28423769746,31.330405057503416,-25.663347092652383
81,3130220603.4092827,3130220611.998548,34526.22474772518,11.024367057352917,0.7570390480526303,4220082903.5789475,4220082997.6576705,38005.838656789376,11.99404168308662,0.6763748878574078,3358477721.0059276,3358477747.8931227,37425.89640456512,31.72105771883292,-26.831496557188295
82,3040380364.151899,3040380368.487249,34455.49999240984,11.180256882081546,0.7640122533925418,4159857893.0526314,4159857928.2049246,37885.096779584885,12.06297463017214,0.6809933621543016,3397687701.6804137,3397687682.6303663,37669.992120006464,31.872967963601024,-27.156426851674173
83,2860083478.14346,2860083487.579147,33551.8101582336,10.953369480716724,0.7780065072322434,3991454585.263158,3991454634.6578336,37175.89796047462,11.946905522733786,0.6939076898558205,3564329374.978938,3564329361.184755,37965.62776526438,32.16374011987469,-28.53737609449111
84,2746333911.493671,2746333914.013649,32859.55172437253,10.679924200108298,0.7868355030452368,3965920377.263158,3965920444.8880663,36571.587938622426,11.585830483002036,0.6958658278906169,3567346233.4700465,3567346266.4041886,37662.1669245708,31.98729739739843,-28.562377000714385
85,2617537479.8312235,2617537473.4307423,32296.902586384665,10.621188561857656,0.7968324041235529,3820243833.263158,3820243808.246468,36189.314386480735,11.705267721199272,0.7070373185688477,3662956323.805776,3662956314.555138,37750.88702936807,32.04225597816979,-29.354691532979807
86,2518929705.586498,2518929723.4157996,31981.34368918113,10.609820547224828,0.8044861243505508,3749090950.736842,3749090935.4167647,35973.53150328837,11.733788526663039,0.7124938123064262,3817261688.7516713,3817261753.026713,38318.64965361529,32.50189618844623,-30.633411120230654
87,2376247144.236287,2376247147.0893354,31252.05867909681,10.569952363323631,0.8155608372438531,3617005770.105263,3617005755.325311,35147.40600687579,11.609762905380368,0.7226230162209457,3925127979.2316813,3925127938.619822,38486.81174993497,32.61688557532825,-31.52729150245291
88,2245296514.1603374,2245296513.8362527,30696.85503344697,10.43567404046642,0.8257249420968227,3486529145.263158,3486529212.6045613,34797.71703580806,11.654455831397202,0.7326288587111094,4073530042.196494,4073529988.2623725,38670.25469203241,32.73595111428997,-32.75709007303965
89,2170448321.8902955,2170448333.8333,29957.844587099702,10.17080955148342,0.831534495901222,3440371267.368421,3440371345.504663,34177.87580521483,11.488263584434733,0.7361685627701904,4134952857.845378,4134952782.3849444,38535.356383361315,32.62130430766475,-33.266096953977794
90,2089145770.1265824,2089145774.2435305,29549.536454976358,10.171353759114696,0.8378450246856697,3368600090.9473686,3368600164.437748,33720.15263970275,11.413368560137569,0.7416724726540193,4213212116.47774,4213212177.3468423,38544.75908256085,32.65728412530582,-33.914627700628145
91,1976040059.6793249,1976040063.6040468,28839.350367428382,9.91656500051611,0.8466240452512863,3317247218.5263157,3317247259.715253,33300.16254215492,11.320016706441137,0.7456105680798414,4329130105.9785595,4329130085.716567,38658.37089742756,32.73823506483142,-34.875232209540656
92,1815340035.7805908,1815340034.1419675,27695.733359557165,9.617599935732928,0.8590972338778058,3178300510.3157897,3178300455.827269,32072.324653638036,10.873302887640083,0.7562659686999387,4415926584.501451,4415926608.942069,38403.863463531816,32.59086325411196,-35.5945096080114
93,1742341704.9113925,1742341706.9861517,27295.838579048086,9.594656032460934,0.8647632061062038,3143995324.631579,3143995327.225389,31808.21055709688,10.934864844023663,0.7588967229047757,4582745435.144911,4582745431.499171,38672.69686115644,32.76512682555473,-36.97692683217934
94,1669949144.0337553,1669949135.6573162,26604.718165955965,9.376699654168702,0.8703821608778107,3087677776.8421054,3087677812.84888,31267.502426059622,10.767228505158535,0.7632155388891547,4546301644.72897,4546301740.153632,38051.64570105585,32.24189098412559,-36.674920224914814
95,1503209775.7974684,1503209795.1821415,25457.624262498903,8.984250959357764,0.8833241077596504,2911201219.368421,2911201257.029476,30126.443883431584,10.395270753047804,0.776748980103295,4816077448.701223,4816077521.34319,38548.57994141364,32.71450925034912,-38.910535372313106
96,1478766237.7046413,1478766252.0762112,25498.1214264083,9.167130242447367,0.8852213626940851,2864143744.0,2864143778.0192165,29988.856535572755,10.49917401068696,0.7803576726172327,4759749299.093454,4759749270.130062,38382.27262807022,32.55934902466232,-38.44374665212758
97,1392107771.949367,1392107780.281799,24461.30556789732,8.756398735684696,0.8919476057968139,2763617428.2105265,2763617449.74396,28872.72871008672,10.055921744667879,0.7880667257992247,4885069926.186909,4885069928.113985,38035.20473105057,32.29635900878378,-39.48227116324342
98,1291371680.1350212,1291371688.6387014,23426.43712677835,8.441551939329416,0.8997665232965099,2662187297.6842103,2662187272.056391,27939.36055320031,9.891899938462506,0.7958450923969911,5034202158.621768,5034202200.576543,37806.84885339813,32.11049014257071,-40.71812104499747
99,1242997479.6962025,1242997487.4105713,22960.462898374106,8.35454396628703,0.9035212241425234,2659078278.736842,2659078233.040416,27607.300820814937,9.81459776577811,0.7960835149826982,5073168708.479758,5073168775.190886,37527.419834921646,31.876241727294737,-41.04103462925595
100,1108328438.0084388,1108328446.5621676,22210.43057714434,8.169864607268773,0.9139739437485953,2619879706.9473686,2619879740.125806,27166.093863449598,9.69267680570292,0.7990895261612349,5202847632.708286,5202847764.382791,37794.24030408548,32.072549114367206,-42.11567636046834
101,1059781747.8481013,1059781743.2850642,21369.774977099543,7.8536416885687474,0.9177420338304572,2542469335.5789475,2542469343.891181,26269.472884266,9.470565404833257,0.8050258900138743,5324544468.606886,5324544497.608669,37532.49702745164,31.87429752467676,-43.1241696321364
102,962219450.8691983,962219448.3000357,19890.50054999947,7.21672841478186,0.9253146080997827,2472281748.2105265,2472281766.196473,25008.338568423922,8.961618454740995,0.8104083582532606,5427486165.995208,5427486155.833298,36741.17434873664,31.150610711915633,-43.977240761837145
103,875731818.3966244,875731816.5136737,19380.539496416783,7.279921626174922,0.9320275909706839,2377273714.5263157,2377273733.0942245,24514.983264320774,9.077187279279194,0.8176942304468237,5647717999.22714,5647717924.657194,37643.146106386564,31.90914114140741,-45.802287755121796
104,844679890.092827,844679893.880785,18760.650943763147,7.014499983683156,0.9344377740273554,2343815646.3157897,2343815668.2180715,23653.38694746871,8.67042552263442,0.8202600259545493,5717393297.321731,5717393437.88517,37260.49354648482,31.58710830750891,-46.3796844068463
105,776489190.0759493,776489192.045229,18351.06685175574,6.938458158484976,0.9397305887792677,2337024235.7894735,2337024270.061329,23564.44252714358,8.681504143922654,0.8207808372730235,5824988600.323874,5824988535.193525,37282.342105399286,31.58831187838241,-47.27131829728562
106,718263482.5991561,718263486.2555766,17149.67590314225,6.485573917407168,0.9442499420964863,2228618152.4210525,2228618115.8107767,22278.379792175794,8.126281242494718,0.8290941699363277,5883095465.310632,5883095344.228116,36702.86016139823,31.12176796587996,-47.75284581570075
107,645089678.9873418,645089675.6717995,16169.353629775189,6.075240009278883,0.9499295349689196,2187066428.631579,2187066445.8331437,21372.355948573666,7.799685522673982,0.832280638985322,6022380185.102787,6022380139.240662,36055.807926081274,30.571222215198873,-48.90709026329078
108,574188611.7805908,574188605.6711929,15528.242171861955,5.9907642589758945,0.9554327226341609,2196504677.0526314,2196504665.3887877,21166.38963043062,7.952030628920049,0.8315568511205296,6205086736.982721,6205086763.319207,36636.84228706528,31.084611788897053,-50.42116871213789
109,556279369.3164557,556279367.895393,14642.517849096266,5.71744159610249,0.9568227989252636,2206873054.3157897,2206873040.6952934,20205.401639819145,7.495256876914399,0.8307617324882262,6189141294.97692,6189141227.086018,35921.48245845453,30.467658901198725,-50.28902904348743
110,517340088.3037975,517340089.3166613,14495.182633515651,5.841811369000869,0.9598451814868532,2169781928.4210525,2169781936.5435925,20029.21749700998,7.706965277777307,0.8336061345408041,6401819849.403456,6401819857.3667755,36602.49958493938,30.96855347293711,-52.05148364666583
111,432179868.15189874,432179865.6036287,12832.965813301787,5.147018955922485,0.9664551338148326,2093304026.9473684,2093304046.761488,18628.220607268184,7.1393148420697585,0.8394709873578932,6479600565.256653,6479600409.660817,35607.75016971915,30.194591009379,-52.69604625386066
112,446816100.5907173,446816099.3403492,12699.520259610712,5.121596601037603,0.9653191010163881,2137023130.9473684,2137023102.7960124,18286.79471704207,6.890632555996975,0.8361183081760395,6428218874.995585,6428218919.916774,35182.10822502345,29.807937272500705,-52.27025103880776
113,385457784.10126585,385457784.6133142,12123.22588755511,4.900928156664884,0.9700816006622033,2087047814.7368422,2087047805.4043293,17955.658340055692,6.879162171480277,0.8399507591566766,6518498208.07668,6518498311.827,35304.67379758048,29.92076387408052,-53.01839075380534
114,363143596.89451474,363143598.93797845,11588.065455214384,4.729461397119835,0.971813579479552,2126064983.5789473,2126065019.1426592,17706.134270806062,6.8744252247514925,0.8369586497174625,6736245640.604363,6736245714.270257,35244.96817297953,29.823417875878935,-54.82284995715662
115,373008777.721519,373008778.8515747,10895.651803816421,4.578196551914912,0.9710478655571045,2176243031.5789475,2176243103.7237267,16906.007753627866,6.493347611134073,0.8331106476145034,6817114989.677387,6817114938.867549,35010.72529514874,29.540347071067462,-55.49300819994205
116,322780984.4388186,322780984.4338095,10141.82215074849,4.348027535568407,0.9749464382964124,2067154310.7368422,2067154330.070172,16074.139431200529,6.452855288857806,0.8414763282484446,7087804450.223736,7087804401.493116,35468.85451694334,29.93773034930104,-57.73619496866689
117,302575569.113924,302575571.3787065,9569.322034347912,4.224564417076978,0.9765147387451221,2012567343.1578948,2012567337.7224402,15455.755478771109,6.239442312962042,0.8456624358510361,7037673068.224492,7037672996.765079,34750.50487456055,29.347296180495174,-57.32075913051947
118,258733429.23206753,258733429.12010422,9314.966456621509,4.01831193431081,0.9799176709786304,2051775791.1578948,2051775817.2551622,15567.043973483538,6.14417314997767,0.8426556588296457,6960415314.911842,6960415225.84761,34664.176877527316,29.23782584075705,-56.680528780130985
119,266753049.08016878,266753049.37891784,8306.223178440005,3.8574113190727353,0.9792952054038817,2023890546.5263157,2023890561.7699428,14383.683787659595,5.955130557203834,0.8447940928221851,7161425820.622021,7161425760.569379,34472.902119900544,28.996840493951645,-58.34629059992479
120,238642418.9029536,238642418.23029798,7859.963502923145,3.448716450384074,0.9814770917787687,1996478416.8421052,1996478418.0790482,13936.720491999075,5.6523890979077045,0.8468962453345784,7281332709.460462,7281332716.3745,34396.23772972435,29.022304477749383,-59.33995209724057
121,218181369.24894515,218181370.19507748,7569.372885155778,3.5158090709005987,0.9830652340615914,1950194088.4210527,1950194057.4872143,13625.73249441699,5.774318290894452,0.8504456497883046,7439254055.002144,7439253981.716621,34763.18835001212,29.233806179945542,-60.64863581724833
122,184799228.6413502,184799229.34689137,6821.1266091232055,3.0125003196809543,0.9856562836149129,1892888087.5789473,1892888111.1343179,12778.677069275003,4.987081994350457,0.8548402655636785,7561868719.154496,7561868662.412303,34399.6794991216,28.87511488789075,-61.66473606260008
123,181600055.51054853,181600055.48631394,6127.183754811307,2.7570647186707586,0.9859045965688407,1944875176.4210527,1944875190.5588825,12245.394752866343,4.976876984803577,0.8508535372414918,7499859795.073276,7499859828.748585,33755.68487464923,28.47613625283366,-61.1508727083737
124,182083501.56962025,182083501.9086183,5876.292761371105,2.7550659855939483,0.9858670725034351,1998179813.0526316,1998179869.20308,12003.496906067196,4.884281546420224,0.8467657663105579,7727257246.462354,7727257105.658654,34270.34243818676,28.869080303403948,-63.035299822237064
125,179681614.4978903,179681613.95831996,5660.563671006432,2.529313593401285,0.9860535018498647,1948634445.4736843,1948634456.533239,11641.353231442603,4.666193159017501,0.8505652507615339,7760162388.913609,7760162739.26182,34082.06178503654,28.641478120717178,-63.30798676468089
126,215369725.36708862,215369728.7053472,5595.991723647097,2.51569012586319,0.9832834675912862,2052745731.368421,2052745727.5819848,11735.3034654793,4.6781406989141265,0.8425812794066674,7645116436.017656,7645116560.2980795,33519.94846360448,28.09130670631017,-62.35460622322705
127,192038136.25316456,192038138.587647,4867.9439852861415,2.2195140955733925,0.9850944151403865,2016466560.0,2016466577.437198,10968.251132990184,4.41131172770703,0.8453634152178733,7735614200.477236,7735614083.729687,33482.848375678135,28.02002385525029,-63.10455358059778
128,164364120.7341772,164364122.1697001,4250.186629971371,1.9036858021297764,0.9872424124244561,2026468641.6842105,2026468586.588627,10621.567452713063,4.169219688679665,0.8445963920728121,7754720765.029638,7754720842.001601,33014.91917892265,27.56619324659156,-63.26289009999185
129,169573183.75527427,169573183.2174432,4300.1679399717705,1.9264840805601895,0.986838096375274,2042746987.7894738,2042746969.506966,10503.736506160936,4.120458765225084,0.8433480532367343,7702985758.220204,7702985806.439036,32807.62894843346,27.527611689179192,-62.83416507269375
130,146251538.9451477,146251542.5904921,4462.578664742442,1.9657065903484312,0.9886482716664273,1955766885.0526316,1955766947.4434385,10683.50065225049,4.447925446946257,0.8500182820948156,7752405371.754319,7752405497.842891,32868.54749078615,27.56909897763892,-63.243702986716414
131,163376516.43881857,163376516.41933826,4416.412634123227,1.737314929628071,0.9873190682462013,1986696323.368421,1986696311.3048534,10608.396058597064,4.013394826871598,0.8476464048464996,7813836160.016143,7813836205.020354,32827.55048886012,27.365399356232253,-63.752775442649096
132,181132068.65822786,181132070.41844097,4425.973955174539,1.9026212190928808,0.9859409205573646,1986682364.631579,1986682331.0431054,10417.561489757738,4.184055065427073,0.8476474769495314,7893711754.089544,7893711845.20455,32924.83226747738,27.470470455344035,-64.41469991309832
133,151504642.81012657,151504643.69245577,4554.4428160452135,2.042886292111607,0.9882405373235134,1918816340.2105262,1918816367.5708816,10708.472667706641,4.541474713810218,0.8528519077750752,7893385814.075924,7893385678.960289,33349.126533137845,27.88320981521247,-64.41199699368494
134,183687750.25316456,183687751.60775405,4280.219502193515,1.7454054235377665,0.9857425541124407,1962560532.2105262,1962560536.058518,10371.931537603077,4.120051033400268,0.8494973027968667,7804130437.214276,7804130425.449258,32582.558380800503,27.14279859563063,-63.67234425000915
135,155668887.11392406,155668887.54439422,3890.6195538778347,1.6493323844540853,0.9879173177246998,1945582511.1578948,1945582503.962603,9957.089300218382,3.885939497655386,0.8507992955643195,7789073436.218439,7789073442.159177,32568.51172490817,27.15942686886056,-63.54756796442487
136,158336293.3206751,158336294.37443662,3523.6981518284933,1.445814980623348,0.9877102793772512,1950726753.6842105,1950726764.8338277,9647.94163554593,3.88080625651627,0.8504047981095859,8052168597.454408,8052168551.848616,32746.54373022304,27.20235974217073,-65.72782080192788
137,170369431.36708862,170369436.09832639,4138.321333994845,1.6220749780349097,0.9867762929492827,1947209091.368421,1947209089.6765988,10348.733544261831,4.099510204730534,0.8506745577370318,7768615996.569554,7768615994.159632,32140.52366830819,26.831269391966195,-63.37803836312696
138,154268462.97890297,154268463.1076242,3693.0774908704598,1.5052869577363701,0.9880260156397873,1951335218.5263157,1951335246.6493409,9853.50678684837,3.88339244425158,0.8503581355212217,7992213103.582293,7992213154.491526,32898.59200403582,27.418614311317338,-65.2309741468695
139,128551957.47679324,128551959.17817454,3657.5313294899615,1.6692714042736019,0.9900220750394052,1946437328.8421052,1946437304.3773277,10114.598798111865,4.259701067471843,0.8507337435644589,8098354501.125488,8098354449.451903,33544.882328991334,28.014951828262973,-66.11056046752279
140,128547674.19409283,128547674.61931184,4068.998137468024,1.7881510073974018,0.9900224075975949,1928373069.4736843,1928373122.7856872,10253.33374664658,4.11545237745523,0.852119029777219,7967263688.725438,7967263733.735237,33029.85932915243,27.610945428287078,-65.02421984625872
141,183576133.98312235,183576135.95503688,3807.096203733597,1.5643198873528457,0.985751217477934,2004701517.4736843,2004701604.1613023,10028.6023338092,3.88239332073746,0.8462656346286952,7894657852.666414,7894658131.562012,32520.276207213654,27.033499098398632,-64.42254172938438
142,116291242.0421941,116291238.727036,3780.137723884502,1.5686176861253591,0.9909737256358362,1930077285.0526316,1930077293.4204946,10102.166865976233,3.8833477770453224,0.8519883422023287,7884104396.696683,7884104439.6003475,32975.92429445238,27.56425275470676,-64.33508393941364
143,161810174.46413502,161810173.7566758,4396.8015880876455,1.9063274360528006,0.9874406443750331,1953424869.0526316,1953424882.4577556,10570.358068503832,4.254381851526645,0.8501978878144324,7754544963.05915,7754544809.83029,32688.255514425142,27.336485891610575,-63.26143133231865
144,147074440.6835443,147074444.56878808,4180.928180504448,1.7644292378605726,0.9885843997951478,1937341584.8421052,1937341572.589775,10407.008540316632,4.275760706204646,0.8514312671016497,8037908173.148695,8037908152.419979,33462.67273874483,27.94195218254263,-65.60964575734073
145,143762358.03375527,143762357.13396722,3678.070218002746,1.2459387344577921,0.9888414768564298,1935703178.1052632,1935703121.9193146,9629.88129990038,3.5558173143023626,0.8515569148157498,7950687291.536386,7950687271.729524,32404.74747613586,26.899102221685368,-64.88685173490774
146,146479204.51476794,146479207.52214798,3953.3935314343953,1.4815014866585439,0.9886306008069652,1915251910.7368422,1915251905.5284922,10043.533843943947,3.750602215475123,0.8531252553440298,7869460651.118678,7869460846.815508,32772.79774536487,27.30410259290167,-64.21373339527744
147,143332124.56540084,143332128.08575577,3687.9154399698796,1.3879914189630331,0.9888748703043894,1940792885.8947368,1940792921.9545257,9646.352177023888,3.5909999449988224,0.8511665937940796,7954343326.559213,7954343352.022339,32663.72093601157,27.13009715306644,-64.91714944527551
148,176036106.97890297,176036107.7439251,4010.925816543243,1.5028677043772067,0.9863364581554951,1963546125.4736843,1963546132.230374,9998.75160677182,3.7350662290972587,0.84942172047495,7994339343.368395,7994339454.022862,32785.810141267175,27.24541914592019,-65.24859465905632
149,119900395.47679324,119900395.2464064,3359.0813749198674,1.3123568403708326,0.9906935907148943,1939666984.4210527,1939667023.776009,9524.64213135368,3.7272869710433425,0.8512529354429254,8105839063.641821,8105839042.507884,33051.598912855254,27.46593250071764,-66.1725848254332
150,160003117.19831222,160003118.67212182,3914.9437450359137,1.4966413463109522,0.9875809040812921,1952388874.1052632,1952388894.3736084,9847.426391130999,3.749787335687779,0.8502773345362378,8216977309.009459,8216977229.442296,33472.248643940315,27.750795337655894,-67.09358007960086
151,130446329.08016878,130446329.89190638,3873.3872939147022,1.5001582573066956,0.9898750380829091,1974242266.9473684,1974242276.1990128,10158.751472074735,3.971967512382816,0.848601466277754,8062677945.550763,8062678136.648756,32989.092480247054,27.47858141277748,-65.81491307858985
152,111825625.46835443,111825628.31466067,3629.7014087775588,1.1594128527877048,0.9913203366550909,1915899392.0,1915899390.3460746,9770.901376514059,3.4514387648132536,0.8530756017360754,8144644026.454786,8144644007.966916,33205.110614685684,27.50530937835342,-66.4941591646565
153,149391823.75527427,149391824.24972945,3628.8487551790754,1.4674379304700227,0.9884045297977594,1965441704.4210527,1965441739.7195365,9751.262676690754,3.8994848487161597,0.8492763521998239,8197313639.123219,8197313664.644993,33541.298386584254,27.89344960745699,-66.93062933910495
