global_round,train_loss,train_mape,train_mse,train_mae,train_r2,dev_loss,dev_mape,dev_mse,dev_mae,dev_r2,test_loss,test_mape,test_mse,test_mae,test_r2
1,64614002.4,1.0065739935274642,64614003.06970089,3144.4111544267225,-0.18025594808365408,42659629.333333336,1.0063207131629717,42659629.47319603,3157.780709017309,-0.30427207141570833,131734538.9595157,1.002966509255873,131734541.01929875,3329.7005276268205,-0.09167596156961899
2,64583790.616842106,1.00964200737403,64583790.54749581,3143.3661396335947,-0.17970407840610614,42629435.692307696,1.0089908402277608,42629435.662371635,3156.762342845977,-0.3033489282784101,131703481.27254383,1.0037358690825915,131703488.30225077,3328.897233752381,-0.09141862963161396
3,64546906.58947369,1.0110418123035008,64546906.12119314,3141.2457444534207,-0.17903033801753399,42594184.461538464,1.0099819808413038,42594184.334085755,3154.7616570165346,-0.3022711570100858,131667224.87930383,1.0035777742824408,131667219.19361158,3327.083763187882,-0.0911180697803966
4,64505210.20631579,1.0121098589115514,64505208.58330269,3138.6381519567303,-0.17826868009854469,42553059.179487176,1.0107236102126143,42553058.78548507,3152.1151342302464,-0.3010137878035568,131623918.39677134,1.0031777248450036,131623920.23549308,3324.7025284008582,-0.09075925400305196
5,64451560.18736842,1.0120474125974148,64451560.779275015,3134.4069982070178,-0.17728873555406266,42501075.025641024,1.0104655841201187,42501074.953686886,3147.910005321817,-0.29942443832216625,131567537.58784209,1.0015651378998607,131567531.3608032,3320.6569626968703,-0.09029196289987884
6,64400516.51368421,1.0125987388296942,64400516.95944032,3130.584047383361,-0.17635635605255096,42450880.15384615,1.0107876542497856,42450880.60533171,3143.95871029723,-0.2978898003632571,131512056.41821162,1.0000535788909322,131512054.05978502,3316.934555931318,-0.08983222595112039
7,64334617.22947369,1.0128828479789207,64334618.59119089,3125.034859475524,-0.17515263956076366,42387177.12820513,1.0110269577628845,42387177.188571505,3138.4397900857252,-0.2959421372363118,131442196.5617354,0.99738750301641,131442183.98281345,3311.2889433423543,-0.08925321696173394
8,64267682.55578947,1.0139412990511651,64267682.600439265,3119.802892063527,-0.17392996959028895,42323235.897435896,1.0119473282942595,42323236.14923465,3133.2937973028224,-0.29398720905586995,131374841.02005297,0.9951972049922703,131374836.93392937,3306.1153982254245,-0.0886951161494447
9,64210821.30736842,1.0153923772123616,64210821.659185745,3115.9569598878084,-0.1728913330573425,42267259.384615384,1.0128729792330207,42267258.36638006,3129.2662805738973,-0.2922757488369554,131313486.5793921,0.9937848485816827,131313485.94557388,3302.1937083632774,-0.08818670431843989
10,64142111.85473684,1.015568187910604,64142110.6437787,3110.4997717837537,-0.17163624003136868,42205576.87179487,1.0124955360011434,42205577.08278998,3124.077806183752,-0.2903899102464875,131239596.45251608,0.9911664682112156,131239594.21292046,3296.617214402886,-0.08757436811813646
11,64068305.01263158,1.0159194719944733,64068304.394814365,3104.5424263239593,-0.1702880761627421,42133298.41025641,1.0125928325506912,42133298.952712744,3118.030045221655,-0.28818008452605737,131167585.24404086,0.9885023585405593,131167580.96085134,3290.630824050434,-0.08697759876979383
12,63996188.00631579,1.0158888510063855,63996187.758309625,3098.6686727590927,-0.16897077518854475,42062903.84615385,1.0119619259337114,42062904.13963858,3111.9328559404894,-0.2860278391878073,131088693.2553916,0.9852069671059546,131088691.97906025,3284.291144141917,-0.0863238506761832
13,63907360.67368421,1.0139283101250183,63907360.95414261,3091.034338023417,-0.1673482420070873,41983307.43589743,1.009960538990937,41983308.20665812,3104.74394121998,-0.28359427955152583,131007163.56488839,0.9819082450769715,131007166.87765005,3277.4635810645814,-0.08564825722297464
14,63835912.53684211,1.0141073784965091,63835913.57062554,3085.4338481915847,-0.16604316577956957,41920497.333333336,1.0096949979839966,41920497.492383026,3099.662727734507,-0.28167390983837226,130934322.65027116,0.978983126942127,130934316.7649538,3271.505618350516,-0.08504455286257873
15,63713645.93473684,1.0108674921029441,63713647.95550109,3073.6979396733495,-0.16380983070294408,41801324.92307692,1.0066244685122332,41801324.2761749,3087.631794309706,-0.27803031753622376,130807238.86341278,0.9730966109319853,130807254.22312267,3259.8241789630165,-0.08399159346818053
16,63639680.52,1.0088626716978157,63639682.24874181,3067.421108487675,-0.16245875413734767,41732202.35897436,1.0040881813206035,41732202.5745751,3081.29833269813,-0.27591699620552634,130730800.21389835,0.9695292787688843,130730803.00947356,3253.2643901340703,-0.08335804700779303
17,63542196.473684214,1.0080241889971797,63542195.03538473,3058.815918084862,-0.16067802770096384,41639431.43589743,1.0027300605490141,41639430.71955869,3072.4389616754684,-0.27308059699143206,130618763.65544204,0.9643399079806959,130618764.92371565,3242.9773101611268,-0.08242959434795294
18,63452618.09263158,1.0061975619386483,63452618.6381965,3051.249911960427,-0.15904180226117393,41558410.307692304,1.0006905162166928,41558411.24172996,3065.089257442112,-0.27060351400975513,130530582.79682179,0.9613566897010353,130530579.03907934,3236.1613993320943,-0.08169880339774105
19,63346757.49894737,1.0000787140917962,63346757.405312635,3039.697619159217,-0.15710811383688816,41452325.384615384,0.9951114348633023,41452324.883708246,3052.9650993381497,-0.2673600382544661,130408908.51305334,0.954049569363354,130408905.20596625,3223.8897931846245,-0.0806904998978859
20,63236845.408421054,0.9979241722546787,63236844.17946607,3030.396667447569,-0.155100410670153,41362220.666666664,0.99274585727896,41362220.532570556,3044.215652420353,-0.2646051950888506,130306425.01803505,0.9488930777225641,130306430.5758044,3214.5389259065337,-0.079841299000742
21,63121168.12842105,0.9967951590165903,63121170.6253484,3020.0668892985236,-0.15298748787018224,41261222.87179487,0.9913787061637168,41261222.97150498,3034.28420816741,-0.26151730380133453,130183193.95257914,0.9436836185100133,130183200.52479607,3203.853339937036,-0.0788200992198198
22,63031803.68,0.9919481767760674,63031803.46198763,3010.9302070884737,-0.15135508434913514,41169495.07692308,0.9870988769078567,41169495.538442135,3025.480219915396,-0.2587128366598259,130090585.86429562,0.9389615715459665,130090588.3419836,3194.4059779223044,-0.07805262781146638
23,62884353.79157895,0.9882072625005267,62884354.603695154,2996.2344027920276,-0.14866174569543644,41048426.41025641,0.9829813565398885,41048426.344630904,3011.1619392715106,-0.25501127689133263,129936851.78332703,0.9307041972155163,129936852.84883712,3179.6789713102835,-0.07677863132573481
24,62757164.14526316,0.9806129015905992,62757163.790810965,2983.9762518060984,-0.1463384456936363,40932232.15384615,0.9743750241989699,40932232.13616117,2998.8351783421103,-0.25145876453154914,129795799.06621264,0.9237914641700119,129795795.34991013,3167.0979773636154,-0.07560969659087902
25,62668709.62736842,0.9853305842538364,62668709.40088707,2978.3740444997034,-0.14472271512623647,40864235.58974359,0.9792397445983735,40864235.387188755,2993.646352212852,-0.24937983741176462,129702819.55984361,0.9225679352936985,129702818.18774712,3160.439030689848,-0.07483920062131055
26,62563914.8631579,0.9758282628601479,62563914.408675805,2966.493971176744,-0.14280850292747638,40770359.025641024,0.9687092181454466,40770359.01279386,2981.823018270718,-0.24650966871126134,129586585.21301551,0.915257779809441,129586587.76608565,3148.2452791039345,-0.07387600633415459
27,62449778.11157895,0.9739631596864933,62449778.871404365,2956.7097053022176,-0.14072367393758967,40679188.76923077,0.9674045819554493,40679188.72971388,2972.7808448278274,-0.2437222358283997,129468762.16496405,0.9112378896390732,129468760.79710534,3138.6298176318405,-0.07289958155850229
28,62300263.41263158,0.9633511946132658,62300263.77220342,2941.5615795027925,-0.1379925927976413,40551450.615384616,0.9567205074934318,40551450.71329108,2957.9973374378915,-0.23981678401515816,129318213.92533737,0.9033990083242301,129318215.32491037,3124.4138052642593,-0.07165202057831621
29,62163760.22736842,0.9578641325796118,62163759.9522668,2929.0192508732334,-0.1354991790210247,40424857.84615385,0.9505619580007638,40424858.373480015,2944.7997796923064,-0.2359463600262559,129154470.35716988,0.8966299963495501,129154461.81952946,3110.5859576847756,-0.07029500544725109
30,62021000.690526314,0.9540262542742123,62021000.20816627,2917.012963303381,-0.1328914929295162,40301139.28205128,0.946143934200318,40301139.72274845,2932.67530456888,-0.2321637959755345,129027309.83982848,0.8919304037890359,129027310.346889,3100.096210821044,-0.06924130908875825
31,61926987.88421053,0.9529153740321222,61926986.28718988,2909.2831791198223,-0.131174210542363,40253068.102564104,0.9457948743334439,40253068.01096117,2926.4319401735215,-0.2306940553358814,128914251.23748265,0.8874667189214169,128914242.2594895,3090.133855762127,-0.06830432086927063
32,61767391.591578946,0.9388994907860352,61767390.80978066,2891.4218560024497,-0.12825899862930012,40092933.64102564,0.9312484711389769,40092933.96568955,2908.0730839756093,-0.22579812994905124,128760492.20683567,0.8778546233833787,128760483.72084726,3074.509750329128,-0.06703013340694652
33,61630235.05894737,0.9350750849554561,61630236.385812074,2879.187928481666,-0.12575370075261083,39956146.461538464,0.9270174433205282,39956145.896418184,2895.5252296643703,-0.2216159825498194,128601161.15701854,0.8718672979436665,128601156.29885232,3060.9444429188015,-0.06570979695407009
34,61491405.19578947,0.9299110585987242,61491405.90102914,2868.7008346990756,-0.12321778751931944,39868961.333333336,0.9218920288261254,39868961.46544574,2885.5683079211412,-0.21895041278787208,128460588.94463362,0.8671963760299285,128460594.24439374,3048.6947990363024,-0.06454496793676023
35,61332542.728421055,0.9222101043444262,61332540.89521209,2853.7237136251865,-0.120315918587663,39765737.84615385,0.9152150731990227,39765736.945181765,2872.1686737427417,-0.21579443462940762,128335580.19044016,0.8595974714492312,128335579.34493242,3035.332984063751,-0.06350897722753546
36,61228946.97894737,0.9175308679395051,61228947.2686243,2842.49546890915,-0.11842365084143003,39667971.07692308,0.9107901353045372,39667970.727335066,2862.1733155402308,-0.21280533816888858,128223122.10972379,0.8558379246762763,128223125.77115966,3026.36969182291,-0.06257708144431562
37,61067149.004210524,0.905786710584043,61067149.035914525,2828.608498096281,-0.11546820283522696,39519350.92307692,0.8988479337171353,39519350.52819704,2847.576907512493,-0.2082614361852635,128082826.84878294,0.849887198699515,128082822.43567531,3014.7204790879864,-0.061414396415080175
38,60966812.82315789,0.8900441172200382,60966812.34374176,2812.2314941418053,-0.11363542708814633,39445437.84615385,0.8849950710889212,39445437.82737024,2831.0547928148285,-0.2060016352305487,128006955.16862151,0.8353639785787284,128006957.40028878,2998.178815834293,-0.06078570757755686
39,60793186.85263158,0.8847772940780129,60793187.6598145,2799.045471316386,-0.1104639540915231,39309183.94871795,0.8792139521490597,39309184.5173402,2818.1711835825504,-0.20183583751723777,127814419.00012612,0.8313746628879273,127814422.5990248,2986.9431146608654,-0.05919018363463979
40,60718731.421052635,0.880551237873862,60718731.70790829,2792.727192146624,-0.10910392258236645,39259827.94871795,0.8748308971572303,39259827.47173563,2811.1654269516303,-0.200326799185105,127754162.64219952,0.8267581928965028,127754164.58659263,2979.330617687308,-0.05869082922724478
41,60485625.95578948,0.8733174600781533,60485626.7995794,2773.4921693952047,-0.10484596855518924,39087568.20512821,0.8668036781195527,39087568.38793339,2793.2513561634682,-0.19506016384801006,127512186.31504603,0.8191704617283825,127512180.63224064,2960.4212682118164,-0.056685523223157785
42,60336025.231578946,0.8577146590558802,60336025.93348613,2758.204301985018,-0.10211332077519364,39002146.15384615,0.8525750401406069,39002145.817420565,2778.955951540325,-0.1924484610656776,127462756.98927985,0.8083820420977365,127462758.68500729,2946.8925597416314,-0.05627596661521639
43,60253339.40631579,0.8513366018047452,60253337.95139335,2743.879283375783,-0.10060292089183154,38900742.15384615,0.8464644519813884,38900742.62410973,2764.5143521990008,-0.18934816801060572,127313476.59301299,0.7996256588388387,127313466.08648498,2932.742224610518,-0.055038788121360316
44,59971731.21473684,0.8316647544269833,59971731.56973825,2724.3103502375925,-0.09545902651636284,38764075.974358976,0.8293030365709569,38764075.8380217,2747.6887046223364,-0.1851697287136409,127084508.08853576,0.7899371662283735,127084501.04915728,2914.541457683235,-0.0531413690742637
45,59858910.00631579,0.8245059708334117,59858909.97763125,2711.2204531849393,-0.09339819838576546,38657982.64102564,0.8234992779401952,38657982.37965297,2733.9187024460675,-0.18192603587291467,126981002.82002774,0.7838458471984712,126981000.14795743,2902.016678378236,-0.0522836635327526
46,59533012.83157895,0.8157342068200187,59533012.47807193,2687.780110988576,-0.08744527109374256,38416755.666666664,0.8129457182466223,38416756.04781814,2710.60382477526,-0.17455080145603086,126672332.23105058,0.7799964642038569,126672333.5643637,2882.067813903571,-0.04972576272069662
47,59440424.74947368,0.7854001258789538,59440424.754160285,2665.75065074007,-0.08575403998787268,38362731.897435896,0.7825224527151342,38362732.075174615,2689.1983824934905,-0.1728990768729528,126669187.55807795,0.756756795087412,126669175.5560382,2859.640672856854,-0.0496995925017949
48,59319678.290526316,0.7798834767882294,59319679.483849354,2657.7044465069316,-0.08354847591945047,38247718.94871795,0.7750320945319565,38247718.954969116,2680.557816431786,-0.16938267501051585,126517258.67120697,0.7570427573804229,126517261.61841233,2854.368742806236,-0.04844069113355576
49,59124279.39789474,0.7756544108454199,59124278.724197045,2639.303798821388,-0.0799792355399167,38112679.179487176,0.7727617335284912,38112679.29738861,2663.680252697247,-0.16525398340932762,126403312.01917014,0.7482467457779465,126403318.07611336,2837.0096422786714,-0.04749644807367637
50,58783245.15578947,0.7598166464300016,58783245.803766996,2613.4151441374265,-0.0737498407693169,37933786.51282051,0.7542140467626892,37933785.91357803,2639.251785618181,-0.1597845115187715,126206615.93996722,0.7347251591599284,126206615.35952984,2812.416843499222,-0.0458663848753067
51,58594061.41578947,0.7422055545025048,58594061.92169379,2595.382511616179,-0.07029415946974504,37785615.23076923,0.7317153472447601,37785615.2403316,2621.0823742498,-0.15525435330350557,125964193.9046538,0.7256356642998043,125964193.18736045,2793.74738321498,-0.043857447387377624
52,58432250.71789474,0.7320303334384513,58432252.316234194,2578.8774154690536,-0.06733850372597772,37673683.58974359,0.7204294382253941,37673683.70740974,2605.370940263956,-0.15183216764217788,125870080.79833522,0.7162594459275712,125870079.7686461,2779.8995095561622,-0.043077535330322325
53,58429608.40421052,0.7165639187747415,58429610.61470937,2556.741338181433,-0.0672902497285528,37569997.07692308,0.7012492143756099,37569997.59389529,2581.5338515479784,-0.14866207676889664,125827170.78925464,0.6969792834601308,125827174.97185433,2755.843917160501,-0.042721985943417584
54,58110849.74315789,0.7230571830729318,58110848.99286675,2554.005464073102,-0.06146766820865057,37438036.23076923,0.7100785040839912,37438036.38063857,2580.5340717389035,-0.14462750527621626,125678109.19510657,0.703582767766756,125678113.5913281,2755.742688574185,-0.041486723538737724
55,57934205.53473684,0.7135367486723982,57934205.72589661,2531.578722348574,-0.05824105700015547,37290484.307692304,0.6944460952663432,37290485.05929518,2558.305631478102,-0.14011628307608937,125492642.6714592,0.6920012327326276,125492643.7708588,2734.5203465899117,-0.039949746652977014
56,57678343.75052632,0.7088934412922842,57678342.611331634,2512.9449461888876,-0.053567395742319945,37157113.48717949,0.6923892449692546,37157112.863092475,2539.6844717291874,-0.1360385723046007,125286132.49110858,0.6859272626526579,125286134.2297218,2715.4146385968656,-0.038238414908472684
57,57578083.93894737,0.7042951527886292,57578082.630384386,2506.767437894115,-0.05173602122215448,37087372.64102564,0.6839130341290018,37087373.427144825,2534.467543906962,-0.1339063644137668,125146892.731492,0.6847877480271912,125146887.77008802,2710.7916855397116,-0.037084488143785954
58,57230681.23578947,0.6880685655396775,57230681.250713944,2472.9316810192677,-0.045390298542100194,36841217.94871795,0.663409731322773,36841217.35127842,2500.495852193628,-0.12638040840039877,124814942.7890024,0.6686084247500373,124814943.96206357,2681.140715696484,-0.03433369041823675
59,57257740.42210526,0.6903970093960972,57257740.450968005,2474.7762461395873,-0.04588456883233105,36842914.84615385,0.665832443137289,36842914.72308828,2503.4428419588276,-0.12643230370923675,124946271.96771346,0.667710184959411,124946276.39517589,2682.0420149852353,-0.03542203413654943
60,56920083.78526316,0.6808557464049598,56920082.16154778,2444.529648855885,-0.039716815937063554,36627979.84615385,0.6575591866892152,36627979.186779566,2475.0182621069252,-0.11986088195466293,124742646.06961785,0.6554876868769182,124742648.81772792,2655.95082585949,-0.033734585046184984
61,56866618.65263158,0.6732089309683312,56866620.41918839,2424.402682723105,-0.03874027004272351,36481552.56410257,0.6486264177333598,36481552.5556074,2455.785533975619,-0.1153840459411355,124484806.31328036,0.6463510378721347,124484804.82388338,2636.134489734201,-0.031597847879628604
62,56554221.39473684,0.6769217367890085,56554222.348059505,2421.1541753629476,-0.03303392677186956,36384839.12820513,0.6568037825619021,36384839.56172069,2453.592457373722,-0.11242715066503628,124470256.94160676,0.6521553892566131,124470258.86389558,2635.699303968961,-0.03147730641241897
63,56099478.62,0.6775517729985568,56099479.712184176,2400.5143030385047,-0.02472748118204704,36303773.64102564,0.6532140703523834,36303773.152891144,2435.906524992333,-0.10994863281872491,124249980.08021188,0.6441046232255536,124249983.8282017,2617.588666209869,-0.0296519008692695
64,56068717.784210525,0.6655178610023548,56068719.14535885,2368.7526329841467,-0.024165600780938767,36037005.43589743,0.6368662877709318,36037005.284771994,2402.3545485723475,-0.10179249353116893,124080322.01816118,0.6319704153878393,124080323.99638781,2586.8826515572055,-0.028245940377798595
65,55986683.336842105,0.6647314017056615,55986684.17106821,2356.4762235663497,-0.022667128905531575,35977720.43589743,0.634223090453963,35977720.55697342,2389.1097211109904,-0.09997992704421077,124058343.94047168,0.6246604090846176,124058346.35492764,2573.2384350839575,-0.02806381302768668
66,55770081.24526316,0.6638310397739464,55770083.29063744,2338.68705720685,-0.01871064168382519,35835488.0,0.6314713012340627,35835489.20910054,2370.4861421309984,-0.09563135728396532,123773996.8654307,0.6133657331222852,123774001.85945626,2554.88143597787,-0.025707467849657162
67,55505184.12842105,0.6629987596578892,55505183.830853626,2342.512269863863,-0.013871920227166212,35766356.92307692,0.6315257485583669,35766356.03206399,2376.9551837725135,-0.09351768510419056,123640762.70046665,0.623197430959406,123640755.54549071,2560.3960335113643,-0.024603263919553253
68,55293444.830526315,0.6598560902341218,55293444.54737186,2323.2929758300693,-0.01000423618191748,35590610.666666664,0.6251393415297589,35590610.85206882,2357.4597262677094,-0.08814446614321336,123534799.26699458,0.6183440438736951,123534799.23812191,2539.243389766143,-0.023725210579584877
69,54809815.25684211,0.6694012911536634,54809815.81613058,2314.9846148897786,-0.0011701497673066719,35537971.56410257,0.6364475702313325,35537971.9665179,2349.4144768478013,-0.08653508910121066,123617887.26749906,0.6144364859067786,123617892.54312806,2532.6486088298943,-0.02441379963861756
70,54864957.83789474,0.6604053286194332,54864958.33311056,2290.628817417394,-0.002177397121842395,35328126.41025641,0.6238376831819439,35328126.400443114,2325.835017028145,-0.08011928768611076,123406350.90679783,0.6081438377734024,123406349.78198484,2506.786112869653,-0.022660757912452034
71,54338030.616842106,0.6663330412153409,54338030.037072934,2271.8737417484112,0.007447610246005043,35146451.87179487,0.6258927431861645,35146451.73444442,2308.1454386909804,-0.07456478109821929,123122090.68760248,0.6088397117704869,123122097.82475005,2493.325786360126,-0.02030517959304312
72,54467088.15894737,0.6698508577529018,54467087.95310953,2259.152014014721,0.005090205259269176,35161215.025641024,0.6295404889660083,35161215.85153795,2292.049370195621,-0.0750161780236498,123109237.07277083,0.5938978829497905,123109242.57434371,2478.055041968078,-0.020198648931153196
73,54069595.86,0.6783867959924418,54069595.90467811,2256.8690893075027,0.012350896938920664,35022979.897435896,0.6394899164838589,35022980.706554666,2291.4391835240217,-0.07078978784829482,122986024.01790895,0.6061303655349415,122986016.54758236,2480.021207361297,-0.01917748249891571
74,53696793.035789475,0.6886307678771489,53696792.439671434,2236.183494115754,0.019160620623207336,34936878.23076923,0.6489492743322511,34936878.62096969,2271.573071684593,-0.068157309626943,123092056.1992685,0.5936321525793582,123092058.96485937,2457.6857983707887,-0.02005624942634654
75,53815449.67684211,0.6874323047552228,53815451.034636326,2225.0664152194327,0.01699317230171138,34763536.92307692,0.6427082032555326,34763536.93379817,2261.955378359709,-0.06285757486173726,122813874.23735654,0.5952577883791184,122813866.93420002,2445.555372534762,-0.017750889342186493
76,53327923.88105263,0.698660296817802,53327923.25140818,2207.3258100166445,0.0258984797996904,34582661.666666664,0.6534512445156527,34582662.184742674,2244.111943429861,-0.05732752486996162,122595021.68394502,0.5968352748512399,122595018.2491651,2428.5112735335983,-0.01593730387838055
77,53441780.15578947,0.71001474957355,53441779.56037797,2186.8465317711702,0.023818751265560212,34436824.743589744,0.6559770657643068,34436823.99907322,2221.4276123658206,-0.05286867994178124,122399046.88535754,0.5889386051364806,122399041.03114177,2406.107941805392,-0.014313252841530621
78,53084488.54526316,0.7070777447673646,53084489.97466796,2193.894733528526,0.03034509445261968,34344414.76923077,0.6573494598723019,34344414.71917847,2232.2590428499075,-0.0500433660702182,122265296.67095472,0.6042525515076274,122265292.4653376,2418.889284747563,-0.013204886781626568
79,52993911.98,0.7307042084373779,52993912.06747566,2173.540869081397,0.0319996137309464,34262185.56410257,0.6763941004321621,34262185.579255424,2210.2851622715975,-0.04752929897721736,122162385.36259301,0.5994705106962632,122162382.41158167,2394.893657174834,-0.012352077556195384
80,52916386.49894737,0.7587964647115543,52916385.93689579,2160.8423048523855,0.03341572591099662,34148247.05128205,0.7045662508901214,34148247.611869745,2197.5674002415094,-0.04404576875039301,121888028.5120444,0.6041283556809265,121888027.06732169,2381.6918864563504,-0.010078511853993666
81,52263083.03473684,0.7343967553900499,52263083.44096736,2167.119157861244,0.045349116818315216,34036085.615384616,0.6788761151518731,34036085.96692502,2208.5055068563192,-0.04061654766263434,121895094.26005802,0.6174860100588117,121895093.7880346,2393.737959323998,-0.01013707332974434
82,52451794.88842105,0.7710566166353232,52451793.78024794,2153.7740927127493,0.04190208537281681,34004736.12820513,0.7147768266064972,34004735.67252563,2192.795594875629,-0.03965804628977354,121598178.26661623,0.613319706579038,121598176.5016172,2379.1349339431645,-0.007676538213833517
83,52208984.45473684,0.7758557215579923,52208984.99878135,2148.3425821113274,0.046337292834947585,33808310.179487176,0.7135162625014032,33808309.510801725,2188.1958487186675,-0.033652528661149095,121519954.94614705,0.6264601506899132,121519955.018857,2374.662426066558,-0.007028321643244517
84,51697771.98842105,0.7892050633077923,51697772.17744655,2145.647493992479,0.05567523731218671,33758365.43589743,0.7314561854675617,33758365.420397945,2185.2367297044166,-0.0321255420686648,121615642.50119813,0.628126362388687,121615636.57501669,2373.89629690108,-0.007821228757938226
85,51228345.663157895,0.8334364922914371,51228346.38168637,2135.2080335098817,0.06424988926545139,33538555.102564104,0.7699395207916977,33538555.074975178,2174.8595023216344,-0.025405078293345706,121312435.31466767,0.646071063123406,121312439.11437482,2364.9131116940434,-0.005308650228187384
86,50769889.731578946,0.8345488337297647,50769889.56466706,2131.4029370026838,0.07262417904042229,33460803.948717948,0.7685792712049574,33460803.811905395,2172.1889260090315,-0.023027917446158064,121428497.5996973,0.6539947370891911,121428507.10737398,2365.094550169436,-0.006270498479104658
87,50764383.99368421,0.8412843624922369,50764384.831077226,2132.1581155802073,0.0727247299156717,33442800.64102564,0.7795259587663337,33442800.797744352,2173.765128187644,-0.022477494742972226,121341211.15575735,0.6596657177580391,121341201.7039182,2370.4220746709443,-0.0055470040217637795
88,50574058.898947366,0.8552687910444912,50574059.769784264,2128.0415117031334,0.07620125628748742,33277517.46153846,0.7860877874826312,33277517.953209374,2171.4764152856974,-0.017424150382666204,121285469.94097616,0.675668498274629,121285468.84903216,2368.2728234381407,-0.005085149313970527
89,50502379.60526316,0.8625139923684106,50502379.12162455,2130.739208133597,0.07751059338678046,33225779.53846154,0.8050936458864261,33225779.4890669,2176.9221658095335,-0.01584230275219456,121163038.60537268,0.6776345602700106,121163039.95702219,2372.785199033882,-0.004070588687921095
90,50454245.18105263,0.8936324151210762,50454243.90131517,2128.578474462158,0.07838984366355373,33106852.53846154,0.831810578083421,33106852.4743198,2172.5547528083507,-0.01220623779366159,120874248.67700845,0.691478174305009,120874246.26325455,2366.7196032066695,-0.001677373279876715
91,49578880.72,0.9049146459861712,49578880.188402824,2128.635265096363,0.09437946170017186,33058125.256410256,0.8403645918820148,33058126.29528512,2173.8448710380458,-0.010716487525163298,120858152.90906797,0.7039820528917334,120858152.99292272,2372.4796877170756,-0.0015440093479242023
92,50028306.610526316,0.9137539610663796,50028306.50449431,2128.442376541715,0.08617012537070623,32920028.871794872,0.8452078104818249,32920028.175039914,2168.7692296504974,-0.006494286733100596,120763113.07453652,0.7133621850911909,120763110.39188379,2366.9988112192855,-0.00075639721464138
93,50008559.63263158,0.9466649147486814,50008559.09635747,2127.938785148671,0.08653083659126937,33032008.384615384,0.8740503923885169,33032008.215184525,2166.303419748942,-0.009917955450345017,120818711.152226,0.7146267791214196,120818703.61610895,2362.4294268169924,-0.0012170948118179759
94,48060329.34105263,0.9328947118124965,48060330.06721546,2125.755522517907,0.12211768759311281,32914058.871794872,0.8628002019973059,32914059.054336224,2170.1303127484443,-0.00631178731805937,120682323.86101653,0.7240649155378331,120682315.86177105,2368.788023539849,-8.685796041119076e-05
95,47610355.50736842,0.9403794486733226,47610353.618283965,2127.334320677464,0.13033707279009643,32837362.333333332,0.8721104433186315,32837362.42808933,2172.4675260507142,-0.0039668708520481655,120631416.92622021,0.732936484220486,120631419.95557004,2377.2872403130764,0.00033491325397205784
96,46891559.64210527,0.9673973160196996,46891560.04602089,2127.333814152683,0.14346674049065122,32707171.743589744,0.899575081188167,32707171.464723673,2177.7705779136754,1.3577163217037835e-05,120611179.64484802,0.7591617636373871,120611180.99725042,2386.140678245072,0.0005026322448592468
97,48821457.82,0.9875224317079885,48821458.88009296,2129.774457042029,0.10821471353209577,32766817.692307692,0.919012705286523,32766817.85882171,2172.3932399199557,-0.0018100468800157365,120495788.66111742,0.749223055192913,120495785.34937167,2375.649791481306,0.001458908813511961
98,46272838.336842105,0.9788742888515437,46272837.43391734,2123.228370232974,0.15476848637321672,32784317.153846152,0.9109980916409444,32784316.343215134,2172.1765248225283,-0.002345044130772189,120584218.17404464,0.7501235138373749,120584225.80123436,2375.948444244735,0.0007260082805020662
99,48799388.81684211,1.0621322515533849,48799390.45764271,2139.588924276264,0.10861782099525108,32621323.46153846,0.9854612611264719,32621324.392557964,2178.641112064704,0.002638258624852674,120641012.34909825,0.7863450135789396,120641014.28385173,2383.4282533316314,0.0002554056512470426
100,48638885.29578947,1.0974181708430062,48638884.10632656,2149.6620852440283,0.11154967116465997,32486798.897435896,1.0130052774658151,32486798.48587702,2186.4990080319917,0.006751242847467087,120421328.781183,0.8197217883377059,120421327.29684597,2396.303322626432,0.0020759380714321374
101,45928599.74842105,1.0808157602064146,45928599.68089076,2138.373718158822,0.16105642143779242,32574173.794871796,1.004270169269171,32574173.63645232,2182.3698250819475,0.00407984203976175,120555996.3057132,0.8031914306096507,120555990.29460679,2392.6069087686296,0.000959994170683709
102,46581669.06526316,1.0729825220395806,46581670.05441181,2141.7439598183882,0.14912727053788655,32453787.205128204,0.989528798487712,32453787.980757818,2184.1366183635514,0.00776050336899492,120502611.94803885,0.8127414062928008,120502610.28361769,2394.5622038844253,0.0014023510071992096
103,43749940.63052632,1.0896136159659227,43749940.33807746,2138.873154739079,0.20085237163499037,32503411.512820512,1.0032962876265907,32503411.734493695,2182.7002214957506,0.006243310723963003,120542502.86038592,0.8179518060598181,120542498.74147579,2395.812384618999,0.0010717978337426715
104,46020225.12842105,1.1268003198868815,46020224.797205105,2150.417796421553,0.15938277356912212,32381619.769230768,1.0459537894322692,32381619.363341883,2190.506877452899,0.009966980858149621,120230435.07302308,0.8409603099601963,120230437.8289861,2404.2993022193673,0.0036578272385938693
105,47153503.175789475,1.1774674133882705,47153502.860115066,2162.5167967033385,0.13868202588228795,32436627.974358976,1.0861730466790334,32436628.01288442,2198.25602319913,0.008285150842966105,120047876.2978938,0.8623667562648704,120047878.3454276,2412.3345722954305,0.005170686343087705
106,44804754.98421053,1.209266121182354,44804754.936503544,2165.097642831802,0.18158485770964372,32440964.0,1.1129702881925316,32440963.751002323,2203.38431761815,0.008152590335385845,120171145.29499306,0.8707167734380825,120171154.03866708,2415.081435662649,0.004149108327830109
107,44643238.47157895,1.1803460633607372,44643239.872514665,2161.318249534306,0.184535133283382,32307941.307692308,1.0956250562031944,32307940.600952443,2203.6055634938753,0.012219629397945297,120093067.75835541,0.8700974969251093,120093078.52918905,2416.533613736339,0.004796115226893827
108,43394019.57368421,1.2479338889600413,43394019.15789744,2175.8070959623237,0.20735371917575918,32305505.128205128,1.1549323665207925,32305505.038775194,2216.4152085719966,0.012294094079547402,120124429.00390969,0.9064325312059716,120124427.50115512,2434.8512195207563,0.004536328242778054
109,45048277.30210526,1.2681688429009457,45048278.85297874,2184.7800004878795,0.17713658740807414,32256766.666666668,1.1647747966269761,32256767.204580314,2223.7475147552977,0.013784200691973836,120156978.20860134,0.9333666672721332,120156982.39836918,2450.112212699845,0.004266547831012324
110,43137839.48421053,1.2417490739482484,43137840.73223138,2173.9750802386434,0.21203313998701756,32209093.692307692,1.1440394446930622,32209093.540118657,2218.888145287832,0.015241771464791887,120033232.20027746,0.9184623745267297,120033227.72871259,2444.131759299082,0.005292095094097116
111,42702124.34210526,1.2859784428934231,42702124.606108606,2188.283022903643,0.21999204247101367,32076116.53846154,1.1847402008585115,32076116.32556674,2231.0628163019815,0.019307406099140945,119999236.62656073,0.9483058956786536,119999230.74601208,2458.167716234265,0.005573825978745006
112,44619597.016842104,1.3678739669453956,44619596.95334334,2213.71959814674,0.18496700090736928,32154344.025641024,1.2567444987973329,32154343.721467264,2246.9885626450564,0.01691568800518184,120160585.07277083,0.9862094678463426,120160580.93372834,2478.21346835366,0.004236726991936557
113,44585048.15157895,1.4022495148509972,44585047.11981816,2225.250290467112,0.18559809702564278,32089069.512820512,1.2919418768531488,32089069.077661183,2257.6488139568232,0.018911389701122938,120001889.28061546,1.0046486114648052,120001889.19392313,2487.3425883845102,0.005551795585978514
114,36161417.44842105,1.35989553687288,36161417.3682441,2195.820957828823,0.33946627801459905,31996162.769230768,1.2593416504954624,31996162.764105376,2250.734067134368,0.021751899839758115,119821231.46928994,0.9867278568903443,119821225.61375386,2480.758012070874,0.007048943456809065
115,37920971.671578944,1.4010411412841184,37920970.54101558,2210.393380158073,0.30732582858457713,32023949.410256412,1.29740363810641,32023949.338277645,2261.4069036581577,0.0209023553617409,119872606.88132173,1.0095887223440254,119872613.53238483,2493.1221111103723,0.006623094965969467
116,35883153.72421052,1.4000613691459447,35883153.89460865,2207.5230478780836,0.3445491099750084,31924454.974358976,1.290082625243806,31924455.366333526,2260.329995988271,0.023944276036707568,119785090.81725313,1.0058370185109107,119785088.87751074,2486.63117932269,0.0073484063461997096
117,36536377.72947369,1.3869390246203213,36536376.62163753,2211.489701108807,0.3326171761468627,31882060.230769232,1.2749619723450725,31882059.9927905,2262.733408402174,0.025240468768623958,119650220.09131038,1.0177953361526282,119650221.78233017,2495.284990533662,0.008466041589592632
118,39614207.56421053,1.434199274423594,39614208.32099543,2234.1497934675217,0.27639671312356173,31813943.256410256,1.3167668184619956,31813943.10207555,2277.657815688696,0.02732306909235649,119570618.69088158,1.0459693073596676,119570624.86772592,2511.029741664179,0.009125656278467842
119,37531580.33578947,1.438784814383232,37531580.39298694,2232.715445468802,0.3144385288740208,31774824.153846152,1.3218333815972214,31774824.7983659,2277.9091556255635,0.028519068955452198,119645774.89393365,1.0491622818759052,119645763.92919026,2513.143965560561,0.008502983541759379
120,40796546.43578947,1.5050081177463572,40796546.886885315,2253.7375437430333,0.2547998137094377,31767142.153846152,1.3918603175260278,31767141.857008513,2296.340753934322,0.028753966584955992,119530092.76882331,1.0805870410163783,119530094.45105445,2532.2393532641254,0.009461529324749307
121,40947573.184210524,1.5328430758545373,40947574.44781108,2266.0424270624862,0.2520411055558055,31783772.487179488,1.4013462421331198,31783772.209758136,2302.440129047785,0.028245511521070576,119639311.2155379,1.0954275061181955,119639316.68939333,2540.825594007781,0.008556411417624976
122,34843402.588421054,1.5097787846382416,34843402.28008137,2253.5067672147247,0.36354147957408145,31672512.846153848,1.3880938091698585,31672513.27015669,2302.3993577590354,0.03164713336845837,119405117.91348216,1.0980731840890328,119405105.48111403,2543.966372592525,0.010497305157644354
123,33859987.849473685,1.5853535831618804,33859988.14992344,2270.2011218211524,0.38150477423787676,31748655.82051282,1.4651642831698033,31748655.566929433,2320.9842335749895,0.029319164927088415,119553079.7628957,1.1287259510531436,119553073.09080076,2563.9779601427267,0.009271106763995673
124,36781522.79263158,1.554410336437227,36781523.37727565,2271.370306199726,0.3281392626490225,31694848.846153848,1.4262604002328907,31694849.25977913,2319.103433450063,0.0309642346229293,119473088.57762644,1.1289173016232241,119473088.86875676,2564.556376162416,0.009933931045574829
125,41765093.81368421,1.5681310326350475,41765094.200697035,2288.6408024923426,0.23710808012509987,31666843.564102564,1.4333037780290852,31666843.814082872,2322.669962993035,0.03182047086127093,119393674.67549501,1.1378885338428886,119393682.210122,2566.7112234545953,0.010591969095044562
126,33167307.010526314,1.5370082472322906,33167306.916052993,2259.635297514263,0.3941574672697512,31569148.974358976,1.4149932954347855,31569149.12970643,2314.985110405164,0.03480738026323904,119381051.09395888,1.1254735714030717,119381043.61616868,2563.0117253854273,0.01069670433836134
127,34731338.44736842,1.5839392833833177,34731338.26648215,2285.205916880557,0.36558846958140123,31502787.17948718,1.4540140161795263,31502787.047862407,2332.3507751684924,0.0368363292020607,119326283.6329928,1.16123937372534,119326290.51178014,2584.8043486621254,0.011150439914617838
128,35797075.461052634,1.597686644777371,35797075.41478183,2287.4657565837156,0.34612144155935554,31600964.692307692,1.468279258513403,31600965.457934495,2331.389437687703,0.03383463040968182,119503941.56766301,1.1453605165005234,119503930.45691255,2573.543252272118,0.009678348719589613
129,40856699.94,1.5689104253067176,40856700.54724666,2284.535526834538,0.2537010315249646,31451299.128205128,1.446965264464825,31451299.600856695,2327.009969099974,0.03841050225483511,119399490.43864295,1.147366260314455,119399492.91826932,2579.2966853899648,0.010543816117434934
130,36528993.43263158,1.6762396657734744,36528993.61522877,2315.378175414738,0.33275203603504033,31530688.666666668,1.5386767712318743,31530689.00761466,2359.2920219103494,0.035983256934625785,119348909.23243788,1.204260244656095,119348911.82071011,2613.288698598376,0.010962978532151224
131,38336284.085263155,1.689284432681353,38336284.40677755,2325.4830288871967,0.2997395990197811,31543647.17948718,1.5531482304169615,31543646.92459877,2366.169131963681,0.03558708262568788,119607345.89658217,1.2136809766151575,119607344.50089337,2620.6157709824843,0.008821362958459478
132,38944373.623157896,1.7234217446151514,38944374.025720365,2346.2569258107637,0.2886320781167505,31492592.64102564,1.5800640935863273,31492592.46530721,2380.985427440741,0.03714801754700603,119432951.1312902,1.2383405745443017,119432941.74634778,2634.714345723447,0.010266627756103097
133,35259168.60842105,1.701680157191887,35259168.520795226,2330.887235797079,0.35594698681241854,31423810.282051284,1.5638002520390852,31423809.949739072,2373.4407156308494,0.0392509686313236,119431329.02635893,1.2216597401433695,119431333.50654103,2623.483773177502,0.010279955139520514
134,38672006.45894737,1.7663154818674633,38672006.360659935,2358.6275383969355,0.2936072157259536,31581704.35897436,1.6218013478231132,31581704.444027364,2391.7639286212434,0.034423515095658885,119533337.5545466,1.2516109658700456,119533338.70008197,2642.606453087189,0.009434644434505035
135,35795892.87894737,1.6617399346239807,35795892.67735861,2331.329122563914,0.3461430457443999,31324867.205128204,1.513566028598769,31324867.556850016,2373.028960814843,0.04227602537274033,119448701.20418715,1.2394123734619635,119448702.3991349,2638.610981358482,0.01013602020509019
136,38797613.31368421,1.7451562621687151,38797612.96262336,2354.672887613397,0.2913128533270479,31465787.307692308,1.6018433671454606,31465787.351012267,2391.139473866194,0.037967554949879356,119697035.5689242,1.2659772816647032,119697037.2695217,2656.03483848846,0.00807808455417336
137,38035115.809473686,1.81153691294779,38035115.834173545,2370.074536091654,0.3052408213911656,31589312.923076924,1.6690708175496407,31589312.997723788,2409.475272569901,0.03419089178850265,119784301.5356287,1.2890099716172165,119784299.2272863,2673.457655519025,0.007354950128577564
138,34957729.71684211,1.796763018587658,34957730.48843129,2364.836846871627,0.3614531312048713,31555260.410256412,1.6548243887464997,31555259.474798057,2409.8049035439126,0.035232041452337715,119607857.18577375,1.2886578742208985,119607847.72910434,2668.7233628075637,0.00881719273752224
139,34408315.2631579,1.7147827436262442,34408315.401143834,2339.403969966487,0.37148888806764335,31317931.974358976,1.569487864531442,31317932.11434905,2387.385476344671,0.04248806903248681,119554817.13482153,1.2588817750494297,119554818.87299117,2652.4231359313667,0.009256639575385361
140,36503381.00947368,1.7856084476010627,36503379.71780361,2371.3507025969657,0.33321990605320084,31378430.128205128,1.6442618163024558,31378430.407969587,2412.2632956382554,0.04063839908195077,119303750.23861773,1.2901443327165425,119303749.92300244,2671.2004032276936,0.011337232374194928
141,42776027.39052632,1.8646841283515028,42776027.1878369,2416.974852105191,0.21864211896341945,31443756.692307692,1.7114689691715101,31443756.67068322,2443.1963111437285,0.03864111919369262,119381286.89923067,1.3377933095087355,119381292.12683772,2701.796178495648,0.010694644945877907
142,45117025.84,1.7212399397671436,45117026.22527458,2364.1999042611374,0.17588083027784718,31273699.025641024,1.58447393606897,31273699.50466192,2400.5191859343113,0.04384043327411713,119204445.1933409,1.2791041813992086,119204449.01008965,2667.125784812501,0.01216013287356299
143,38254859.26947369,1.7251117074686977,38254859.48482306,2360.349904256118,0.30122692752278946,31226328.743589744,1.5887653853375598,31226329.729059972,2399.6549010888125,0.04528871297344439,119078536.02724177,1.2736683092820889,119078535.265584,2661.712129228938,0.013203572255857554
144,40141541.532631576,1.8110776243225948,40141540.81233943,2387.6681519407975,0.2667643226206061,31368486.307692308,1.6662541223557803,31368486.379847582,2422.8651987467056,0.04094242699586059,119246967.44330937,1.3084503681841246,119246972.68074904,2683.4635986605244,0.011807741855251686
145,36535708.43473684,1.859977311359491,36535708.428423434,2398.4263292764363,0.3326293815354463,31382860.17948718,1.7070112146558518,31382860.05000578,2436.882896936857,0.0405029675635451,119334237.95787615,1.3268164614814075,119334241.62849505,2696.6525786841617,0.011084549504113972
146,36791452.623157896,1.8206871216055147,36791451.969317466,2389.7349443234893,0.32795790444094486,31281286.564102564,1.668775366596808,31281286.776185084,2430.743300988124,0.04360846064641,119171805.37318704,1.3223449503924367,119171800.4908664,2695.0221174502076,0.012430689125105698
147,34915613.27368421,1.8607590622537906,34915613.10828567,2397.8513636950443,0.36222245807014775,31394069.974358976,1.7034539545491298,31394070.006667785,2436.762013398684,0.04016023525253842,119386136.17480136,1.32547053899027,119386136.91278061,2696.009970245573,0.010654496505598798
148,33432624.991578948,1.8834104414026942,33432624.998164818,2402.0180684059546,0.3893110991503076,31356957.102564104,1.724675607445268,31356956.90345643,2447.7194398121956,0.04129492827729975,119987396.98019926,1.3459625355598328,119987395.58507776,2718.290863425844,0.005671903222521313
149,38227248.46526316,1.9034362512600065,38227249.4941041,2417.595385450062,0.3017312586928832,31318388.025641024,1.7511637288186035,31318388.12037142,2456.3963253436946,0.0424741271411313,119365970.1750536,1.3601782420869482,119365974.56324686,2722.9415888859085,0.01082158064423433
150,38435440.15894737,1.8844921303789677,38435439.859806485,2411.666495651446,0.29792840008978927,31333504.051282052,1.7312337039462329,31333504.391231425,2445.7595115319277,0.0420119634948426,119271026.56728466,1.3381403710984514,119271025.43592031,2704.1758450794255,0.011608418166666912
151,53271013.35789473,1.7895067978715364,53271013.2874131,2395.130537831156,0.026938011794604533,31145663.923076924,1.6499233362700045,31145664.110609513,2418.724502392304,0.047754977087025474,118974067.05233951,1.3034854399634284,118974058.12499867,2683.9756875011085,0.014069367832537982
152,39728373.91368421,1.8874254207032428,39728373.74821322,2417.731914823432,0.27431133815625075,31300610.025641024,1.728259022460208,31300609.639845695,2452.704748887282,0.043017684971057735,119095001.54319586,1.3571943899258339,119094994.86265445,2717.2727257849697,0.013067172596968657
153,114215155.29894736,1.81161873581214,114215155.1345794,2443.97099192268,-1.0862833101900349,31190292.846153848,1.6786938265531377,31190293.530477326,2426.5085488343852,0.046390480802929734,119137697.72556439,1.3063664479527817,119137702.26860315,2685.100566308335,0.012713258975723507
154,52482799.36947368,1.829456207112657,52482799.94293979,2413.113529564707,0.04133571885463605,31301056.794871796,1.6781989546457732,31301056.80423419,2436.1971529813914,0.043004013403103336,120002366.4396519,1.3385904947674792,120002359.67244217,2717.222324340066,0.005547896759704796
155,39270668.84421053,1.9070712419170786,39270669.099542856,2428.7410460201063,0.28267188863129256,31358322.589743588,1.7502801669806007,31358322.41798523,2460.9901366845156,0.04125317914621218,119234047.09168874,1.3690053127588193,119234036.95409194,2726.633508419326,0.011914939418834702
156,33473079.463157896,1.9515847522481842,33473079.188391674,2437.9619161856804,0.3885721525385545,31362871.692307692,1.788970905667923,31362871.48928157,2475.4380823771157,0.041114096207237716,119205227.54067348,1.384109770824693,119205225.43010247,2736.0330124834713,0.012153698729127416
157,52793736.74526316,1.861415467580818,52793736.39389712,2436.487543242605,0.03565607391261716,31227546.666666668,1.7112671203889358,31227547.033668593,2451.86563205719,0.04525149520050464,119019798.89721276,1.3555838460058711,119019796.15107928,2717.7412442531963,0.01369033965044164
158,31663091.356842104,1.870829769900309,31663091.72156429,2403.470600846943,0.42163384771592116,31200070.564102564,1.722812770601223,31200070.4179644,2455.5106813724224,0.046091563033314076,119133471.90818514,1.3620089445869794,119133467.70051704,2724.1991170478327,0.012748350578513978
159,36598670.18315789,1.843828391583499,36598669.82086233,2404.550943212007,0.33147931259689944,31118437.0,1.705414660734025,31118437.264479358,2447.62129228543,0.048587408485019856,118706724.39979821,1.3482563499436493,118706731.2877166,2709.372904575101,0.01628468873383837
160,32217501.334736843,1.9370549608364773,32217501.48853527,2421.9453842634903,0.4115068567533382,31360498.051282052,1.7865246348417652,31360497.37933668,2465.1791085341038,0.04118668205324305,119290663.50409888,1.365669742141321,119290664.90035701,2722.0191419767184,0.011445667144362903
161,89019722.21578947,1.8503373830005378,89019722.60879123,2453.818398496728,-0.6260570791821265,31209548.333333332,1.7052170746093676,31209548.392194785,2441.655995894701,0.04580178421350367,119106087.30533485,1.3398365805263222,119106083.9986785,2706.845121085621,0.012975277615300373
162,40599473.37263158,1.982099031888235,40599473.29223,2463.5839134688126,0.2583996105220767,31404327.435897436,1.8272070505827032,31404327.320910413,2492.1871331899592,0.03984662895404034,119285608.19296254,1.4071947363534423,119285610.0392633,2751.534723561624,0.011487556464372495
163,44131082.629473686,1.8693326405147304,44131082.94929143,2418.0031947928983,0.1938903229677974,31176597.53846154,1.7287378879077129,31176597.70317296,2449.5285869622844,0.046809215922493874,119695417.98511793,1.3567685906084932,119695430.68624294,2723.248627313255,0.008091398210046119
164,38587713.607368425,1.8066303108937223,38587713.401444696,2391.760658987949,0.2951469325329752,31101948.102564104,1.661345280177617,31101947.64964309,2434.0134737185945,0.04909156063929154,120048270.30394754,1.342923356319027,120048257.62625803,2722.018276338244,0.00516754326639679
165,33744249.12631579,1.9441766793861641,33744248.93879557,2436.192521147477,0.3836188963456314,31331236.076923076,1.781389768846069,31331236.2119582,2478.7186089906936,0.04208131062503484,119202679.18274687,1.3947083173241173,119202686.37548932,2745.0110441995216,0.012174739717047744
166,32907458.65368421,1.915169002452726,32907458.761122435,2425.9823225663836,0.3989039202967293,31226153.615384616,1.7623322092356324,31226153.578896664,2472.571595778832,0.04529409857433253,119028927.48896456,1.3892035169492518,119028930.62351838,2742.4064567451414,0.013614642844530067
167,35574114.04736842,1.9343939277595994,35574113.766642675,2436.5438255571066,0.35019411619502083,31275122.17948718,1.7768915469978226,31275122.01735527,2475.2056625928635,0.04379694148574298,119043169.86227772,1.3861805839377102,119043168.46867752,2737.3476466278603,0.01349665470577377
168,36233859.330526315,1.957724266923702,36233859.241455615,2444.1524305684943,0.3381430361833201,31300689.076923076,1.8048251072542951,31300689.06369488,2484.282667526832,0.043015256672697455,119130486.82355909,1.4068968847811765,119130485.58682089,2753.1126372748327,0.012773063169544185
169,36989186.24526316,1.864957495358776,36989185.95875794,2417.057140819148,0.3243460446878249,31166294.794871796,1.7138792635402762,31166294.11231464,2459.2141044445525,0.047124237078508435,119021112.6747383,1.366183152217443,119021115.32411864,2727.977841151499,0.013679407745376349
170,36798762.231578946,1.9690050982922853,36798762.49354354,2460.8012755393984,0.3278243685309019,31250615.025641024,1.8016420980603056,31250615.208697088,2493.9578915009133,0.04454621067741471,119335889.4029512,1.4241339358715048,119335889.45246035,2769.3411815199247,0.011070894089232675
171,37000462.01894737,1.9200039046853647,37000461.820875004,2432.9506807979783,0.3241400768990921,31173904.923076924,1.761526150453356,31173905.104992464,2472.1925266216963,0.04689153920213174,118992331.84689116,1.3917638002597081,118992329.55394751,2744.8854578648197,0.013917953635375735
172,46265122.150526315,1.8915124192283235,46265122.24722593,2429.879822625612,0.15490941395161306,31117422.846153848,1.7415393390655414,31117422.6995912,2461.5936332482556,0.04861842771009517,118978192.37734897,1.3745485514620308,118978194.14633106,2733.4108627305864,0.014035092880576472
173,34566987.79157895,1.9345852046265288,34566987.65464133,2434.33120297181,0.3685905399992806,31268429.025641024,1.772880221158538,31268429.44160306,2475.0666057635576,0.04400155975709774,119324718.66263086,1.3950817197009504,119324719.24733797,2749.1290066897427,0.011163460885484922
174,32705909.704210527,1.9202876758065193,32705909.47248047,2424.147812037217,0.4025854712833645,31200504.692307692,1.7659052610199364,31200504.665695705,2474.4236039137227,0.04607828637819511,119116981.14642452,1.4030742075076916,119116981.8731617,2756.365035281384,0.012884967606145104
175,34013305.796842106,1.8953238913562975,34013305.47986574,2421.3101442678353,0.37870424057625696,31151278.64102564,1.7497325859306523,31151278.180486258,2468.0996267856694,0.047583332967335856,119137543.24429311,1.3911745306175236,119137543.39353833,2744.5176368893312,0.012714575563520625
176,41751673.74736842,1.89666533939365,41751673.179994814,2428.2953702284162,0.23735323193060043,31108206.487179488,1.7424906662432493,31108205.83091464,2465.800435518607,0.048900223509758756,119295598.12183125,1.3776691004497532,119295599.78439502,2736.44069692126,0.011404772066763935
177,35644610.55894737,2.0074988179960847,35644610.654527985,2466.305698366667,0.34890640196443423,31250148.205128204,1.8385100677503363,31250147.622933805,2502.2378620245518,0.04456050660683497,119282621.83881952,1.4220255741738865,119282625.84361045,2763.0658815585734,0.011512286308448472
178,34279226.258947365,1.9837411872488344,34279226.236547835,2448.831631398452,0.3738468638485779,31295079.589743588,1.8225153414790036,31295079.655787766,2489.6636051764854,0.04318675825770357,119283962.69138604,1.4009973204577817,119283963.98799671,2748.3522625606947,0.011501197189009549
179,69462250.86631578,1.9881518956210456,69462250.39822279,2485.659997853731,-0.2688152769507417,31243801.846153848,1.8329576759746253,31243802.213050477,2496.0114382963916,0.04475451065691016,119285183.191323,1.4147602705602607,119285177.83700244,2758.6626386542625,0.011491138097671216
180,88510097.90315789,1.9203846108445481,88510099.01520504,2468.968442377793,-0.6167481639464458,31142478.948717948,1.7565979528865268,31142478.87819948,2472.188282245245,0.04785236212587085,119104039.41732879,1.3883917876210181,119104037.35253353,2739.942068360976,0.012992238044820303
181,42312367.94631579,1.9013585869362855,42312367.95611992,2442.8693787153143,0.22711143737923634,31142103.076923076,1.7504278831729123,31142103.027438506,2476.8853709758855,0.04786385335672805,119251015.58279733,1.4025306762155738,119251010.22889718,2753.7704451377313,0.011774282944453485
182,45404710.84842105,1.9336508163802808,45404710.00194765,2445.846609279231,0.17062592464664383,31169568.435897436,1.7827844225384173,31169569.168943156,2477.9799616764753,0.04702410576125082,120515294.59654433,1.406756432340989,120515286.14019792,2763.532368077232,0.0012973069708070994
183,39953785.88842105,1.895486611290783,39953785.81341195,2427.2407754948263,0.270193903574251,31120381.974358976,1.7502549904123754,31120381.8677777,2468.320042561262,0.04852795434059021,120099097.6662883,1.3847301556204907,120099098.35201485,2745.2670322340755,0.004746229328928209
184,41223237.38736842,1.9406034470250229,41223237.67097583,2447.354495785362,0.24700577043723781,31196159.153846152,1.7834472655469777,31196159.508997183,2480.3427868989797,0.04621113484869965,121147767.90213142,1.4039568502321633,121147775.19990182,2763.4959451379773,-0.003944090593506422
185,41268197.535789475,1.9546660392464896,41268197.81049604,2444.042162381222,0.24618451700029842,31276909.333333332,1.8036991715880397,31276910.005573444,2487.177113936498,0.043742275678144926,119363025.98209105,1.4070998103040844,119363025.75290765,2755.548080292306,0.01084601725241352
186,40914788.92315789,1.9803800554599924,40914788.17574956,2459.3525982354818,0.25263998800817966,31320088.410256412,1.8212025929780067,31320087.909381535,2494.581030784509,0.04242215792900805,119442943.51822424,1.4195081677843744,119442949.67791878,2764.3002113268194,0.010183692648601639
187,62241500.25473684,1.9060959893170084,62241499.03954348,2454.229089200873,-0.13691918112270418,31172703.410256412,1.7575006969440163,31172703.240608074,2473.427920720516,0.04692828490690093,119635521.63501072,1.3898523854404083,119635530.6968509,2746.8867557452027,0.008587785702738548
188,41973893.277894735,1.9420549230509498,41973893.44142877,2445.1951482632285,0.2332940996545949,31187253.282051284,1.791276848439543,31187252.226933062,2485.2157596074617,0.046483465372239574,119305792.76983227,1.4132292177235426,119305791.05947217,2761.8373012573998,0.011320317603011554
189,40679268.336842105,2.003327854888825,40679268.228027016,2474.991540200083,0.25694205576417406,31306791.512820512,1.8431648331872266,31306791.10480749,2511.675844608209,0.04282869335979289,119325719.5270526,1.4433108258857072,119325723.20538437,2779.9892540098303,0.011155141147493608
190,40935509.190526314,2.003449175937588,40935509.93756942,2470.2996716042567,0.25226147899340345,31312489.564102564,1.843045637442588,31312489.506069414,2503.3284506064197,0.0426544708991331,119210444.99003658,1.4299069263915396,119210441.58540457,2769.2677942151636,0.012110472774028103
191,49784707.19789474,1.8852772966848317,49784706.85003858,2435.873766866985,0.09061977912164865,31111362.871794872,1.7310785982021537,31111363.7021753,2461.1688520235894,0.04880367500848792,119113638.26787741,1.3761374211047472,119113635.40132876,2732.989093327796,0.012912699610430622
192,45762593.48,2.016709848842839,45762593.157154225,2483.426345498938,0.16408873916695976,31353471.64102564,1.8558290908453108,31353471.19357683,2509.327619894957,0.04140150009006893,119343497.3873124,1.4385975620096776,119343487.78905332,2774.976217688701,0.011007927145693985
193,59795101.790526316,1.9268301437827755,59795100.624635346,2453.3311810112,-0.0922326403822542,31210505.871794872,1.7759685701123245,31210505.51469158,2469.552271671784,0.045772521227469665,119083586.45226385,1.3829357581443433,119083584.16473047,2737.3638940032483,0.013161732342134469
194,49011999.00315789,1.989546170555702,49011998.726491235,2472.7479533275805,0.10473426384047224,31290417.17948718,1.8305080298538075,31290416.86687086,2499.4173844288557,0.04332931799003903,119349042.76276958,1.4329246304825904,119349050.92304437,2773.8720627995335,0.010961825799744473
195,37585751.80105263,1.9745562940121921,37585751.236884065,2457.175151676379,0.31344903034916805,31291698.64102564,1.819125442235141,31291698.464450866,2498.4177240836316,0.043290134528976676,119229462.92874259,1.4295608533435704,119229465.02843119,2771.1734272435688,0.011952826682898543
