global_round,train_loss,train_mse,train_r2,train_mae,train_mape,dev_loss,dev_mse,dev_r2,dev_mae,dev_mape,test_loss,test_mse,test_r2,test_mae,test_mape
1,120569705.26582278,120569705.32177617,-0.4941697141230239,6341.858244698521,0.9961924066257709,101333071.15789473,101333070.7339486,-0.6496112400212419,6344.667783400325,0.9948384935779425,131488884.43385042,131488891.89481196,-0.08964028252820833,3305.5766545063607,0.9867592991374033
2,119341927.12236287,119341926.47731258,-0.47895436661808866,6293.29359894526,0.9895530423878988,99813107.36842105,99813105.34093887,-0.6248675706683684,6274.364629425411,0.9830848197912352,131002046.16950434,131002046.05879724,-0.08560582131511119,3256.6128657217555,0.9554396424563465
3,117317211.5443038,117317212.60092123,-0.4538629380059447,6203.98118089788,0.9756000812149696,97363095.78947368,97363097.51410739,-0.5849836470883518,6156.200846769883,0.9631771418709995,130229592.88863665,130229591.35824415,-0.07920453717603526,3173.225177227797,0.9047243106822375
4,114873035.35864979,114873036.76365341,-0.42357329350287176,6097.0204183875885,0.9598798711928385,94212076.63157895,94212078.47282156,-0.5336878915134184,5996.999875350237,0.9369984575444952,129299674.03203431,129299671.85062213,-0.07149835195831855,3073.5598094097104,0.8535467787683062
5,111983456.47257385,111983458.78984384,-0.3877639674077249,5965.313652053209,0.9403427902857376,90130492.0,90130490.80569756,-0.46724331577863687,5782.391721302643,0.9049011416132998,128232748.80590238,128232745.47712626,-0.06265679935033952,2992.782201238923,0.8354338497543727
6,108621616.84388186,108621617.30155061,-0.34610207794648584,5809.67553052158,0.9201409173051034,85912420.0,85912421.06642413,-0.3985769346781596,5547.026395194526,0.8713540217607778,127167873.4924959,127167875.77631956,-0.05383229026122982,2932.5915774271307,0.8455712381285116
7,105184988.60759494,105184987.77522734,-0.3035133717438028,5634.352137566687,0.8927504990936607,81190196.21052632,81190198.07426292,-0.32170339211861165,5293.640996085872,0.8408602753288528,125943076.04615967,125943073.24333058,-0.043682427722613104,2894.8694076069305,0.8744404081733476
8,101573685.89029536,101573687.2968534,-0.2587600418008975,5447.940987055911,0.865647041615452,76820962.10526316,76820963.16752298,-0.25057617806847343,5050.582592794721,0.8096993687578893,125236100.86896203,125236111.88749114,-0.03782388286446903,2872.963755632307,0.9152479484951306
9,97215502.48101266,97215502.44194719,-0.20475088749989268,5229.685278253966,0.845411315677031,72500010.10526316,72500010.29225767,-0.1802349520598967,4807.852140525674,0.7869426855138562,124441287.77172405,124441296.7244389,-0.031237298961101834,2897.3683018248385,1.0067256707722831
10,93245314.092827,93245316.12763608,-0.15555003613812035,5026.787152571036,0.8165541152159848,68605993.89473684,68605993.19823992,-0.11684385653105589,4611.176287415682,0.7690894209437098,123960147.02232312,123960156.68946336,-0.027250121366923175,2914.1276837487676,1.0717340303053233
11,89835757.76371308,89835756.90641256,-0.11329680085596561,4815.012456448941,0.794213580365459,65060034.526315786,65060034.95062739,-0.05911884593441186,4439.217289587875,0.7626466346273603,123667249.16509017,123667250.55022474,-0.02482282637861699,2959.081357319428,1.1595385359960868
12,85843872.57383966,85843871.05455814,-0.06382703624006258,4609.636333715947,0.7669172914225543,62129272.10526316,62129272.06249892,-0.011408662407188075,4297.052739641801,0.7530958302122519,123605335.81283894,123605339.4096826,-0.024309772601222912,3016.4893909064167,1.2557530704435784
13,81620814.56540084,81620813.78752917,-0.011492461376818142,4358.281359609931,0.7474479433006218,59398806.526315786,59398806.45516112,0.033040861560971524,4155.263421347414,0.7555614469046941,123688515.8791777,123688530.31100094,-0.024999170434834683,3110.463946590419,1.3997210363826542
14,78804151.30801688,78804150.76434281,0.023413260362348698,4157.856791441927,0.7266300242089475,57520992.7368421,57520991.7945498,0.06360999509639997,4073.3856765589626,0.7579573724095321,124139794.7511666,124139796.88761784,-0.028738788534542703,3193.64640408504,1.5103745224592624
15,77136877.05485232,77136879.9741715,0.04407504694685971,3912.9006974234803,0.6962748869080312,56563008.631578945,56563008.94210591,0.07920509420563515,4032.3235060170687,0.7717499956645085,125204978.1626939,125204983.086013,-0.037565920419515564,3320.029980878088,1.6665608474311424
16,72442936.71729958,72442936.94108136,0.1022451113187044,3694.7398495534553,0.6855987251623078,55242371.2631579,55242372.024390236,0.1007038752814654,3956.6150802446923,0.7665695633364329,125266949.62593013,125266953.87933166,-0.03807946853576438,3384.442016199387,1.7631358859016995
17,70096709.4092827,70096709.89460628,0.1313209175997555,3503.9535722407986,0.6765294707915243,54158913.473684214,54158914.492522225,0.11834158930424155,3910.175401262179,0.7822757029558601,125957119.34972884,125957112.35600272,-0.04379876897758961,3503.5175819268275,1.8974750627092163
18,70880016.40506329,70880016.39122143,0.12161372920616509,3335.467835090758,0.647878373455991,55261914.631578945,55261913.82126261,0.10038575240669811,3932.0087372593484,0.7963445249088794,127391970.0143776,127391986.26328264,-0.055689479950890686,3620.8829504960963,2.03533160868514
19,65292276.74683544,65292278.85663467,0.19086021340686965,3131.333535734348,0.6350396563673164,54860412.7368421,54860413.49356719,0.1069218165824054,3890.7220724681883,0.8057526545271214,128024866.95724556,128024870.95785712,-0.06093415611681041,3734.1423941625594,2.1657787941874953
20,61585959.32489452,61585958.87733186,0.23679108011292882,2997.85199239149,0.6280050794671316,54191978.94736842,54191980.42960773,0.11780330559209307,3875.8927602850295,0.8180012786595039,128921658.75495018,128921654.09086257,-0.06836574225563274,3843.6674558951286,2.2860227880634247
21,60940969.69198312,60940968.007477395,0.24478418104197586,2901.732184023482,0.621344004032909,55038068.315789476,55038068.90215772,0.10402974633585249,3874.3830569391384,0.8182393607849614,128918343.34266616,128918348.58309603,-0.06833834971802188,3914.6230530910225,2.384521101292639
22,60598974.39240506,60598976.49943119,0.2490223381515595,2807.1509883949425,0.6248278277398205,55727792.21052632,55727792.45540915,0.09280166731179718,3910.742247030727,0.8397801139136947,130362991.2246185,130363001.68314706,-0.08031010025459295,4046.2724318243936,2.521833651451516
23,59282183.85232068,59282184.08860015,0.2653407933953531,2694.349899421572,0.6233439917560829,59528052.7368421,59528052.48110852,0.03093685251844802,4024.5723951304526,0.871004139304345,132524099.83200908,132524115.78714125,-0.09821911864327748,4209.535568938218,2.688147232558226
24,62389940.8649789,62389941.9249813,0.2268276559073198,2628.1662233980405,0.643370714153113,61632071.368421055,61632070.22640733,-0.003314663760593195,4071.647405033049,0.8949271710132173,133303559.4859377,133303564.14192618,-0.1046783587607123,4298.092951508364,2.789440571699313
25,63507048.50632911,63507049.22243378,0.21298381439817216,2591.3246569548683,0.6573548679151701,60665147.368421055,60665147.23069993,0.01242597283909852,4017.5359426110394,0.8873773378477656,133217295.75028376,133217300.3960634,-0.10396349645516434,4347.81530521935,2.8605446198497417
26,82352103.39662448,82352106.23827788,-0.02055506154789266,2553.5796972249677,0.6667985638735009,63597030.315789476,63597030.64372974,-0.035302451825580006,4099.618374969712,0.9090609043486239,133961395.06772608,133961402.03371942,-0.11012982052255271,4421.40292944086,2.9454772837173975
27,70332853.57805908,70332853.7705975,0.12839448573413847,2520.946678347198,0.6774916228586652,61519146.94736842,61519146.23734419,-0.0014763627964817783,4005.0136152749487,0.9006953109126746,133589558.19750284,133589550.15317097,-0.10704830707802837,4463.134371265816,3.0169988958810197
28,60805086.1814346,60805087.84869563,0.2464680867748471,2500.936676456487,0.6877751657478155,59270443.78947368,59270443.80137649,0.03513049009929958,3996.7744188390084,0.9098271680045391,133750689.19510657,133750684.37117557,-0.10838361633724669,4511.58997840535,3.0713960441068697
29,79954721.64135021,79954721.11003241,0.009154725352170101,2505.4670624953933,0.7196394672460027,67354291.57894737,67354290.18380652,-0.09646725739296169,4164.00156491588,0.943043058150189,135008405.05587086,135008396.63365933,-0.11880619976070683,4607.3555464194305,3.171506709143103
30,71995495.10548523,71995497.1410554,0.10779004481844057,2500.622932922272,0.7209862576472759,65652612.0,65652613.68895955,-0.06876549475567217,4163.740652468398,0.9535710970069846,135945956.10997602,135945950.22170997,-0.12657564812890865,4673.66245934581,3.230338903009256
31,64114622.97890295,64114622.93230877,0.20545440861609954,2510.2300607840048,0.7411756518199677,61321713.2631579,61321713.425636984,0.001737665782562292,4003.4066965603024,0.9426784026172836,134811390.92899483,134811392.63361627,-0.11717363984501583,4683.941789537108,3.273660659803934
32,81837997.58227848,81837992.3576898,-0.014183864173437088,2492.5275902222165,0.7363682656132307,67451878.10526316,67451877.24019155,-0.09805588688901223,4240.641451902884,0.9812142118533487,137256161.80501956,137256161.86386696,-0.13743329065185117,4770.299364658875,3.3113766916452305
33,67063407.51898734,67063408.4085155,0.16891134881318104,2506.323797284197,0.7628234670371827,59247240.315789476,59247240.05438993,0.03550822622791394,3954.8241235280507,0.9446628001412062,135301616.26485056,135301613.38793492,-0.12123606879653726,4759.679114970663,3.3530551023825756
34,66656774.51898734,66656774.89823845,0.1739505871042757,2501.958808588658,0.7669287503639102,59609973.368421055,59609974.70771645,0.029603232360278398,3961.833693689765,0.9400541132814265,134986711.61306596,134986724.2715506,-0.11862660224162425,4741.260254935098,3.33740101985776
35,68160534.11392406,68160536.81116371,0.15531509735543558,2495.5355935503694,0.7697527169959816,59788891.78947368,59788892.81213909,0.026690606561403984,3977.1425777926647,0.9404734114570091,135504173.45491233,135504180.45275146,-0.12291472948457605,4766.423035631867,3.3555746041171166
36,74558333.84388186,74558337.72367074,0.07602983797004903,2511.322924106889,0.7822054056922275,60620998.10526316,60620997.013535574,0.013144698660354948,3981.0203020985387,0.9460240155827006,135278231.35679153,135278233.2102881,-0.12104231871613491,4772.257441046921,3.3727620969492356
37,57335171.75949367,57335172.19973389,0.2894692939139324,2522.1579010531873,0.8028837635083239,57858940.21052632,57858941.10184965,0.058108484367065505,3869.5409633564323,0.9341038368393995,134207687.99243285,134207685.17182839,-0.11217075359548212,4778.516753969494,3.4049080549509654
38,59898428.31223629,59898429.62373785,0.25770392132530096,2514.5859673521186,0.7931015880371444,57702370.0,57702369.32166046,0.06065733210847435,3933.9654707461596,0.950134694142362,135956041.94223735,135956031.8125652,-0.12665919364632505,4865.129614093082,3.4741679981365743
39,80253180.56962025,80253184.3162151,0.005455996204014157,2512.993486269743,0.792189727452661,69779611.78947368,69779613.05300616,-0.13594933206744342,4154.673081672506,0.9728711220840435,137322803.14087528,137322807.93728736,-0.13798558252399884,4880.228982691357,3.4853706741346127
40,81214825.90295358,81214821.66334292,-0.00646117151413983,2525.246283078244,0.798826050674372,65901974.94736842,65901975.08911131,-0.07282487404358307,4088.798923184605,0.9723204545618392,136583510.29688486,136583513.53371325,-0.1318590957069492,4891.211893086235,3.5062661236357093
41,68207777.61603376,68207781.07779703,0.15472961900346427,2545.18106007576,0.8073920718522781,60826590.10526316,60826590.07971182,0.00979782847889965,3941.4995478203423,0.9621059145967954,135138878.98196495,135138891.11707154,-0.11988759944188576,4855.547401677436,3.4874418390885698
42,71717220.76793249,71717225.96099663,0.11123854266827327,2555.0446241711766,0.8091648303536914,62422935.78947368,62422935.224538215,-0.01618923452813048,3970.0385977218025,0.969043753618687,135105559.06369025,135105563.82474872,-0.11961141823981447,4852.416041366148,3.4819198091369494
43,61328271.616033755,61328272.36807259,0.23998448078389945,2543.713609015388,0.8037874546887083,59243342.0,59243341.55686589,0.035571690260813194,3886.136839490188,0.9563418637764574,134156092.1084626,134156084.41658561,-0.11174314134085628,4800.3105191940285,3.4251118582056104
44,58556302.11392405,58556302.50539419,0.27433633895774345,2535.6685933186536,0.8004306805027421,56488365.578947365,56488365.580447234,0.08042022098994428,3835.708499218288,0.9455351418294409,134208206.40736537,134208208.95425278,-0.1121750941479096,4812.59622830908,3.4366607878365114
45,54873370.31223629,54873373.14602198,0.31997733553596586,2521.0543162515896,0.7894470563338859,57757521.05263158,57757521.04137817,0.059759511721764524,3864.5703195898154,0.9520435491034603,134304212.39803255,134304229.33561265,-0.11297080908599844,4805.702805560359,3.4345890947620408
46,55088775.700421944,55088777.57840108,0.31730791888366694,2540.420514763156,0.813050029570388,59453590.315789476,59453590.505699635,0.03214902649777185,3918.0459174858897,0.9747012514561954,135139248.18463868,135139246.8059205,-0.11989054701329138,4885.915727099369,3.5174969546438404
47,56818341.88185654,56818342.751459494,0.2958741441780811,2529.905459679129,0.8106435285455351,57456977.578947365,57456975.39245059,0.06465212453828606,3906.047315986533,0.9711093477840599,135487976.2058267,135487979.9114384,-0.12278047660466296,4902.710263103476,3.529741419063337
48,60380127.603375524,60380129.453366786,0.25173441766922977,2525.861123351105,0.8039031829536357,58816248.315789476,58816249.18755638,0.042524369853342736,3959.2782641272797,0.9673957436652207,136653880.87375456,136653880.74827453,-0.13244222444467257,4944.952901150543,3.5591922755023173
