global_round,train_loss,train_accuracy,train_f1_macro,train_f1_micro,train_f1_weighted,train_f1_binary,dev_loss,dev_accuracy,dev_f1_macro,dev_f1_micro,dev_f1_weighted,dev_f1_binary
1,0.5223009388723142,0.9329514824797843,0.9194266918113797,0.9329514824797843,0.9337133641909569,0.8864155251141552,0.5220176326601129,0.9292763157894737,0.9154320907785268,0.9292763157894737,0.9302048918572811,0.8812154696132597,{'accuracy': 0.7461683812723073, 'f1_macro': 0.7000289892895906, 'f1_micro': 0.7461683812723073, 'f1_weighted': 0.7606425160163502, 'f1_binary': 0.5823834196891192},0.7461683812723073,0.7000289892895906,0.7461683812723073,0.7606425160163502,0.5823834196891192
2,0.39722955010007976,0.9502190026954178,0.9397181046910477,0.9502190026954178,0.9506068259718657,0.9145583345380945,0.39729239281855133,0.9475740131578947,0.9367127845104295,0.9475740131578947,0.9480321791306165,0.9104949104949105,{'accuracy': 0.7515221499055217, 'f1_macro': 0.7044115084388273, 'f1_micro': 0.7515221499055217, 'f1_weighted': 0.7652106218541669, 'f1_binary': 0.5864057312598288},0.7515221499055217,0.7044115084388273,0.7515221499055217,0.7652106218541669,0.5864057312598288
3,0.3025887073532269,0.956768025606469,0.9478868870543673,0.956768025606469,0.9571974950692007,0.9263735475541529,0.30302300735523824,0.9553865131578947,0.9463633124748361,0.9553865131578947,0.955861418457003,0.9243638898570931,{'accuracy': 0.7533067394499265, 'f1_macro': 0.7066221734563161, 'f1_micro': 0.7533067394499265, 'f1_weighted': 0.766918976060695, 'f1_binary': 0.589591337757597},0.7533067394499265,0.7066221734563161,0.7533067394499265,0.766918976060695,0.589591337757597
4,0.23339796929828563,0.9605058119946092,0.9526493220596017,0.9605058119946092,0.9609966522296471,0.9333617580699604,0.23459161582746005,0.9580592105263158,0.9497691597414589,0.9580592105263158,0.9585794363852846,0.9293628808864266,{'accuracy': 0.7558261599832039, 'f1_macro': 0.7103086688500585, 'f1_micro': 0.7558261599832039, 'f1_weighted': 0.7694717637868904, 'f1_binary': 0.5954782608695652},0.7558261599832039,0.7103086688500585,0.7558261599832039,0.7694717637868904,0.5954782608695652
5,0.18892678759008083,0.9632222877358491,0.9559595421099646,0.9632222877358491,0.9636996415734288,0.9380750616058291,0.19068073520534917,0.959703947368421,0.9518159586993932,0.959703947368421,0.9602330197791487,0.9323204419889503,{'accuracy': 0.7557211841276507, 'f1_macro': 0.7104411272994715, 'f1_micro': 0.7557211841276507, 'f1_weighted': 0.7694362212502821, 'f1_binary': 0.5959367945823928},0.7557211841276507,0.7104411272994715,0.7557211841276507,0.7694362212502821,0.5959367945823928
6,0.1482371656359688,0.9668969002695418,0.960307284322438,0.9668969002695418,0.967306601441921,0.9441344752834144,0.15069577411601418,0.9629934210526315,0.9556963882881233,0.9629934210526315,0.96345918910143,0.9377162629757786,{'accuracy': 0.7578207012387151, 'f1_macro': 0.7130427176347822, 'f1_micro': 0.7578207012387151, 'f1_weighted': 0.7714456789762922, 'f1_binary': 0.5996876626756897},0.7578207012387151,0.7130427176347822,0.7578207012387151,0.7714456789762922,0.5996876626756897
7,0.12362883031127267,0.9734985680592992,0.9680513690951105,0.9734985680592992,0.9737606703222318,0.9548593052242688,0.12596348790745987,0.9710115131578947,0.9651059973812606,0.9710115131578947,0.9713036901003669,0.9507509605309117,{'accuracy': 0.761074952760865, 'f1_macro': 0.7160864397614983, 'f1_micro': 0.761074952760865, 'f1_weighted': 0.7743152429790331, 'f1_binary': 0.6030694105336589},0.761074952760865,0.7160864397614983,0.761074952760865,0.7743152429790331,0.6030694105336589
8,0.10192560808195901,0.9753411388140162,0.9702542580364556,0.9753411388140162,0.9755778945442682,0.9579533213644524,0.10426893006814153,0.9743009868421053,0.9690277047690254,0.9743009868421053,0.9745453392251628,0.9562478123906195,{'accuracy': 0.7612849044719715, 'f1_macro': 0.7161101372083671, 'f1_micro': 0.7612849044719715, 'f1_weighted': 0.7744569155583065, 'f1_binary': 0.6028641285365002},0.7612849044719715,0.7161101372083671,0.7612849044719715,0.7744569155583065,0.6028641285365002
9,0.08668136334604008,0.978141846361186,0.9735619544899278,0.978141846361186,0.9783242078538589,0.9625581647007899,0.089036631348886,0.9775904605263158,0.9729031537260591,0.9775904605263158,0.9777688701277095,0.9616332277367124,{'accuracy': 0.7614948561830779, 'f1_macro': 0.7160766587060474, 'f1_micro': 0.7614948561830779, 'f1_weighted': 0.774583880022915, 'f1_binary': 0.602519244226732},0.7614948561830779,0.7160766587060474,0.7614948561830779,0.774583880022915,0.602519244226732
10,0.07552750683778701,0.9792158018867925,0.9748491956852352,0.9792158018867925,0.9793846225136784,0.9643695173459442,0.07819126546382904,0.9780016447368421,0.9734113345446307,0.9780016447368421,0.978181077940793,0.962363700316567,{'accuracy': 0.7630694940163762, 'f1_macro': 0.7175267678237229, 'f1_micro': 0.7630694940163762, 'f1_weighted': 0.7759643364913158, 'f1_binary': 0.6041045430626206},0.7630694940163762,0.7175267678237229,0.7630694940163762,0.7759643364913158,0.6041045430626206
11,0.06665390117390137,0.9807530323450134,0.9766776389811684,0.9807530323450134,0.9808969470469456,0.9669283930962116,0.06897182409700595,0.9800575657894737,0.9758462561947953,0.9800575657894737,0.980200638345866,0.9657606777267914,{'accuracy': 0.7630694940163762, 'f1_macro': 0.7174699604449466, 'f1_micro': 0.7630694940163762, 'f1_weighted': 0.7759498430602004, 'f1_binary': 0.6039656080014038},0.7630694940163762,0.7174699604449466,0.7630694940163762,0.7759498430602004,0.6039656080014038
12,0.058447430407342245,0.9818901617250674,0.9780457058870482,0.9818901617250674,0.9820217151655793,0.9688586326767091,0.061138143076708444,0.9810855263157895,0.9770769834447841,0.9810855263157895,0.9812155970284181,0.9674911660777386,{'accuracy': 0.7636993491496956, 'f1_macro': 0.7182210372005204, 'f1_micro': 0.7636993491496956, 'f1_weighted': 0.7765454571238419, 'f1_binary': 0.6050184242849622},0.7636993491496956,0.7182210372005204,0.7636993491496956,0.7765454571238419,0.6050184242849622
13,0.05311603049905795,0.9823323787061995,0.9785827142422283,0.9823323787061995,0.9824610788151289,0.9696212614961257,0.055579468411834615,0.9814967105263158,0.9775565838019811,0.9814967105263158,0.9816165769919237,0.9681528662420382,{'accuracy': 0.762964518160823, 'f1_macro': 0.7174867638584934, 'f1_micro': 0.762964518160823, 'f1_weighted': 0.7758867685983767, 'f1_binary': 0.6041374474053296},0.762964518160823,0.7174867638584934,0.762964518160823,0.7758867685983767,0.6041374474053296
14,0.04760694485709995,0.984332884097035,0.9809694896861664,0.984332884097035,0.9844319462045082,0.9729690451969191,0.05008901489016257,0.983141447368421,0.9795344304596112,0.983141447368421,0.9832438993668106,0.9709425939050319,{'accuracy': 0.7636993491496956, 'f1_macro': 0.7182210372005204, 'f1_micro': 0.7636993491496956, 'f1_weighted': 0.7765454571238419, 'f1_binary': 0.6050184242849622},0.7636993491496956,0.7182210372005204,0.7636993491496956,0.7765454571238419,0.6050184242849622
15,0.04370047582810459,0.985122557277628,0.9819125285367056,0.985122557277628,0.9852102471982457,0.9742927317383789,0.04669085537132464,0.9839638157894737,0.9805164032337085,0.9839638157894737,0.9840548032176317,0.9723207948899929,{'accuracy': 0.7644341801385681, 'f1_macro': 0.7190124751405755, 'f1_micro': 0.7644341801385681, 'f1_weighted': 0.7772186704748176, 'f1_binary': 0.6060393258426966},0.7644341801385681,0.7190124751405755,0.7644341801385681,0.7772186704748176,0.6060393258426966
16,0.039825978149180465,0.9862491576819407,0.9832690249406886,0.9862491576819407,0.9863249918151629,0.9762078262770532,0.0432756836281011,0.984375,0.9810079966329966,0.984375,0.9844604903198653,0.9730113636363636,{'accuracy': 0.764854083560781, 'f1_macro': 0.7191166741303022, 'f1_micro': 0.764854083560781, 'f1_weighted': 0.7775139700420582, 'f1_binary': 0.6057726152763112},0.764854083560781,0.7191166741303022,0.764854083560781,0.7775139700420582,0.6057726152763112
17,0.037469114445531464,0.9865650269541779,0.9836522898219711,0.9865650269541779,0.9866386990782002,0.9767518128484495,0.04062636382877827,0.9841694078947368,0.9807702329646886,0.9841694078947368,0.9842608282473787,0.9726853494146861,{'accuracy': 0.7644341801385681, 'f1_macro': 0.7186720227619309, 'f1_micro': 0.7644341801385681, 'f1_weighted': 0.7771313326017372, 'f1_binary': 0.6052076002814919},0.7644341801385681,0.7186720227619309,0.7644341801385681,0.7771313326017372,0.6052076002814919
18,0.034933827247601155,0.9870704177897575,0.9842573679563135,0.9870704177897575,0.9871374018397916,0.9776026847596119,0.038332093114915644,0.9841694078947368,0.9807863564087589,0.9841694078947368,0.9842672031116271,0.9727240524264966,{'accuracy': 0.7649590594163342, 'f1_macro': 0.7193272475126953, 'f1_micro': 0.7649590594163342, 'f1_weighted': 0.7776352227334867, 'f1_binary': 0.6061565523306948},0.7649590594163342,0.7193272475126953,0.7649590594163342,0.7776352227334867,0.6061565523306948
19,0.032746973781372014,0.987933793800539,0.9852996575822579,0.987933793800539,0.9879927611320596,0.9790769006061492,0.03663376189376179,0.984375,0.9810159826379723,0.984375,0.9844636544171796,0.9730305180979418,{'accuracy': 0.7650640352718875, 'f1_macro': 0.7194242366048134, 'f1_micro': 0.7650640352718875, 'f1_weighted': 0.7777272381295399, 'f1_binary': 0.6062631949331456},0.7650640352718875,0.7194242366048134,0.7650640352718875,0.7777272381295399,0.6062631949331456
20,0.031202455036181485,0.9888814016172507,0.98643998077573,0.9888814016172507,0.9889301088717566,0.9806862243031678,0.03489047136942023,0.985608552631579,0.9825073653198653,0.985608552631579,0.9856872937156654,0.9751420454545454,{'accuracy': 0.764854083560781, 'f1_macro': 0.7191734986571859, 'f1_micro': 0.764854083560781, 'f1_weighted': 0.7775286029536057, 'f1_binary': 0.6059113300492611},0.764854083560781,0.7191734986571859,0.764854083560781,0.7775286029536057,0.6059113300492611
21,0.030368879023246528,0.9884391846361186,0.9859110930998456,0.9884391846361186,0.9884939792230053,0.9799430074528716,0.03401739571831728,0.9864309210526315,0.9835069444444444,0.9864309210526315,0.9865051626461989,0.9765625,{'accuracy': 0.7644341801385681, 'f1_macro': 0.7187288961250002, 'f1_micro': 0.7644341801385681, 'f1_weighted': 0.7771459622548417, 'f1_binary': 0.6053464650017587},0.7644341801385681,0.7187288961250002,0.7644341801385681,0.7771459622548417,0.6053464650017587
22,0.0286367261968051,0.9890603942048517,0.9866575495134957,0.9890603942048517,0.9891080278212365,0.980995408900514,0.03193052809097265,0.9872532894736842,0.9844999968133217,0.9872532894736842,0.9873204429532052,0.9779673063255153,{'accuracy': 0.766743648960739, 'f1_macro': 0.7206362240327603, 'f1_micro': 0.766743648960739, 'f1_weighted': 0.7791104466545999, 'f1_binary': 0.6071428571428571},0.766743648960739,0.7206362240327603,0.766743648960739,0.7791104466545999,0.6071428571428571
23,0.02690998100828771,0.9900395889487871,0.9878402781526932,0.9900395889487871,0.9900783567564425,0.982668913967463,0.02987716685196287,0.9880756578947368,0.9854754629685882,0.9880756578947368,0.9881287230973113,0.9793300071275838,{'accuracy': 0.7665336972496326, 'f1_macro': 0.7206128601547216, 'f1_micro': 0.7665336972496326, 'f1_weighted': 0.7789710860640492, 'f1_binary': 0.6073446327683616},0.7665336972496326,0.7206128601547216,0.7665336972496326,0.7789710860640492,0.6073446327683616
24,0.02554374285082451,0.9906502695417789,0.9885755476152074,0.9906502695417789,0.990682563726039,0.9837070199258743,0.029116011273704077,0.9891036184210527,0.9867247643611172,0.9891036184210527,0.9891509875402644,0.9811051693404634,{'accuracy': 0.7672685282385051, 'f1_macro': 0.7211793741402929, 'f1_micro': 0.7672685282385051, 'f1_weighted': 0.7795851495893055, 'f1_binary': 0.6078188572439412},0.7672685282385051,0.7211793741402929,0.7672685282385051,0.7795851495893055,0.6078188572439412
25,0.024550194452915872,0.9908924359838275,0.9888698644022376,0.9908924359838275,0.990923258881692,0.984125236286223,0.027621492302339328,0.989514802631579,0.9872148612394664,0.989514802631579,0.9895560521863576,0.9817922170653338,{'accuracy': 0.7670585765273987, 'f1_macro': 0.7210418959211298, 'f1_micro': 0.7670585765273987, 'f1_weighted': 0.7794161188251277, 'f1_binary': 0.6077426197631254},0.7670585765273987,0.7210418959211298,0.7670585765273987,0.7794161188251277,0.6077426197631254
26,0.02364124989794753,0.9911030154986523,0.9891264928150783,0.9911030154986523,0.9911328393042401,0.9844905750417562,0.026725368231142823,0.9899259868421053,0.9877057714876509,0.9899259868421053,0.9899614329508121,0.982481229889167,{'accuracy': 0.7670585765273987, 'f1_macro': 0.7208135817491155, 'f1_micro': 0.7670585765273987, 'f1_weighted': 0.7793563814323278, 'f1_binary': 0.6071871127633209},0.7670585765273987,0.7208135817491155,0.7670585765273987,0.7793563814323278,0.6071871127633209
27,0.022652583672461726,0.9913767688679245,0.9894559689083074,0.9913767688679245,0.9914036355225142,0.984955638420985,0.026261578117938417,0.9899259868421053,0.9877162392300756,0.9899259868421053,0.9899656187672846,0.982506247768654,{'accuracy': 0.766743648960739, 'f1_macro': 0.7206932740231311, 'f1_micro': 0.766743648960739, 'f1_weighted': 0.779125342325556, 'f1_binary': 0.607281724991163},0.766743648960739,0.7206932740231311,0.766743648960739,0.779125342325556,0.607281724991163
28,0.02155141297833256,0.9920085074123989,0.9902230497400888,0.9920085074123989,0.9920312506951393,0.9860449723289636,0.0250092472292875,0.9903371710526315,0.9882075767330529,0.9903371710526315,0.9903711703813912,0.9831962817304255,{'accuracy': 0.7674784799496116, 'f1_macro': 0.721316847036634, 'f1_micro': 0.7674784799496116, 'f1_weighted': 0.7797541166618324, 'f1_binary': 0.6078952026907417},0.7674784799496116,0.721316847036634,0.7674784799496116,0.7797541166618324,0.6078952026907417
29,0.020576911103582847,0.9925454851752021,0.9908724553260786,0.9925454851752021,0.99256367117671,0.9869646868210774,0.023901946303483686,0.9915707236842105,0.9896997944390439,0.9915707236842105,0.9915950917930477,0.9853099247581512,{'accuracy': 0.768108335082931, 'f1_macro': 0.721786452564124, 'f1_micro': 0.768108335082931, 'f1_weighted': 0.7802757243424374, 'f1_binary': 0.6082638765738606},0.768108335082931,0.721786452564124,0.768108335082931,0.7802757243424374,0.6082638765738606
30,0.01970638450852663,0.9930824629380054,0.9915251737706174,0.9930824629380054,0.9930974188504769,0.9878923023054383,0.02329301147868759,0.9917763157894737,0.9899488660961243,0.9917763157894737,0.9917992249948869,0.985663082437276,{'accuracy': 0.7682133109384841, 'f1_macro': 0.7216546202213538, 'f1_micro': 0.7682133109384841, 'f1_weighted': 0.7803070981576155, 'f1_binary': 0.6078152753108348},0.7682133109384841,0.7216546202213538,0.7682133109384841,0.7803070981576155,0.6078152753108348
31,0.019291975461398415,0.9929982311320755,0.9914233072025737,0.9929982311320755,0.9930139033645984,0.9877480332369144,0.022865366484773785,0.9921875,0.9904473267482293,0.9921875,0.992207617609847,0.9863701578192252,{'accuracy': 0.7678983833718245, 'f1_macro': 0.721362595757197, 'f1_micro': 0.7678983833718245, 'f1_weighted': 0.7800313976099048, 'f1_binary': 0.6074915675483756},0.7678983833718245,0.721362595757197,0.7678983833718245,0.7800313976099048,0.6074915675483756
32,0.018592442923057274,0.9936510276280324,0.992213631220203,0.9936510276280324,0.9936614892334709,0.988868171832598,0.022012644839522085,0.9930098684210527,0.9914344463953675,0.9930098684210527,0.9930204417232383,0.9877609791216703,{'accuracy': 0.7689481419273567, 'f1_macro': 0.722106401888275, 'f1_micro': 0.7689481419273567, 'f1_weighted': 0.7808891326762609, 'f1_binary': 0.6080142475512021},0.7689481419273567,0.722106401888275,0.7689481419273567,0.7808891326762609,0.6080142475512021
33,0.01801785982698403,0.9937247304582211,0.9923049593477924,0.9937247304582211,0.993735449389048,0.988999630860096,0.021496498932767855,0.9925986842105263,0.9909384151293029,0.9925986842105263,0.9926130381218913,0.98705966930266,{'accuracy': 0.7684232626495906, 'f1_macro': 0.7216769138791785, 'f1_micro': 0.7684232626495906, 'f1_weighted': 0.7804451207862437, 'f1_binary': 0.607612949128424},0.7684232626495906,0.7216769138791785,0.7684232626495906,0.7804451207862437,0.607612949128424
34,0.017309628125792245,0.9938931940700808,0.9925087113431836,0.9938931940700808,0.9939024849901682,0.9892882207365271,0.020711397090436595,0.9925986842105263,0.9909384151293029,0.9925986842105263,0.9926130381218913,0.98705966930266,{'accuracy': 0.768108335082931, 'f1_macro': 0.7212695867739454, 'f1_micro': 0.768108335082931, 'f1_weighted': 0.7801388765820122, 'f1_binary': 0.6070094289272372},0.768108335082931,0.7212695867739454,0.768108335082931,0.7801388765820122,0.6070094289272372
35,0.01674054372638986,0.9947565700808625,0.9935586541129726,0.9947565700808625,0.9947608402046799,0.9907808508275019,0.020189756772627954,0.9932154605263158,0.9916845771628313,0.9932154605263158,0.993224996455269,0.9881166726683471,{'accuracy': 0.7688431660718035, 'f1_macro': 0.7220089604913957, 'f1_micro': 0.7688431660718035, 'f1_weighted': 0.780797267649616, 'f1_binary': 0.6079059829059829},0.7688431660718035,0.7220089604913957,0.7688431660718035,0.780797267649616,0.6079059829059829
36,0.01623162968621421,0.9943880559299192,0.9931121669290461,0.9943880559299192,0.9943951412542629,0.9901476921939407,0.020031420832597895,0.9928042763157895,0.9911882265513994,0.9928042763157895,0.9928174653921191,0.9874145990650846,{'accuracy': 0.7684232626495906, 'f1_macro': 0.7216193230591841, 'f1_micro': 0.7684232626495906, 'f1_weighted': 0.7804298032204015, 'f1_binary': 0.607473309608541},0.7684232626495906,0.7216193230591841,0.7684232626495906,0.7804298032204015,0.607473309608541
37,0.015841207032109488,0.9945670485175202,0.9933299984624959,0.9945670485175202,0.9945731578547437,0.9904575211746866,0.01976781769802696,0.9932154605263158,0.9916917564627479,0.9932154605263158,0.9932278959411408,0.9881337648327939,{'accuracy': 0.7684232626495906, 'f1_macro': 0.7216193230591841, 'f1_micro': 0.7684232626495906, 'f1_weighted': 0.7804298032204015, 'f1_binary': 0.607473309608541},0.7684232626495906,0.7216193230591841,0.7684232626495906,0.7804298032204015,0.607473309608541
38,0.015235418406116833,0.9946618092991913,0.9934462627308185,0.9946618092991913,0.9946677825740182,0.9906237863628798,0.0190195915730376,0.9930098684210527,0.9914381448209308,0.9930098684210527,0.9930219353968692,0.9877697841726619,{'accuracy': 0.7683182867940374, 'f1_macro': 0.721521945681348, 'f1_micro': 0.7683182867940374, 'f1_weighted': 0.7803379359966053, 'f1_binary': 0.6073652375022238},0.7683182867940374,0.721521945681348,0.7683182867940374,0.7803379359966053,0.6073652375022238
39,0.014701010822506766,0.995040852425876,0.9939074078928714,0.995040852425876,0.9950446983624093,0.9912795541648923,0.01879686386765618,0.9928042763157895,0.9911844228171207,0.9928042763157895,0.9928159299380821,0.9874055415617129,{'accuracy': 0.7682133109384841, 'f1_macro': 0.7213092416053739, 'f1_micro': 0.7682133109384841, 'f1_weighted': 0.780215375762719, 'f1_binary': 0.6069775720897116},0.7682133109384841,0.7213092416053739,0.7682133109384841,0.780215375762719,0.6069775720897116
40,0.014617358955662607,0.9949776785714286,0.993829519825078,0.9949776785714286,0.9949814619547368,0.9911678115799804,0.018564183510055666,0.9932154605263158,0.9916881700847138,0.9932154605263158,0.9932264482273344,0.9881252249010435,{'accuracy': 0.7688431660718035, 'f1_macro': 0.7220089604913957, 'f1_micro': 0.7688431660718035, 'f1_weighted': 0.780797267649616, 'f1_binary': 0.6079059829059829},0.7688431660718035,0.7220089604913957,0.7688431660718035,0.780797267649616,0.6079059829059829
41,0.014316678111192914,0.9951566711590296,0.9940485685301073,0.9951566711590296,0.9951599698882455,0.9914805348742453,0.01868511481504691,0.9932154605263158,0.9916881700847138,0.9932154605263158,0.9932264482273344,0.9881252249010435,{'accuracy': 0.7691580936384631, 'f1_macro': 0.7222436754061072, 'f1_micro': 0.7691580936384631, 'f1_weighted': 0.7810574594889688, 'f1_binary': 0.6080912493316699},0.7691580936384631,0.7222436754061072,0.7691580936384631,0.7810574594889688,0.6080912493316699
42,0.013876935140784539,0.9952724898921833,0.9941905610273245,0.9952724898921833,0.9952755783269842,0.9916834910815167,0.018099185177370122,0.9936266447368421,0.9921885421832658,0.9936266447368421,0.9936356027307073,0.9888368743248109,{'accuracy': 0.7686332143606971, 'f1_macro': 0.7217564709005615, 'f1_micro': 0.7686332143606971, 'f1_weighted': 0.7805981734331308, 'f1_binary': 0.6075498575498576},0.7686332143606971,0.7217564709005615,0.7686332143606971,0.7805981734331308,0.6075498575498576
43,0.013151553976588012,0.9955567722371967,0.9945371569291974,0.9955567722371967,0.9955585613847445,0.99217707251965,0.017627205356563393,0.9936266447368421,0.9921851608547998,0.9936266447368421,0.9936342351258812,0.9888288288288288,{'accuracy': 0.7689481419273567, 'f1_macro': 0.7220487550645369, 'f1_micro': 0.7689481419273567, 'f1_weighted': 0.7808737463046902, 'f1_binary': 0.6078745768751114},0.7689481419273567,0.7220487550645369,0.7689481419273567,0.7808737463046902,0.6078745768751114
44,0.01325597212213089,0.9955988881401617,0.99458724165069,0.9955988881401617,0.9955999722231021,0.9922471993471326,0.018181450812048035,0.9930098684210527,0.991427029284417,0.9930098684210527,0.9930174418140508,0.9877433309300648,{'accuracy': 0.7685282385051438, 'f1_macro': 0.7216013703605845, 'f1_micro': 0.7685282385051438, 'f1_weighted': 0.7804909302822151, 'f1_binary': 0.6073018699910953},0.7685282385051438,0.7216013703605845,0.7685282385051438,0.7804909302822151,0.6073018699910953
45,0.013040923316413261,0.9956304750673854,0.9946250659306792,0.9956304750673854,0.9956311359249626,0.992300413736804,0.017527686015359666,0.993421052631579,0.991924315360964,0.993421052631579,0.9934253412770534,0.9884476534296028,{'accuracy': 0.7693680453495696, 'f1_macro': 0.7223809450851791, 'f1_micro': 0.7693680453495696, 'f1_weighted': 0.781225723880185, 'f1_binary': 0.6081683609773497},0.7693680453495696,0.7223809450851791,0.7693680453495696,0.781225723880185,0.6081683609773497
46,0.012558288332526734,0.9959358153638814,0.9950003836589825,0.9959358153638814,0.9959363163009709,0.9928377927041971,0.017021884945662397,0.9942434210526315,0.9929368440006738,0.9942434210526315,0.9942484175231935,0.98989898989899,{'accuracy': 0.7686332143606971, 'f1_macro': 0.7216987722261968, 'f1_micro': 0.7686332143606971, 'f1_weighted': 0.7805827809164134, 'f1_binary': 0.6074100463127895},0.7686332143606971,0.7216987722261968,0.7686332143606971,0.7805827809164134,0.6074100463127895
47,0.012350914079188858,0.9959463443396226,0.9950123857592477,0.9959463443396226,0.9959464579626525,0.9928540935835328,0.016833782294078878,0.993421052631579,0.9919172834328613,0.993421052631579,0.9934224861579838,0.9884309472161966,{'accuracy': 0.7685282385051438, 'f1_macro': 0.7216590684918365, 'f1_micro': 0.7685282385051438, 'f1_weighted': 0.7805063149552062, 'f1_binary': 0.6074416948549047},0.7685282385051438,0.7216590684918365,0.7685282385051438,0.7805063149552062,0.6074416948549047
48,0.012005598824646956,0.9961148079514824,0.9952189126348436,0.9961148079514824,0.9961146118320593,0.9931492861519039,0.016818893730248276,0.9938322368421053,0.9924224532183075,0.9938322368421053,0.9938335807731098,0.9891540130151844,{'accuracy': 0.7688431660718035, 'f1_macro': 0.7218936144486305, 'f1_micro': 0.7688431660718035, 'f1_weighted': 0.7807664809193849, 'f1_binary': 0.6076265146115467},0.7688431660718035,0.7218936144486305,0.7688431660718035,0.7807664809193849,0.6076265146115467
49,0.011709246699098307,0.9963675033692723,0.9955269653937104,0.9963675033692723,0.9963661355121797,0.9935879565096181,0.016769543976375933,0.9938322368421053,0.9924158366810305,0.9938322368421053,0.9938308891730653,0.9891383055756698,{'accuracy': 0.76905311778291, 'f1_macro': 0.7220885080709861, 'f1_micro': 0.76905311778291, 'f1_weighted': 0.7809501792829682, 'f1_binary': 0.6078431372549019},0.76905311778291,0.7220885080709861,0.76905311778291,0.7809501792829682,0.6078431372549019
50,0.011624561201321649,0.9961990397574124,0.9953225676454702,0.9961990397574124,0.9961988478899007,0.9932978111133802,0.016502784785667534,0.9938322368421053,0.9924224532183075,0.9938322368421053,0.9938335807731098,0.9891540130151844,{'accuracy': 0.7692630694940163, 'f1_macro': 0.7222834531873326, 'f1_micro': 0.7692630694940163, 'f1_weighted': 0.7811338760646179, 'f1_binary': 0.6080599144079886},0.7692630694940163,0.7222834531873326,0.7692630694940163,0.7811338760646179,0.6080599144079886
51,0.011225047978482177,0.9965886118598383,0.9957973938348983,0.9965886118598383,0.9965865766957848,0.9939738868429863,0.016172635442528286,0.9932154605263158,0.9916592423884585,0.9932154605263158,0.9932147198227758,0.988056460369164,{'accuracy': 0.76905311778291, 'f1_macro': 0.7219150848739385, 'f1_micro': 0.76905311778291, 'f1_weighted': 0.7809037298298874, 'f1_binary': 0.6074232690935046},0.76905311778291,0.7219150848739385,0.76905311778291,0.7809037298298874,0.6074232690935046
52,0.011162311263568198,0.996399090296496,0.9955673058000504,0.996399090296496,0.9963983220350875,0.9936471374967493,0.016017338873720484,0.9936266447368421,0.9921715737019412,0.9936266447368421,0.9936287263835302,0.9887965305384894,{'accuracy': 0.7687381902162502, 'f1_macro': 0.7216806280731782, 'f1_micro': 0.7687381902162502, 'f1_weighted': 0.7806437414247733, 'f1_binary': 0.6072383669103227},0.7687381902162502,0.7216806280731782,0.7687381902162502,0.7806437414247733,0.6072383669103227
53,0.01092837880882673,0.9963780323450134,0.995540081102841,0.9963780323450134,0.9963767296613879,0.9936068986024383,0.015820813904467382,0.9938322368421053,0.9924191479687556,0.9938322368421053,0.9938322368421053,0.9891461649782923,{'accuracy': 0.7696829729162292, 'f1_macro': 0.7226157413244606, 'f1_micro': 0.7696829729162292, 'f1_weighted': 0.7814857649361835, 'f1_binary': 0.6083541592288468},0.7696829729162292,0.7226157413244606,0.7696829729162292,0.7814857649361835,0.6083541592288468
54,0.010790766806735826,0.9965570249326146,0.9957600551335228,0.9965570249326146,0.9965556120371795,0.9939218201081804,0.01546854479238391,0.9938322368421053,0.9924191479687556,0.9938322368421053,0.9938322368421053,0.9891461649782923,{'accuracy': 0.7693680453495696, 'f1_macro': 0.7223231894575107, 'f1_micro': 0.7693680453495696, 'f1_weighted': 0.7812102470240051, 'f1_binary': 0.608028545941124},0.7693680453495696,0.7223231894575107,0.7693680453495696,0.7812102470240051,0.608028545941124
55,0.01066798460607058,0.9966307277628033,0.9958501184933264,0.9966307277628033,0.9966290601182191,0.9940502751747732,0.015350495636659233,0.9942434210526315,0.9929214475689617,0.9942434210526315,0.9942421632281943,0.9898624185372918,{'accuracy': 0.7692630694940163, 'f1_macro': 0.72222569802472, 'f1_micro': 0.7692630694940163, 'f1_weighted': 0.7811184069969921, 'f1_binary': 0.6079200856225473},0.7692630694940163,0.72222569802472,0.7692630694940163,0.7811184069969921,0.6079200856225473
56,0.010642328012152261,0.9967149595687331,0.9959525902746301,0.9967149595687331,0.9967128141335532,0.9941959967259468,0.015200008564677677,0.9940378289473685,0.9926638297881193,0.9940378289473685,0.9940345652914083,0.9894889452700254,{'accuracy': 0.7705227797606551, 'f1_macro': 0.7232807699084869, 'f1_micro': 0.7705227797606551, 'f1_weighted': 0.7821892517058552, 'f1_binary': 0.6089445438282648},0.7705227797606551,0.7232807699084869,0.7705227797606551,0.7821892517058552,0.6089445438282648
57,0.010429698056064425,0.9965991408355795,0.9958108834619617,0.9965991408355795,0.9965973232077125,0.9939937147851312,0.015163864254167206,0.9940378289473685,0.9926702433110696,0.9940378289473685,0.9940371780260756,0.9895041621425986,{'accuracy': 0.769997900482889, 'f1_macro': 0.722908409792252, 'f1_micro': 0.769997900482889, 'f1_weighted': 0.7817612797463253, 'f1_binary': 0.608680121450259},0.769997900482889,0.722908409792252,0.769997900482889,0.7817612797463253,0.608680121450259
58,0.010033971652001986,0.996704430592992,0.9959403033786542,0.996704430592992,0.9967025575958156,0.9941790184300088,0.014911915543244073,0.9944490131578947,0.9931727608921803,0.9944490131578947,0.9944471925412531,0.990220934444042,{'accuracy': 0.7702078521939953, 'f1_macro': 0.7229879085134852, 'f1_micro': 0.7702078521939953, 'f1_weighted': 0.7819137878890113, 'f1_binary': 0.6086179152512069},0.7702078521939953,0.7229879085134852,0.7702078521939953,0.7819137878890113,0.6086179152512069
59,0.009954319613536372,0.9968518362533693,0.9961207517895481,0.9968518362533693,0.996849584362149,0.9944366917852824,0.013945905173099354,0.9946546052631579,0.993427058456893,0.9946546052631579,0.9946534372833233,0.9905865314989138,{'accuracy': 0.7704178039051018, 'f1_macro': 0.7231831363859353, 'f1_micro': 0.7704178039051018, 'f1_weighted': 0.7820974307147966, 'f1_binary': 0.6088356286889645},0.7704178039051018,0.7231831363859353,0.7704178039051018,0.7820974307147966,0.6088356286889645
60,0.009705560583736738,0.9968202493261455,0.9960838136283967,0.9968202493261455,0.9968187831063813,0.9943855735266778,0.014361863710770481,0.9946546052631579,0.993427058456893,0.9946546052631579,0.9946534372833233,0.9905865314989138,{'accuracy': 0.7687381902162502, 'f1_macro': 0.7217384342517755, 'f1_micro': 0.7687381902162502, 'f1_weighted': 0.780659201116052, 'f1_binary': 0.6073783639279986},0.7687381902162502,0.7217384342517755,0.7687381902162502,0.780659201116052,0.6073783639279986
61,0.00995545339239686,0.9968307783018868,0.9960933067725728,0.9968307783018868,0.9968279009744612,0.9943959337938225,0.014532182181842233,0.9952713815789473,0.9941791078402586,0.9952713815789473,0.9952677527625399,0.9916575988393181,{'accuracy': 0.7702078521939953, 'f1_macro': 0.7228720154362485, 'f1_micro': 0.7702078521939953, 'f1_weighted': 0.7818825023062057, 'f1_binary': 0.6083378064054392},0.7702078521939953,0.7228720154362485,0.7702078521939953,0.7818825023062057,0.6083378064054392
62,0.009583734177025361,0.9968202493261455,0.9960813439382409,0.9968202493261455,0.9968177768722506,0.9943797223359512,0.014120515938358088,0.9940378289473685,0.9926638297881193,0.9940378289473685,0.9940345652914083,0.9894889452700254,{'accuracy': 0.7716775141717405, 'f1_macro': 0.7241235865295887, 'f1_micro': 0.7716775141717405, 'f1_weighted': 0.7831361470523904, 'f1_binary': 0.6095853527194399},0.7716775141717405,0.7241235865295887,0.7716775141717405,0.7831361470523904,0.6095853527194399
63,0.009319875151486289,0.9968518362533693,0.996120839181938,0.9968518362533693,0.996849619982445,0.9944368988036542,0.014189427277367366,0.9942434210526315,0.9929183513868783,0.9942434210526315,0.9942409019087805,0.9898550724637681,{'accuracy': 0.7691580936384631, 'f1_macro': 0.7219546341246056, 'f1_micro': 0.7691580936384631, 'f1_weighted': 0.7809800046453732, 'f1_binary': 0.6073915372254954},0.7691580936384631,0.7219546341246056,0.7691580936384631,0.7809800046453732,0.6073915372254954
64,0.00921972949940189,0.9969150101078167,0.9961979965399519,0.9969150101078167,0.9969125589279629,0.9945469096052558,0.014501842069684676,0.9940378289473685,0.9926670394767863,0.9940378289473685,0.994035873470235,0.9894965592176748,{'accuracy': 0.7703128280495486, 'f1_macro': 0.7230855159248938, 'f1_micro': 0.7703128280495486, 'f1_weighted': 0.7820056094449258, 'f1_binary': 0.6087267525035766},0.7703128280495486,0.7230855159248938,0.7703128280495486,0.7820056094449258,0.6087267525035766
65,0.009024814652050581,0.9970518867924528,0.9963682816386139,0.9970518867924528,0.9970501946183594,0.9947926352984936,0.014475001683948855,0.9940378289473685,0.9926702433110696,0.9940378289473685,0.9940371780260756,0.9895041621425986,{'accuracy': 0.7689481419273567, 'f1_macro': 0.7219333011298525, 'f1_micro': 0.7689481419273567, 'f1_weighted': 0.7808428846463576, 'f1_binary': 0.6075949367088608},0.7689481419273567,0.7219333011298525,0.7689481419273567,0.7808428846463576,0.6075949367088608
66,0.009402568610836914,0.9967465464959568,0.9959890219724651,0.9967465464959568,0.996743408114527,0.9942459172082456,0.014591171124361847,0.9938322368421053,0.9924025309068916,0.9938322368421053,0.9938254609845923,0.9891067538126361,{'accuracy': 0.7697879487717825, 'f1_macro': 0.7224236936874056, 'f1_micro': 0.7697879487717825, 'f1_weighted': 0.7814996184533832, 'f1_binary': 0.607762475406904},0.7697879487717825,0.7224236936874056,0.7697879487717825,0.7814996184533832,0.607762475406904
67,0.009055350529660052,0.9970624157681941,0.996379580626479,0.9970624157681941,0.9970600484341998,0.9948072735394293,0.014267453053770097,0.9944490131578947,0.9931697725613524,0.9944490131578947,0.9944459745816557,0.9902138455962305,{'accuracy': 0.7701028763384422, 'f1_macro': 0.7227744218204877, 'f1_micro': 0.7701028763384422, 'f1_weighted': 0.7817906958992784, 'f1_binary': 0.6082289803220036},0.7701028763384422,0.7227744218204877,0.7701028763384422,0.7817906958992784,0.6082289803220036
68,0.009043185548377386,0.9970940026954178,0.9964186309596812,0.9970940026954178,0.9970917101912232,0.9948633961140475,0.014307852479090033,0.9944490131578947,0.9931697725613524,0.9944490131578947,0.9944459745816557,0.9902138455962305,{'accuracy': 0.7696829729162292, 'f1_macro': 0.7224421490974953, 'f1_micro': 0.7696829729162292, 'f1_weighted': 0.7814390863245554, 'f1_binary': 0.6079342387419585},0.7696829729162292,0.7224421490974953,0.7696829729162292,0.7814390863245554,0.6079342387419585
69,0.008942784384430217,0.9970940026954178,0.9964172575807972,0.9970940026954178,0.9970911499978563,0.9948601437669932,0.014128813225972025,0.9946546052631579,0.9934184176057329,0.9946546052631579,0.9946499138488982,0.9905660377358491,{'accuracy': 0.7715725383161873, 'f1_macro': 0.723967670705032, 'f1_micro': 0.7715725383161873, 'f1_weighted': 0.7830285125239274, 'f1_binary': 0.6093357271095152},0.7715725383161873,0.723967670705032,0.7715725383161873,0.7830285125239274,0.6093357271095152
70,0.008752951291490176,0.997188763477089,0.9965359221665864,0.997188763477089,0.9971867525909491,0.995032096008931,0.0137190586936317,0.9942434210526315,0.9929183513868783,0.9942434210526315,0.9942409019087805,0.9898550724637681,{'accuracy': 0.7687381902162502, 'f1_macro': 0.7216806280731782, 'f1_micro': 0.7687381902162502, 'f1_weighted': 0.7806437414247733, 'f1_binary': 0.6072383669103227},0.7687381902162502,0.7216806280731782,0.7687381902162502,0.7806437414247733,0.6072383669103227
71,0.008385080552184227,0.9971677055256065,0.9965094234445291,0.9971677055256065,0.9971654551249898,0.9949935791256445,0.013517995352709764,0.9946546052631579,0.9934213031504542,0.9946546052631579,0.9946510915819251,0.990572878897752,{'accuracy': 0.7694730212051228, 'f1_macro': 0.722247104221267, 'f1_micro': 0.7694730212051228, 'f1_weighted': 0.7812554546685084, 'f1_binary': 0.6077170418006431},0.7694730212051228,0.722247104221267,0.7694730212051228,0.7812554546685084,0.6077170418006431
72,0.008601886150615435,0.9970413578167115,0.9963526408855357,0.9970413578167115,0.9970385709754064,0.9947677125034913,0.014004778263992384,0.9942434210526315,0.9929152495466429,0.9942434210526315,0.994239637088227,0.9898477157360406,{'accuracy': 0.7697879487717825, 'f1_macro': 0.7224236936874056, 'f1_micro': 0.7697879487717825, 'f1_weighted': 0.7814996184533832, 'f1_binary': 0.607762475406904},0.7697879487717825,0.7224236936874056,0.7697879487717825,0.7814996184533832,0.607762475406904
73,0.008424601606733475,0.9971361185983828,0.9964712505331513,0.9971361185983828,0.9971341510559589,0.9949395348837209,0.013655345837928747,0.9942434210526315,0.9929183513868783,0.9942434210526315,0.9942409019087805,0.9898550724637681,{'accuracy': 0.7698929246273357, 'f1_macro': 0.7226372459335744, 'f1_micro': 0.7698929246273357, 'f1_weighted': 0.7816227166937424, 'f1_binary': 0.6081515909903468},0.7698929246273357,0.7226372459335744,0.7698929246273357,0.7816227166937424,0.6081515909903468
74,0.008071405499780707,0.9973572270889488,0.9967440940656955,0.9973572270889488,0.9973555758026311,0.9953311880359368,0.01359247493459598,0.9946546052631579,0.9934299282395882,0.9946546052631579,0.9946546052631579,0.9905933429811867,{'accuracy': 0.7697879487717825, 'f1_macro': 0.7225396910146329, 'f1_micro': 0.7697879487717825, 'f1_weighted': 0.7815309016663984, 'f1_binary': 0.6080428954423592},0.7697879487717825,0.7225396910146329,0.7697879487717825,0.7815309016663984,0.6080428954423592
75,0.008336094862309528,0.9971255896226415,0.9964581575139433,0.9971255896226415,0.9971235660709282,0.9949206467337712,0.01331417410830526,0.9946546052631579,0.9934241834306727,0.9946546052631579,0.9946522660581533,0.9905797101449275,{'accuracy': 0.7697879487717825, 'f1_macro': 0.7225976091268833, 'f1_micro': 0.7697879487717825, 'f1_weighted': 0.7815464986603945, 'f1_binary': 0.6081829551545471},0.7697879487717825,0.7225976091268833,0.7697879487717825,0.7815464986603945,0.6081829551545471
76,0.008230983963389341,0.9971255896226415,0.9964573592473547,0.9971255896226415,0.9971232406346804,0.9949187559327712,0.013608176996441264,0.9944490131578947,0.9931667787689993,0.9944490131578947,0.9944447532429814,0.9902067464635473,{'accuracy': 0.7706277556162082, 'f1_macro': 0.7233204954129697, 'f1_micro': 0.7706277556162082, 'f1_weighted': 0.7822654136860072, 'f1_binary': 0.6089135493109004},0.7706277556162082,0.7233204954129697,0.7706277556162082,0.7822654136860072,0.6089135493109004
77,0.008054346994012394,0.9972835242587601,0.9966518211263888,0.9972835242587601,0.9972812273791882,0.995197498231637,0.013612995781984768,0.9942434210526315,0.9929152495466429,0.9942434210526315,0.994239637088227,0.9898477157360406,{'accuracy': 0.7702078521939953, 'f1_macro': 0.7228139883107508, 'f1_micro': 0.7702078521939953, 'f1_weighted': 0.7818668149009931, 'f1_binary': 0.6081976015750851},0.7702078521939953,0.7228139883107508,0.7702078521939953,0.7818668149009931,0.6081976015750851
78,0.008022807319485395,0.997409871967655,0.9968081979435044,0.997409871967655,0.9974079459571014,0.9954224041682174,0.013479647312411353,0.9944490131578947,0.9931667787689993,0.9944490131578947,0.9944447532429814,0.9902067464635473,{'accuracy': 0.7691580936384631, 'f1_macro': 0.7219546341246056, 'f1_micro': 0.7691580936384631, 'f1_weighted': 0.7809800046453732, 'f1_binary': 0.6073915372254954},0.7691580936384631,0.7219546341246056,0.7691580936384631,0.7809800046453732,0.6073915372254954
79,0.00797094151031256,0.9973993429919138,0.9967946090753947,0.9973993429919138,0.9973971587785581,0.9954023416413826,0.013206959015836841,0.9944490131578947,0.9931727608921803,0.9944490131578947,0.9944471925412531,0.990220934444042,{'accuracy': 0.7697879487717825, 'f1_macro': 0.7224236936874056, 'f1_micro': 0.7697879487717825, 'f1_weighted': 0.7814996184533832, 'f1_binary': 0.607762475406904},0.7697879487717825,0.7224236936874056,0.7697879487717825,0.7814996184533832,0.607762475406904
80,0.007961419639127415,0.9973045822102425,0.9966774013721602,0.9973045822102425,0.997302150334174,0.9952338397378612,0.013327463995665312,0.9944490131578947,0.9931667787689993,0.9944490131578947,0.9944447532429814,0.9902067464635473,{'accuracy': 0.7703128280495486, 'f1_macro': 0.7228535133262927, 'f1_micro': 0.7703128280495486, 'f1_weighted': 0.7819428884307422, 'f1_binary': 0.6081661891117478},0.7703128280495486,0.7228535133262927,0.7703128280495486,0.7819428884307422,0.6081661891117478
81,0.008065757527759154,0.9971255896226415,0.99645608046608,0.9971255896226415,0.9971227189770488,0.9949157277213894,0.013838551215533363,0.9942434210526315,0.9929121420369431,0.9942434210526315,0.994238368760352,0.9898403483309144,{'accuracy': 0.7701028763384422, 'f1_macro': 0.7227744218204877, 'f1_micro': 0.7701028763384422, 'f1_weighted': 0.7817906958992784, 'f1_binary': 0.6082289803220036},0.7701028763384422,0.7227744218204877,0.7701028763384422,0.7817906958992784,0.6082289803220036
82,0.007857422727835427,0.9972519373315364,0.9966119336132258,0.9972519373315364,0.9972492240717503,0.9951393932621935,0.013230311267666127,0.9946546052631579,0.9934184176057329,0.9946546052631579,0.9946499138488982,0.9905660377358491,{'accuracy': 0.7714675624606341, 'f1_macro': 0.7238699070689263, 'f1_micro': 0.7714675624606341, 'f1_weighted': 0.7829367320151973, 'f1_binary': 0.6092263507449291},0.7714675624606341,0.7238699070689263,0.7714675624606341,0.7829367320151973,0.6092263507449291
83,0.007665591570799744,0.9973466981132075,0.9967289480274939,0.9973466981132075,0.997344153714444,0.9953074373393914,0.012746368461337528,0.9942434210526315,0.9929152495466429,0.9942434210526315,0.994239637088227,0.9898477157360406,{'accuracy': 0.770942683182868, 'f1_macro': 0.723381287228094, 'f1_micro': 0.770942683182868, 'f1_weighted': 0.7824778268093675, 'f1_binary': 0.6086800573888091},0.770942683182868,0.723381287228094,0.770942683182868,0.7824778268093675,0.6086800573888091
84,0.007714446901715288,0.9973256401617251,0.9967032104442657,0.9973256401617251,0.9973231666114278,0.9952707231697326,0.013116553070415793,0.9946546052631579,0.9934184176057329,0.9946546052631579,0.9946499138488982,0.9905660377358491,{'accuracy': 0.7711526348939743, 'f1_macro': 0.723634833252633, 'f1_micro': 0.7711526348939743, 'f1_weighted': 0.7826772055198997, 'f1_binary': 0.609038737446198},0.7711526348939743,0.723634833252633,0.7711526348939743,0.7826772055198997,0.609038737446198
85,0.007579565185186205,0.9975151617250674,0.9969374628505562,0.9975151617250674,0.9975131170211721,0.9956073409522391,0.012796880910173059,0.9950657894736842,0.9939273567542655,0.9950657894736842,0.9950625460756232,0.9912980420594634,{'accuracy': 0.7716775141717405, 'f1_macro': 0.7239490078995906, 'f1_micro': 0.7716775141717405, 'f1_weighted': 0.7830884950956803, 'f1_binary': 0.6091644204851752},0.7716775141717405,0.7239490078995906,0.7716775141717405,0.7830884950956803,0.6091644204851752
86,0.0072905718149037435,0.9973888140161725,0.9967815229305079,0.9973888140161725,0.997386576565983,0.9953834698436337,0.012469218811020255,0.9950657894736842,0.9939273567542655,0.9950657894736842,0.9950625460756232,0.9912980420594634,{'accuracy': 0.7714675624606341, 'f1_macro': 0.7237534683002403, 'f1_micro': 0.7714675624606341, 'f1_weighted': 0.7829049646728629, 'f1_binary': 0.6089455721214299},0.7714675624606341,0.7237534683002403,0.7714675624606341,0.7829049646728629,0.6089455721214299
87,0.007286224116049104,0.9974309299191375,0.9968330767490949,0.9974309299191375,0.9974285828970478,0.9954570843418358,0.012553493222711902,0.994860197368421,0.993672943304629,0.994860197368421,0.9948562530027606,0.9909321726514327,{'accuracy': 0.7719924417384002, 'f1_macro': 0.7243588578757417, 'f1_micro': 0.7719924417384002, 'f1_weighted': 0.7833956330267335, 'f1_binary': 0.6097736255839022},0.7719924417384002,0.7243588578757417,0.7719924417384002,0.7833956330267335,0.6097736255839022
88,0.007332255193685003,0.9973361691374663,0.9967160788044147,0.9973361691374663,0.9973336599885331,0.995289079229122,0.012282109267911628,0.9952713815789473,0.9941816581078187,0.9952713815789473,0.9952687931621513,0.9916636462486408,{'accuracy': 0.7697879487717825, 'f1_macro': 0.7223656143680645, 'f1_micro': 0.7697879487717825, 'f1_weighted': 0.7814839321870759, 'f1_binary': 0.6076221148684917},0.7697879487717825,0.7223656143680645,0.7697879487717825,0.7814839321870759,0.6076221148684917
89,0.007452452994601906,0.9973782850404312,0.9967680714217197,0.9973782850404312,0.9973758453097112,0.9953637328467425,0.012355483124816888,0.994860197368421,0.9936757153345857,0.994860197368421,0.9948573838719036,0.9909387459224357,{'accuracy': 0.7705227797606551, 'f1_macro': 0.7231648746954908, 'f1_micro': 0.7705227797606551, 'f1_weighted': 0.78215791988834, 'f1_binary': 0.6086645184389545},0.7705227797606551,0.7231648746954908,0.7705227797606551,0.78215791988834,0.6086645184389545
90,0.007039963058290144,0.9973993429919138,0.996794464518989,0.9973993429919138,0.9973970998233277,0.9954019992926153,0.01230102574060622,0.9950657894736842,0.9939273567542655,0.9950657894736842,0.9950625460756232,0.9912980420594634,{'accuracy': 0.7719924417384002, 'f1_macro': 0.7244169974120029, 'f1_micro': 0.7719924417384002, 'f1_weighted': 0.7834115099824824, 'f1_binary': 0.6099137931034483},0.7719924417384002,0.7244169974120029,0.7719924417384002,0.7834115099824824,0.6099137931034483
91,0.0077954527251723645,0.997104531671159,0.9964285047836974,0.997104531671159,0.9971009814706658,0.9948746621936446,0.013208669205931457,0.9938322368421053,0.9923958414758072,0.9938322368421053,0.9938227242900107,0.9890909090909091,{'accuracy': 0.7735670795716985, 'f1_macro': 0.725419210930323, 'f1_micro': 0.7735670795716985, 'f1_weighted': 0.7846595567041689, 'f1_binary': 0.6104388658118115},0.7735670795716985,0.725419210930323,0.7735670795716985,0.7846595567041689,0.6104388658118115
92,0.007088609329880418,0.99745198787062,0.9968590351363975,0.99745198787062,0.9974496600864163,0.9954943213554273,0.012278541787772587,0.9946546052631579,0.9934184176057329,0.9946546052631579,0.9946499138488982,0.9905660377358491,{'accuracy': 0.7717824900272937, 'f1_macro': 0.7241050446693658, 'f1_micro': 0.7717824900272937, 'f1_weighted': 0.7831961814917674, 'f1_binary': 0.6094143011139058},0.7717824900272937,0.7241050446693658,0.7717824900272937,0.7831961814917674,0.6094143011139058
