source,source_row,source_col,method,metric,train,dataset,value
Mar23.csv,5,2,categorical,test_f1_macro_end,mix,Adult_mix,0.7347982198431702
Mar23.csv,5,6,categorical,test_f1_macro_end,synthetic,Adult,0.7187076670888153
Mar23.csv,5,7,categorical,test_f1_macro_end,synthetic,Census,0.7165263753134499
Mar23.csv,5,8,categorical,test_f1_macro_end,synthetic,Covertype,0.4801810746254698
Mar23.csv,5,9,categorical,test_f1_macro_end,synthetic,MNIST12,0.791463152
Mar23.csv,5,10,categorical,test_f1_macro_end,synthetic,MNIST28,0.8051613021162994
Mar23.csv,5,11,categorical,test_f1_macro_max,mix,Adult_mix,0.7433453135316489
Mar23.csv,5,15,categorical,test_f1_macro_max,synthetic,Adult,0.7187076670888153
Mar23.csv,5,16,categorical,test_f1_macro_max,synthetic,Census,0.7187288961250002
Mar23.csv,5,17,categorical,test_f1_macro_max,synthetic,Covertype,0.4803481342357591
Mar23.csv,5,18,categorical,test_f1_macro_max,synthetic,MNIST12,0.7949670962628057
Mar23.csv,5,19,categorical,test_f1_macro_max,synthetic,MNIST28,0.8104945617915569
Mar23.csv,5,20,categorical,test_f1_micro_end,mix,Adult_mix,0.7793407516271258
Mar23.csv,5,24,categorical,test_f1_micro_end,synthetic,Adult,0.7630694940163762
Mar23.csv,5,25,categorical,test_f1_micro_end,synthetic,Census,0.7595003149275666
Mar23.csv,5,26,categorical,test_f1_micro_end,synthetic,Covertype,0.6309647771572162
Mar23.csv,5,27,categorical,test_f1_micro_end,synthetic,MNIST12,0.7922
Mar23.csv,5,28,categorical,test_f1_micro_end,synthetic,MNIST28,0.8084
Mar23.csv,5,29,categorical,test_f1_micro_max,mix,Adult_mix,0.791727903
Mar23.csv,5,33,categorical,test_f1_micro_max,synthetic,Adult,0.7634893974385891
Mar23.csv,5,34,categorical,test_f1_micro_max,synthetic,Census,0.7644341801385681
Mar23.csv,5,35,categorical,test_f1_micro_max,synthetic,Covertype,0.6312401573109128
Mar23.csv,5,36,categorical,test_f1_micro_max,synthetic,MNIST12,0.7957
Mar23.csv,5,37,categorical,test_f1_micro_max,synthetic,MNIST28,0.8136
Mar23.csv,6,6,compare_sdv_categorical,test_f1_macro_end,synthetic,Adult,0.7170661259844104
Mar23.csv,6,7,compare_sdv_categorical,test_f1_macro_end,synthetic,Census,0.7170731252988158
Mar23.csv,6,8,compare_sdv_categorical,test_f1_macro_end,synthetic,Covertype,0.4798331316582189
Mar23.csv,6,9,compare_sdv_categorical,test_f1_macro_end,synthetic,MNIST12,0.7961158189656352
Mar23.csv,6,10,compare_sdv_categorical,test_f1_macro_end,synthetic,MNIST28,0.8069919844070228
Mar23.csv,6,15,compare_sdv_categorical,test_f1_macro_max,synthetic,Adult,0.7184464297183154
Mar23.csv,6,16,compare_sdv_categorical,test_f1_macro_max,synthetic,Census,0.718724086
Mar23.csv,6,17,compare_sdv_categorical,test_f1_macro_max,synthetic,Covertype,0.4805055294556291
Mar23.csv,6,18,compare_sdv_categorical,test_f1_macro_max,synthetic,MNIST12,0.7990654773892916
Mar23.csv,6,19,compare_sdv_categorical,test_f1_macro_max,synthetic,MNIST28,0.8168666543037244
Mar23.csv,6,24,compare_sdv_categorical,test_f1_micro_end,synthetic,Adult,0.7608650010497585
Mar23.csv,6,25,compare_sdv_categorical,test_f1_micro_end,synthetic,Census,0.7589754356498005
Mar23.csv,6,26,compare_sdv_categorical,test_f1_micro_end,synthetic,Covertype,0.6312229460513068
Mar23.csv,6,27,compare_sdv_categorical,test_f1_micro_end,synthetic,MNIST12,0.8007
Mar23.csv,6,28,compare_sdv_categorical,test_f1_micro_end,synthetic,MNIST28,0.8084
Mar23.csv,6,33,compare_sdv_categorical,test_f1_micro_max,synthetic,Adult,0.7624396388830569
Mar23.csv,6,34,compare_sdv_categorical,test_f1_micro_max,synthetic,Census,0.7606550493386521
Mar23.csv,6,35,compare_sdv_categorical,test_f1_micro_max,synthetic,Covertype,0.6316876500606697
Mar23.csv,6,36,compare_sdv_categorical,test_f1_micro_max,synthetic,MNIST12,0.8034
Mar23.csv,6,37,compare_sdv_categorical,test_f1_micro_max,synthetic,MNIST28,0.8183
Mar23.csv,7,6,compare_sdv_gaussian,test_f1_macro_end,synthetic,Adult,0.5979305848299343
Mar23.csv,7,7,compare_sdv_gaussian,test_f1_macro_end,synthetic,Census,0.599631069
Mar23.csv,7,8,compare_sdv_gaussian,test_f1_macro_end,synthetic,Covertype,0.3609857698298801
Mar23.csv,7,9,compare_sdv_gaussian,test_f1_macro_end,synthetic,MNIST12,0.3978987848435641
Mar23.csv,7,10,compare_sdv_gaussian,test_f1_macro_end,synthetic,MNIST28,0.3638834597293214
Mar23.csv,7,15,compare_sdv_gaussian,test_f1_macro_max,synthetic,Adult,0.6298398821077321
Mar23.csv,7,16,compare_sdv_gaussian,test_f1_macro_max,synthetic,Census,0.6410265615489957
Mar23.csv,7,17,compare_sdv_gaussian,test_f1_macro_max,synthetic,Covertype,0.3651602464704934
Mar23.csv,7,18,compare_sdv_gaussian,test_f1_macro_max,synthetic,MNIST12,0.4018261464037401
Mar23.csv,7,19,compare_sdv_gaussian,test_f1_macro_max,synthetic,MNIST28,0.4015969845857017
Mar23.csv,7,24,compare_sdv_gaussian,test_f1_micro_end,synthetic,Adult,0.7855343271047659
Mar23.csv,7,25,compare_sdv_gaussian,test_f1_micro_end,synthetic,Census,0.7862691580936385
Mar23.csv,7,26,compare_sdv_gaussian,test_f1_micro_end,synthetic,Covertype,0.4508231284906586
Mar23.csv,7,27,compare_sdv_gaussian,test_f1_micro_end,synthetic,MNIST12,0.4826
Mar23.csv,7,28,compare_sdv_gaussian,test_f1_micro_end,synthetic,MNIST28,0.3788
Mar23.csv,7,33,compare_sdv_gaussian,test_f1_micro_max,synthetic,Adult,0.7964518160823011
Mar23.csv,7,34,compare_sdv_gaussian,test_f1_micro_max,synthetic,Census,0.8003359227377703
Mar23.csv,7,35,compare_sdv_gaussian,test_f1_micro_max,synthetic,Covertype,0.4531380429076702
Mar23.csv,7,36,compare_sdv_gaussian,test_f1_micro_max,synthetic,MNIST12,0.4868
Mar23.csv,7,37,compare_sdv_gaussian,test_f1_micro_max,synthetic,MNIST28,0.4051
Mar23.csv,8,6,compare_sdv_pca_gmm,test_f1_macro_end,synthetic,Adult,0.7172054947855945
Mar23.csv,8,7,compare_sdv_pca_gmm,test_f1_macro_end,synthetic,Census,0.7279380377241917
Mar23.csv,8,8,compare_sdv_pca_gmm,test_f1_macro_end,synthetic,Covertype,0.4855231191601863
Mar23.csv,8,9,compare_sdv_pca_gmm,test_f1_macro_end,synthetic,MNIST12,0.7946713220102058
Mar23.csv,8,10,compare_sdv_pca_gmm,test_f1_macro_end,synthetic,MNIST28,0.76696388
Mar23.csv,8,15,compare_sdv_pca_gmm,test_f1_macro_max,synthetic,Adult,0.7335438573780975
Mar23.csv,8,16,compare_sdv_pca_gmm,test_f1_macro_max,synthetic,Census,0.7385048971654855
Mar23.csv,8,17,compare_sdv_pca_gmm,test_f1_macro_max,synthetic,Covertype,0.4977414989490513
Mar23.csv,8,18,compare_sdv_pca_gmm,test_f1_macro_max,synthetic,MNIST12,0.799049102
Mar23.csv,8,19,compare_sdv_pca_gmm,test_f1_macro_max,synthetic,MNIST28,0.7768115553102355
Mar23.csv,8,24,compare_sdv_pca_gmm,test_f1_micro_end,synthetic,Adult,0.746903212
Mar23.csv,8,25,compare_sdv_pca_gmm,test_f1_micro_end,synthetic,Census,0.7608650010497585
Mar23.csv,8,26,compare_sdv_pca_gmm,test_f1_micro_end,synthetic,Covertype,0.6879770746022048
Mar23.csv,8,27,compare_sdv_pca_gmm,test_f1_micro_end,synthetic,MNIST12,0.7994
Mar23.csv,8,28,compare_sdv_pca_gmm,test_f1_micro_end,synthetic,MNIST28,0.7685
Mar23.csv,8,33,compare_sdv_pca_gmm,test_f1_micro_max,synthetic,Adult,0.7672685282385051
Mar23.csv,8,34,compare_sdv_pca_gmm,test_f1_micro_max,synthetic,Census,0.774721814
Mar23.csv,8,35,compare_sdv_pca_gmm,test_f1_micro_max,synthetic,Covertype,0.6941042830219529
Mar23.csv,8,36,compare_sdv_pca_gmm,test_f1_micro_max,synthetic,MNIST12,0.8035
Mar23.csv,8,37,compare_sdv_pca_gmm,test_f1_micro_max,synthetic,MNIST28,0.7781
Mar23.csv,9,6,compare_sdv_rf,test_f1_macro_end,synthetic,Adult,0.7424405782154562
Mar23.csv,9,7,compare_sdv_rf,test_f1_macro_end,synthetic,Census,0.7482532033108433
Mar23.csv,9,8,compare_sdv_rf,test_f1_macro_end,synthetic,Covertype,0.6303536041873461
Mar23.csv,9,9,compare_sdv_rf,test_f1_macro_end,synthetic,MNIST12,0.873409404
Mar23.csv,9,10,compare_sdv_rf,test_f1_macro_end,synthetic,MNIST28,0.8711462608676582
Mar23.csv,9,15,compare_sdv_rf,test_f1_macro_max,synthetic,Adult,0.7687176324771305
Mar23.csv,9,16,compare_sdv_rf,test_f1_macro_max,synthetic,Census,0.7743844958620149
Mar23.csv,9,17,compare_sdv_rf,test_f1_macro_max,synthetic,Covertype,0.6304821161853542
Mar23.csv,9,18,compare_sdv_rf,test_f1_macro_max,synthetic,MNIST12,0.8750969956702879
Mar23.csv,9,19,compare_sdv_rf,test_f1_macro_max,synthetic,MNIST28,0.8749029796028042
Mar23.csv,9,24,compare_sdv_rf,test_f1_micro_end,synthetic,Adult,0.8359227377703128
Mar23.csv,9,25,compare_sdv_rf,test_f1_micro_end,synthetic,Census,0.834138148
Mar23.csv,9,26,compare_sdv_rf,test_f1_micro_end,synthetic,Covertype,0.7799196234176399
Mar23.csv,9,27,compare_sdv_rf,test_f1_micro_end,synthetic,MNIST12,0.8749
Mar23.csv,9,28,compare_sdv_rf,test_f1_micro_end,synthetic,MNIST28,0.8706
Mar23.csv,9,33,compare_sdv_rf,test_f1_micro_max,synthetic,Adult,0.8410665546924208
Mar23.csv,9,34,compare_sdv_rf,test_f1_micro_max,synthetic,Census,0.8422212891035062
Mar23.csv,9,35,compare_sdv_rf,test_f1_micro_max,synthetic,Covertype,0.7808920595853808
Mar23.csv,9,36,compare_sdv_rf,test_f1_micro_max,synthetic,MNIST12,0.8766
Mar23.csv,9,37,compare_sdv_rf,test_f1_micro_max,synthetic,MNIST28,0.8744
Mar23.csv,10,9,compare_sdv_tvae_categoricalNB,test_f1_macro_end,synthetic,MNIST12,0.8093031026565743
Mar23.csv,10,10,compare_sdv_tvae_categoricalNB,test_f1_macro_end,synthetic,MNIST28,0.8285627200954797
Mar23.csv,10,18,compare_sdv_tvae_categoricalNB,test_f1_macro_max,synthetic,MNIST12,0.8129681964715146
Mar23.csv,10,19,compare_sdv_tvae_categoricalNB,test_f1_macro_max,synthetic,MNIST28,0.8322378836697109
Mar23.csv,10,27,compare_sdv_tvae_categoricalNB,test_f1_micro_end,synthetic,MNIST12,0.812
Mar23.csv,10,28,compare_sdv_tvae_categoricalNB,test_f1_micro_end,synthetic,MNIST28,0.831
Mar23.csv,10,36,compare_sdv_tvae_categoricalNB,test_f1_micro_max,synthetic,MNIST12,0.8154
Mar23.csv,10,37,compare_sdv_tvae_categoricalNB,test_f1_micro_max,synthetic,MNIST28,0.8347
Mar23.csv,11,9,compare_sdv_tvae_gaussianNB,test_f1_macro_end,synthetic,MNIST12,0.3980041428599746
Mar23.csv,11,10,compare_sdv_tvae_gaussianNB,test_f1_macro_end,synthetic,MNIST28,0.4371185760014226
Mar23.csv,11,18,compare_sdv_tvae_gaussianNB,test_f1_macro_max,synthetic,MNIST12,0.4038516591998338
Mar23.csv,11,19,compare_sdv_tvae_gaussianNB,test_f1_macro_max,synthetic,MNIST28,0.4407853126919483
Mar23.csv,11,27,compare_sdv_tvae_gaussianNB,test_f1_micro_end,synthetic,MNIST12,0.4731
Mar23.csv,11,28,compare_sdv_tvae_gaussianNB,test_f1_micro_end,synthetic,MNIST28,0.5138
Mar23.csv,11,36,compare_sdv_tvae_gaussianNB,test_f1_micro_max,synthetic,MNIST12,0.4778
Mar23.csv,11,37,compare_sdv_tvae_gaussianNB,test_f1_micro_max,synthetic,MNIST28,0.5165
Mar23.csv,12,9,compare_sdv_tvae_pca_gmm,test_f1_macro_end,synthetic,MNIST12,0.8104642601352893
Mar23.csv,12,10,compare_sdv_tvae_pca_gmm,test_f1_macro_end,synthetic,MNIST28,0.8304517528435943
Mar23.csv,12,18,compare_sdv_tvae_pca_gmm,test_f1_macro_max,synthetic,MNIST12,0.8134890539953397
Mar23.csv,12,19,compare_sdv_tvae_pca_gmm,test_f1_macro_max,synthetic,MNIST28,0.831846886
Mar23.csv,12,27,compare_sdv_tvae_pca_gmm,test_f1_micro_end,synthetic,MNIST12,0.813
Mar23.csv,12,28,compare_sdv_tvae_pca_gmm,test_f1_micro_end,synthetic,MNIST28,0.833
Mar23.csv,12,36,compare_sdv_tvae_pca_gmm,test_f1_micro_max,synthetic,MNIST12,0.816
Mar23.csv,12,37,compare_sdv_tvae_pca_gmm,test_f1_micro_max,synthetic,MNIST28,0.8343
Mar23.csv,13,9,compare_sdv_tvae_rf,test_f1_macro_end,synthetic,MNIST12,0.9323312900535364
Mar23.csv,13,10,compare_sdv_tvae_rf,test_f1_macro_end,synthetic,MNIST28,0.9460543310484828
Mar23.csv,13,18,compare_sdv_tvae_rf,test_f1_macro_max,synthetic,MNIST12,0.9330500265880256
Mar23.csv,13,19,compare_sdv_tvae_rf,test_f1_macro_max,synthetic,MNIST28,0.9481754792743964
Mar23.csv,13,27,compare_sdv_tvae_rf,test_f1_micro_end,synthetic,MNIST12,0.9327
Mar23.csv,13,28,compare_sdv_tvae_rf,test_f1_micro_end,synthetic,MNIST28,0.9465
Mar23.csv,13,36,compare_sdv_tvae_rf,test_f1_micro_max,synthetic,MNIST12,0.9334
Mar23.csv,13,37,compare_sdv_tvae_rf,test_f1_micro_max,synthetic,MNIST28,0.9486
Mar23.csv,14,9,compare_sdv_tvae_xgb,test_f1_macro_end,synthetic,MNIST12,0.9429362235836736
Mar23.csv,14,10,compare_sdv_tvae_xgb,test_f1_macro_end,synthetic,MNIST28,0.9598570628761118
Mar23.csv,14,18,compare_sdv_tvae_xgb,test_f1_macro_max,synthetic,MNIST12,0.9449140713758448
Mar23.csv,14,19,compare_sdv_tvae_xgb,test_f1_macro_max,synthetic,MNIST28,0.9610001411003516
Mar23.csv,14,27,compare_sdv_tvae_xgb,test_f1_micro_end,synthetic,MNIST12,0.9432
Mar23.csv,14,28,compare_sdv_tvae_xgb,test_f1_micro_end,synthetic,MNIST28,0.9601
Mar23.csv,14,36,compare_sdv_tvae_xgb,test_f1_micro_max,synthetic,MNIST12,0.9452
Mar23.csv,14,37,compare_sdv_tvae_xgb,test_f1_micro_max,synthetic,MNIST28,0.9612
Mar23.csv,15,6,compare_sdv_xgb,test_f1_macro_end,synthetic,Adult,0.6884643658748745
Mar23.csv,15,7,compare_sdv_xgb,test_f1_macro_end,synthetic,Census,0.728075274
Mar23.csv,15,8,compare_sdv_xgb,test_f1_macro_end,synthetic,Covertype,0.5925999127376259
Mar23.csv,15,9,compare_sdv_xgb,test_f1_macro_end,synthetic,MNIST12,0.8754956119144719
Mar23.csv,15,10,compare_sdv_xgb,test_f1_macro_end,synthetic,MNIST28,0.8608293168606955
Mar23.csv,15,15,compare_sdv_xgb,test_f1_macro_max,synthetic,Adult,0.7692390179912588
Mar23.csv,15,16,compare_sdv_xgb,test_f1_macro_max,synthetic,Census,0.7734106448478515
Mar23.csv,15,17,compare_sdv_xgb,test_f1_macro_max,synthetic,Covertype,0.6037591743818826
Mar23.csv,15,18,compare_sdv_xgb,test_f1_macro_max,synthetic,MNIST12,0.8770008373139151
Mar23.csv,15,19,compare_sdv_xgb,test_f1_macro_max,synthetic,MNIST28,0.8707822087272559
Mar23.csv,15,24,compare_sdv_xgb,test_f1_micro_end,synthetic,Adult,0.8104136048708797
Mar23.csv,15,25,compare_sdv_xgb,test_f1_micro_end,synthetic,Census,0.8244803695150116
Mar23.csv,15,26,compare_sdv_xgb,test_f1_micro_end,synthetic,Covertype,0.7671574744197655
Mar23.csv,15,27,compare_sdv_xgb,test_f1_micro_end,synthetic,MNIST12,0.8766
Mar23.csv,15,28,compare_sdv_xgb,test_f1_micro_end,synthetic,MNIST28,0.855
Mar23.csv,15,33,compare_sdv_xgb,test_f1_micro_max,synthetic,Adult,0.839806844
Mar23.csv,15,34,compare_sdv_xgb,test_f1_micro_max,synthetic,Census,0.8418013856812933
Mar23.csv,15,35,compare_sdv_xgb,test_f1_micro_max,synthetic,Covertype,0.7678459248040068
Mar23.csv,15,36,compare_sdv_xgb,test_f1_micro_max,synthetic,MNIST12,0.8779
Mar23.csv,15,37,compare_sdv_xgb,test_f1_micro_max,synthetic,MNIST28,0.867
Mar23.csv,16,2,ctgan,test_f1_macro_end,mix,Adult_mix,0.7798523671447183
Mar23.csv,16,6,ctgan,test_f1_macro_end,synthetic,Adult,0.7690919815680533
Mar23.csv,16,7,ctgan,test_f1_macro_end,synthetic,Census,0.7598101739997537
Mar23.csv,16,8,ctgan,test_f1_macro_end,synthetic,Covertype,0.4748430987470255
Mar23.csv,16,9,ctgan,test_f1_macro_end,synthetic,MNIST12,0.4703916885190288
Mar23.csv,16,10,ctgan,test_f1_macro_end,synthetic,MNIST28,0.3916204066192958
Mar23.csv,16,11,ctgan,test_f1_macro_max,mix,Adult_mix,0.7869957962018506
Mar23.csv,16,15,ctgan,test_f1_macro_max,synthetic,Adult,0.7761298938352998
Mar23.csv,16,16,ctgan,test_f1_macro_max,synthetic,Census,0.7733715607676727
Mar23.csv,16,17,ctgan,test_f1_macro_max,synthetic,Covertype,0.4835195285184258
Mar23.csv,16,18,ctgan,test_f1_macro_max,synthetic,MNIST12,0.4815952377192015
Mar23.csv,16,19,ctgan,test_f1_macro_max,synthetic,MNIST28,0.4453581081026362
Mar23.csv,16,20,ctgan,test_f1_micro_end,mix,Adult_mix,0.8482049128700399
Mar23.csv,16,24,ctgan,test_f1_micro_end,synthetic,Adult,0.8189166491706907
Mar23.csv,16,25,ctgan,test_f1_micro_end,synthetic,Census,0.8095737980264539
Mar23.csv,16,26,ctgan,test_f1_micro_end,synthetic,Covertype,0.6764025025171467
Mar23.csv,16,27,ctgan,test_f1_micro_end,synthetic,MNIST12,0.5326
Mar23.csv,16,28,ctgan,test_f1_micro_end,synthetic,MNIST28,0.4077
Mar23.csv,16,29,ctgan,test_f1_micro_max,mix,Adult_mix,0.8498845265588915
Mar23.csv,16,33,ctgan,test_f1_micro_max,synthetic,Adult,0.8328784379592694
Mar23.csv,16,34,ctgan,test_f1_micro_max,synthetic,Census,0.8260550073483098
Mar23.csv,16,35,ctgan,test_f1_micro_max,synthetic,Covertype,0.6803783034861406
Mar23.csv,16,36,ctgan,test_f1_micro_max,synthetic,MNIST12,0.5544
Mar23.csv,16,37,ctgan,test_f1_micro_max,synthetic,MNIST28,0.5341
Mar23.csv,17,2,gaussian,test_f1_macro_end,mix,Adult_mix,0.6655876388468094
Mar23.csv,17,6,gaussian,test_f1_macro_end,synthetic,Adult,0.5681211657622532
Mar23.csv,17,7,gaussian,test_f1_macro_end,synthetic,Census,0.6345683180015191
Mar23.csv,17,8,gaussian,test_f1_macro_end,synthetic,Covertype,0.3573125747419766
Mar23.csv,17,9,gaussian,test_f1_macro_end,synthetic,MNIST12,0.3054183029267149
Mar23.csv,17,10,gaussian,test_f1_macro_end,synthetic,MNIST28,0.4723245548384792
Mar23.csv,17,11,gaussian,test_f1_macro_max,mix,Adult_mix,0.6655876388468094
Mar23.csv,17,15,gaussian,test_f1_macro_max,synthetic,Adult,0.5886325070164034
Mar23.csv,17,16,gaussian,test_f1_macro_max,synthetic,Census,0.6541053797622616
Mar23.csv,17,17,gaussian,test_f1_macro_max,synthetic,Covertype,0.3601275943805416
Mar23.csv,17,18,gaussian,test_f1_macro_max,synthetic,MNIST12,0.3236030574819976
Mar23.csv,17,19,gaussian,test_f1_macro_max,synthetic,MNIST28,0.4865010567349731
Mar23.csv,17,20,gaussian,test_f1_micro_end,mix,Adult_mix,0.8108335082930926
Mar23.csv,17,24,gaussian,test_f1_micro_end,synthetic,Adult,0.7777661137938274
Mar23.csv,17,25,gaussian,test_f1_micro_end,synthetic,Census,0.7979214780600462
Mar23.csv,17,26,gaussian,test_f1_micro_end,synthetic,Covertype,0.4427596533652315
Mar23.csv,17,27,gaussian,test_f1_micro_end,synthetic,MNIST12,0.3752
Mar23.csv,17,28,gaussian,test_f1_micro_end,synthetic,MNIST28,0.4939
Mar23.csv,17,29,gaussian,test_f1_micro_max,mix,Adult_mix,0.8112534117153055
Mar23.csv,17,33,gaussian,test_f1_micro_max,synthetic,Adult,0.7831198824270418
Mar23.csv,17,34,gaussian,test_f1_micro_max,synthetic,Census,0.801595633
Mar23.csv,17,35,gaussian,test_f1_micro_max,synthetic,Covertype,0.4441795822827293
Mar23.csv,17,36,gaussian,test_f1_micro_max,synthetic,MNIST12,0.3885
Mar23.csv,17,37,gaussian,test_f1_micro_max,synthetic,MNIST28,0.5075
Mar23.csv,18,3,none,test_f1_macro_end,original,Covertype,0.9067320812111248
Mar23.csv,18,4,none,test_f1_macro_end,original,MNIST12,0.9589100035025108
Mar23.csv,18,5,none,test_f1_macro_end,original,MNIST28,0.977846374
Mar23.csv,18,12,none,test_f1_macro_max,original,Covertype,0.9087902643511816
Mar23.csv,18,13,none,test_f1_macro_max,original,MNIST12,0.9598955126444318
Mar23.csv,18,14,none,test_f1_macro_max,original,MNIST28,0.9791516826589722
Mar23.csv,18,21,none,test_f1_micro_end,original,Covertype,0.9400445771623795
Mar23.csv,18,22,none,test_f1_micro_end,original,MNIST12,0.9591
Mar23.csv,18,23,none,test_f1_micro_end,original,MNIST28,0.9779
Mar23.csv,18,30,none,test_f1_micro_max,original,Covertype,0.9400445771623795
Mar23.csv,18,31,none,test_f1_micro_max,original,MNIST12,0.9601
Mar23.csv,18,32,none,test_f1_micro_max,original,MNIST28,0.9792
Mar23.csv,19,2,pca_gmm,test_f1_macro_end,mix,Adult_mix,0.750671679
Mar23.csv,19,6,pca_gmm,test_f1_macro_end,synthetic,Adult,0.7178603513405275
Mar23.csv,19,7,pca_gmm,test_f1_macro_end,synthetic,Census,0.7352284277385774
Mar23.csv,19,8,pca_gmm,test_f1_macro_end,synthetic,Covertype,0.4678613556494798
Mar23.csv,19,9,pca_gmm,test_f1_macro_end,synthetic,MNIST12,0.7829122790243647
Mar23.csv,19,10,pca_gmm,test_f1_macro_end,synthetic,MNIST28,0.7841584049272095
Mar23.csv,19,11,pca_gmm,test_f1_macro_max,mix,Adult_mix,0.7668110871760498
Mar23.csv,19,15,pca_gmm,test_f1_macro_max,synthetic,Adult,0.7557740442737708
Mar23.csv,19,16,pca_gmm,test_f1_macro_max,synthetic,Census,0.7542975510755553
Mar23.csv,19,17,pca_gmm,test_f1_macro_max,synthetic,Covertype,0.4792203624228391
Mar23.csv,19,18,pca_gmm,test_f1_macro_max,synthetic,MNIST12,0.787593435
Mar23.csv,19,19,pca_gmm,test_f1_macro_max,synthetic,MNIST28,0.7985447929975746
Mar23.csv,19,20,pca_gmm,test_f1_micro_end,mix,Adult_mix,0.8282595003149276
Mar23.csv,19,24,pca_gmm,test_f1_micro_end,synthetic,Adult,0.8104136048708797
Mar23.csv,19,25,pca_gmm,test_f1_micro_end,synthetic,Census,0.8155574217929876
Mar23.csv,19,26,pca_gmm,test_f1_micro_end,synthetic,Covertype,0.7003777871483524
Mar23.csv,19,27,pca_gmm,test_f1_micro_end,synthetic,MNIST12,0.783
Mar23.csv,19,28,pca_gmm,test_f1_micro_end,synthetic,MNIST28,0.7866
Mar23.csv,19,29,pca_gmm,test_f1_micro_max,mix,Adult_mix,0.8339281965148015
Mar23.csv,19,33,pca_gmm,test_f1_micro_max,synthetic,Adult,0.8252152005038841
Mar23.csv,19,34,pca_gmm,test_f1_micro_max,synthetic,Census,0.8289943313038002
Mar23.csv,19,35,pca_gmm,test_f1_micro_max,synthetic,Covertype,0.7050592497611937
Mar23.csv,19,36,pca_gmm,test_f1_micro_max,synthetic,MNIST12,0.7878
Mar23.csv,19,37,pca_gmm,test_f1_micro_max,synthetic,MNIST28,0.801
Mar23.csv,20,2,rf,test_f1_macro_end,mix,Adult_mix,0.7746396429611135
Mar23.csv,20,6,rf,test_f1_macro_end,synthetic,Adult,0.7579927197504357
Mar23.csv,20,7,rf,test_f1_macro_end,synthetic,Census,0.7456012588668144
Mar23.csv,20,8,rf,test_f1_macro_end,synthetic,Covertype,0.6414576890135034
Mar23.csv,20,9,rf,test_f1_macro_end,synthetic,MNIST12,0.8816215572486479
Mar23.csv,20,10,rf,test_f1_macro_end,synthetic,MNIST28,0.8587534287735108
Mar23.csv,20,11,rf,test_f1_macro_max,mix,Adult_mix,0.7843907765473556
Mar23.csv,20,15,rf,test_f1_macro_max,synthetic,Adult,0.7760147845942743
Mar23.csv,20,16,rf,test_f1_macro_max,synthetic,Census,0.7771708615522934
Mar23.csv,20,17,rf,test_f1_macro_max,synthetic,Covertype,0.6527164450673965
Mar23.csv,20,18,rf,test_f1_macro_max,synthetic,MNIST12,0.8837177043389772
Mar23.csv,20,19,rf,test_f1_macro_max,synthetic,MNIST28,0.8675718944451896
Mar23.csv,20,20,rf,test_f1_micro_end,mix,Adult_mix,0.8436909510812514
Mar23.csv,20,24,rf,test_f1_micro_end,synthetic,Adult,0.8374973756036111
Mar23.csv,20,25,rf,test_f1_micro_end,synthetic,Census,0.8348729792147807
Mar23.csv,20,26,rf,test_f1_micro_end,synthetic,Covertype,0.793
Mar23.csv,20,27,rf,test_f1_micro_end,synthetic,MNIST12,0.8814
Mar23.csv,20,28,rf,test_f1_micro_end,synthetic,MNIST28,0.8586
Mar23.csv,20,29,rf,test_f1_micro_max,mix,Adult_mix,0.8466302750367416
Mar23.csv,20,33,rf,test_f1_micro_max,synthetic,Adult,0.8408566029813143
Mar23.csv,20,34,rf,test_f1_micro_max,synthetic,Census,0.8418013856812933
Mar23.csv,20,35,rf,test_f1_micro_max,synthetic,Covertype,0.7947
Mar23.csv,20,36,rf,test_f1_micro_max,synthetic,MNIST12,0.8836
Mar23.csv,20,37,rf,test_f1_micro_max,synthetic,MNIST28,0.8675
Mar23.csv,21,9,sdv_tvae_categorical,test_f1_macro_end,synthetic,MNIST12,0.8140095282736771
Mar23.csv,21,10,sdv_tvae_categorical,test_f1_macro_end,synthetic,MNIST28,0.828504185
Mar23.csv,21,18,sdv_tvae_categorical,test_f1_macro_max,synthetic,MNIST12,0.8166074611458665
Mar23.csv,21,19,sdv_tvae_categorical,test_f1_macro_max,synthetic,MNIST28,0.8309354815861824
Mar23.csv,21,27,sdv_tvae_categorical,test_f1_micro_end,synthetic,MNIST12,0.8166
Mar23.csv,21,28,sdv_tvae_categorical,test_f1_micro_end,synthetic,MNIST28,0.8309
Mar23.csv,21,36,sdv_tvae_categorical,test_f1_micro_max,synthetic,MNIST12,0.8193
Mar23.csv,21,37,sdv_tvae_categorical,test_f1_micro_max,synthetic,MNIST28,0.8333
Mar23.csv,22,9,sdv_tvae_gaussian,test_f1_macro_end,synthetic,MNIST12,0.4021400270662401
Mar23.csv,22,10,sdv_tvae_gaussian,test_f1_macro_end,synthetic,MNIST28,0.4465836996680165
Mar23.csv,22,18,sdv_tvae_gaussian,test_f1_macro_max,synthetic,MNIST12,0.4049447098298322
Mar23.csv,22,19,sdv_tvae_gaussian,test_f1_macro_max,synthetic,MNIST28,0.4492458899687309
Mar23.csv,22,27,sdv_tvae_gaussian,test_f1_micro_end,synthetic,MNIST12,0.4757
Mar23.csv,22,28,sdv_tvae_gaussian,test_f1_micro_end,synthetic,MNIST28,0.5223
Mar23.csv,22,36,sdv_tvae_gaussian,test_f1_micro_max,synthetic,MNIST12,0.4785
Mar23.csv,22,37,sdv_tvae_gaussian,test_f1_micro_max,synthetic,MNIST28,0.5236
Mar23.csv,23,9,sdv_tvae_pca_gmm,test_f1_macro_end,synthetic,MNIST12,0.813437075
Mar23.csv,23,10,sdv_tvae_pca_gmm,test_f1_macro_end,synthetic,MNIST28,0.8301156173304616
Mar23.csv,23,18,sdv_tvae_pca_gmm,test_f1_macro_max,synthetic,MNIST12,0.8157239140622128
Mar23.csv,23,19,sdv_tvae_pca_gmm,test_f1_macro_max,synthetic,MNIST28,0.8326137357706891
Mar23.csv,23,27,sdv_tvae_pca_gmm,test_f1_micro_end,synthetic,MNIST12,0.816
Mar23.csv,23,28,sdv_tvae_pca_gmm,test_f1_micro_end,synthetic,MNIST28,0.8324
Mar23.csv,23,36,sdv_tvae_pca_gmm,test_f1_micro_max,synthetic,MNIST12,0.8183
Mar23.csv,23,37,sdv_tvae_pca_gmm,test_f1_micro_max,synthetic,MNIST28,0.8349
Mar23.csv,24,9,sdv_tvae_rf,test_f1_macro_end,synthetic,MNIST12,0.9302460860266192
Mar23.csv,24,10,sdv_tvae_rf,test_f1_macro_end,synthetic,MNIST28,0.9469810668217504
Mar23.csv,24,18,sdv_tvae_rf,test_f1_macro_max,synthetic,MNIST12,0.9314213700128904
Mar23.csv,24,19,sdv_tvae_rf,test_f1_macro_max,synthetic,MNIST28,0.9477908484801294
Mar23.csv,24,27,sdv_tvae_rf,test_f1_micro_end,synthetic,MNIST12,0.9306
Mar23.csv,24,28,sdv_tvae_rf,test_f1_micro_end,synthetic,MNIST28,0.9474
Mar23.csv,24,36,sdv_tvae_rf,test_f1_micro_max,synthetic,MNIST12,0.9318
Mar23.csv,24,37,sdv_tvae_rf,test_f1_micro_max,synthetic,MNIST28,0.9482
Mar23.csv,25,9,sdv_tvae_xgb,test_f1_macro_end,synthetic,MNIST12,0.9396494007184604
Mar23.csv,25,10,sdv_tvae_xgb,test_f1_macro_end,synthetic,MNIST28,0.9609658054022924
Mar23.csv,25,18,sdv_tvae_xgb,test_f1_macro_max,synthetic,MNIST12,0.9403850928842428
Mar23.csv,25,19,sdv_tvae_xgb,test_f1_macro_max,synthetic,MNIST28,0.9616767058547572
Mar23.csv,25,27,sdv_tvae_xgb,test_f1_micro_end,synthetic,MNIST12,0.9398
Mar23.csv,25,28,sdv_tvae_xgb,test_f1_micro_end,synthetic,MNIST28,0.9612
Mar23.csv,25,36,sdv_tvae_xgb,test_f1_micro_max,synthetic,MNIST12,0.9407
Mar23.csv,25,37,sdv_tvae_xgb,test_f1_micro_max,synthetic,MNIST28,0.9619
Mar23.csv,26,6,tvae,test_f1_macro_end,synthetic,Adult,0.7177808494069435
Mar23.csv,26,7,tvae,test_f1_macro_end,synthetic,Census,0.7222924020703038
Mar23.csv,26,8,tvae,test_f1_macro_end,synthetic,Covertype,0.2672459195051856
Mar23.csv,26,9,tvae,test_f1_macro_end,synthetic,MNIST12,0.9216899968362328
Mar23.csv,26,10,tvae,test_f1_macro_end,synthetic,MNIST28,0.9289449422883832
Mar23.csv,26,15,tvae,test_f1_macro_max,synthetic,Adult,0.7503944115852196
Mar23.csv,26,16,tvae,test_f1_macro_max,synthetic,Census,0.7383791024283467
Mar23.csv,26,17,tvae,test_f1_macro_max,synthetic,Covertype,0.2972320714416863
Mar23.csv,26,18,tvae,test_f1_macro_max,synthetic,MNIST12,0.9248462943223508
Mar23.csv,26,19,tvae,test_f1_macro_max,synthetic,MNIST28,0.935625921
Mar23.csv,26,24,tvae,test_f1_micro_end,synthetic,Adult,0.807264329
Mar23.csv,26,25,tvae,test_f1_micro_end,synthetic,Census,0.8045349569598992
Mar23.csv,26,26,tvae,test_f1_micro_end,synthetic,Covertype,0.6439420669001661
Mar23.csv,26,27,tvae,test_f1_micro_end,synthetic,MNIST12,0.9219
Mar23.csv,26,28,tvae,test_f1_micro_end,synthetic,MNIST28,0.9291
Mar23.csv,26,33,tvae,test_f1_micro_max,synthetic,Adult,0.8167121562040731
Mar23.csv,26,34,tvae,test_f1_micro_max,synthetic,Census,0.8144026873819021
Mar23.csv,26,35,tvae,test_f1_micro_max,synthetic,Covertype,0.6526423586310164
Mar23.csv,26,36,tvae,test_f1_micro_max,synthetic,MNIST12,0.9252
Mar23.csv,26,37,tvae,test_f1_micro_max,synthetic,MNIST28,0.9361
Mar23.csv,27,2,xgb,test_f1_macro_end,mix,Adult_mix,0.7732502421510552
Mar23.csv,27,6,xgb,test_f1_macro_end,synthetic,Adult,0.7374930147509772
Mar23.csv,27,7,xgb,test_f1_macro_end,synthetic,Census,0.7280140604893692
Mar23.csv,27,8,xgb,test_f1_macro_end,synthetic,Covertype,0.6346473583140428
Mar23.csv,27,9,xgb,test_f1_macro_end,synthetic,MNIST12,0.8787915436373581
Mar23.csv,27,10,xgb,test_f1_macro_end,synthetic,MNIST28,0.8727587442749101
Mar23.csv,27,11,xgb,test_f1_macro_max,mix,Adult_mix,0.7771508611456992
Mar23.csv,27,15,xgb,test_f1_macro_max,synthetic,Adult,0.7724283097243554
Mar23.csv,27,16,xgb,test_f1_macro_max,synthetic,Census,0.7739578363107567
Mar23.csv,27,17,xgb,test_f1_macro_max,synthetic,Covertype,0.646754193
Mar23.csv,27,18,xgb,test_f1_macro_max,synthetic,MNIST12,0.8807323097061156
Mar23.csv,27,19,xgb,test_f1_macro_max,synthetic,MNIST28,0.8801609984967349
Mar23.csv,27,20,xgb,test_f1_micro_end,mix,Adult_mix,0.8445307579256771
Mar23.csv,27,24,xgb,test_f1_micro_end,synthetic,Adult,0.829414235
Mar23.csv,27,25,xgb,test_f1_micro_end,synthetic,Census,0.8200713835817762
Mar23.csv,27,26,xgb,test_f1_micro_end,synthetic,Covertype,0.7787
Mar23.csv,27,27,xgb,test_f1_micro_end,synthetic,MNIST12,0.8783
Mar23.csv,27,28,xgb,test_f1_micro_end,synthetic,MNIST28,0.8712
Mar23.csv,27,29,xgb,test_f1_micro_max,mix,Adult_mix,0.8480999370144867
Mar23.csv,27,33,xgb,test_f1_micro_max,synthetic,Adult,0.8406466512702079
Mar23.csv,27,34,xgb,test_f1_micro_max,synthetic,Census,0.8434809993701449
Mar23.csv,27,35,xgb,test_f1_micro_max,synthetic,Covertype,0.7808
Mar23.csv,27,36,xgb,test_f1_micro_max,synthetic,MNIST12,0.8803
Mar23.csv,27,37,xgb,test_f1_micro_max,synthetic,MNIST28,0.8793
