source,source_row,source_col,method,metric,train,dataset,value,status
April29.csv,5,19,categorical,test_f1_macro_end,synthetic,Adult,0.7187076670888153,Historical; test scaling and test maxima
April29.csv,5,20,categorical,test_f1_macro_end,synthetic,Census,0.7165263753134499,Adult duplicate; do not count independently
April29.csv,5,21,categorical,test_f1_macro_end,synthetic,Census_Kdd,0.7202976902626278,Routes to Census/Adult; not verified KDD
April29.csv,5,22,categorical,test_f1_macro_end,synthetic,Covertype,0.4801810746254698,Methods indicate different test-set versions
April29.csv,5,23,categorical,test_f1_macro_end,synthetic,MNIST12,0.791463152,Promising; unbound generator/split provenance
April29.csv,5,24,categorical,test_f1_macro_end,synthetic,MNIST28,0.8051613021162994,Promising; unbound generator/split provenance
April29.csv,5,32,categorical,test_f1_macro_max,synthetic,Adult,0.7187076670888153,Historical; test scaling and test maxima
April29.csv,5,33,categorical,test_f1_macro_max,synthetic,Census,0.7187288961250002,Adult duplicate; do not count independently
April29.csv,5,34,categorical,test_f1_macro_max,synthetic,Census_Kdd,0.7252313699509958,Routes to Census/Adult; not verified KDD
April29.csv,5,35,categorical,test_f1_macro_max,synthetic,Covertype,0.4803481342357591,Methods indicate different test-set versions
April29.csv,5,36,categorical,test_f1_macro_max,synthetic,MNIST12,0.7949670962628057,Promising; unbound generator/split provenance
April29.csv,5,37,categorical,test_f1_macro_max,synthetic,MNIST28,0.8104945617915569,Promising; unbound generator/split provenance
April29.csv,5,45,categorical,test_f1_micro_end,synthetic,Adult,0.7630694940163762,Historical; test scaling and test maxima
April29.csv,5,46,categorical,test_f1_micro_end,synthetic,Census,0.7595003149275666,Adult duplicate; do not count independently
April29.csv,5,47,categorical,test_f1_micro_end,synthetic,Census_Kdd,0.7660088179718665,Routes to Census/Adult; not verified KDD
April29.csv,5,48,categorical,test_f1_micro_end,synthetic,Covertype,0.6309647771572162,Methods indicate different test-set versions
April29.csv,5,49,categorical,test_f1_micro_end,synthetic,MNIST12,0.7922,Promising; unbound generator/split provenance
April29.csv,5,50,categorical,test_f1_micro_end,synthetic,MNIST28,0.8084,Promising; unbound generator/split provenance
April29.csv,5,58,categorical,test_f1_micro_max,synthetic,Adult,0.7634893974385891,Historical; test scaling and test maxima
April29.csv,5,59,categorical,test_f1_micro_max,synthetic,Census,0.7644341801385681,Adult duplicate; do not count independently
April29.csv,5,60,categorical,test_f1_micro_max,synthetic,Census_Kdd,0.7723073693050598,Routes to Census/Adult; not verified KDD
April29.csv,5,61,categorical,test_f1_micro_max,synthetic,Covertype,0.6312401573109128,Methods indicate different test-set versions
April29.csv,5,62,categorical,test_f1_micro_max,synthetic,MNIST12,0.7957,Promising; unbound generator/split provenance
April29.csv,5,63,categorical,test_f1_micro_max,synthetic,MNIST28,0.8136,Promising; unbound generator/split provenance
April29.csv,6,19,compare_sdv_categorical,test_f1_macro_end,synthetic,Adult,0.7170661259844104,Historical; test scaling and test maxima
April29.csv,6,20,compare_sdv_categorical,test_f1_macro_end,synthetic,Census,0.7170731252988158,Adult duplicate; do not count independently
April29.csv,6,21,compare_sdv_categorical,test_f1_macro_end,synthetic,Census_Kdd,0.7172767629855854,Routes to Census/Adult; not verified KDD
April29.csv,6,22,compare_sdv_categorical,test_f1_macro_end,synthetic,Covertype,0.4798331316582189,Methods indicate different test-set versions
April29.csv,6,23,compare_sdv_categorical,test_f1_macro_end,synthetic,MNIST12,0.7961158189656352,Promising; unbound generator/split provenance
April29.csv,6,24,compare_sdv_categorical,test_f1_macro_end,synthetic,MNIST28,0.8069919844070228,Promising; unbound generator/split provenance
April29.csv,6,32,compare_sdv_categorical,test_f1_macro_max,synthetic,Adult,0.7184464297183154,Historical; test scaling and test maxima
April29.csv,6,33,compare_sdv_categorical,test_f1_macro_max,synthetic,Census,0.718724086,Adult duplicate; do not count independently
April29.csv,6,34,compare_sdv_categorical,test_f1_macro_max,synthetic,Census_Kdd,0.7182413689267395,Routes to Census/Adult; not verified KDD
April29.csv,6,35,compare_sdv_categorical,test_f1_macro_max,synthetic,Covertype,0.4805055294556291,Methods indicate different test-set versions
April29.csv,6,36,compare_sdv_categorical,test_f1_macro_max,synthetic,MNIST12,0.7990654773892916,Promising; unbound generator/split provenance
April29.csv,6,37,compare_sdv_categorical,test_f1_macro_max,synthetic,MNIST28,0.8168666543037244,Promising; unbound generator/split provenance
April29.csv,6,45,compare_sdv_categorical,test_f1_micro_end,synthetic,Adult,0.7608650010497585,Historical; test scaling and test maxima
April29.csv,6,46,compare_sdv_categorical,test_f1_micro_end,synthetic,Census,0.7589754356498005,Adult duplicate; do not count independently
April29.csv,6,47,compare_sdv_categorical,test_f1_micro_end,synthetic,Census_Kdd,0.7590804115053538,Routes to Census/Adult; not verified KDD
April29.csv,6,48,compare_sdv_categorical,test_f1_micro_end,synthetic,Covertype,0.6312229460513068,Methods indicate different test-set versions
April29.csv,6,49,compare_sdv_categorical,test_f1_micro_end,synthetic,MNIST12,0.8007,Promising; unbound generator/split provenance
April29.csv,6,50,compare_sdv_categorical,test_f1_micro_end,synthetic,MNIST28,0.8084,Promising; unbound generator/split provenance
April29.csv,6,58,compare_sdv_categorical,test_f1_micro_max,synthetic,Adult,0.7624396388830569,Historical; test scaling and test maxima
April29.csv,6,59,compare_sdv_categorical,test_f1_micro_max,synthetic,Census,0.7606550493386521,Adult duplicate; do not count independently
April29.csv,6,60,compare_sdv_categorical,test_f1_micro_max,synthetic,Census_Kdd,0.76013017,Routes to Census/Adult; not verified KDD
April29.csv,6,61,compare_sdv_categorical,test_f1_micro_max,synthetic,Covertype,0.6316876500606697,Methods indicate different test-set versions
April29.csv,6,62,compare_sdv_categorical,test_f1_micro_max,synthetic,MNIST12,0.8034,Promising; unbound generator/split provenance
April29.csv,6,63,compare_sdv_categorical,test_f1_micro_max,synthetic,MNIST28,0.8183,Promising; unbound generator/split provenance
April29.csv,7,19,compare_sdv_gaussian,test_f1_macro_end,synthetic,Adult,0.5979305848299343,Historical; test scaling and test maxima
April29.csv,7,20,compare_sdv_gaussian,test_f1_macro_end,synthetic,Census,0.599631069,Adult duplicate; do not count independently
April29.csv,7,21,compare_sdv_gaussian,test_f1_macro_end,synthetic,Census_Kdd,0.5966279574314135,Routes to Census/Adult; not verified KDD
April29.csv,7,22,compare_sdv_gaussian,test_f1_macro_end,synthetic,Covertype,0.3609857698298801,Methods indicate different test-set versions
April29.csv,7,23,compare_sdv_gaussian,test_f1_macro_end,synthetic,MNIST12,0.3978987848435641,Promising; unbound generator/split provenance
April29.csv,7,24,compare_sdv_gaussian,test_f1_macro_end,synthetic,MNIST28,0.3638834597293214,Promising; unbound generator/split provenance
April29.csv,7,32,compare_sdv_gaussian,test_f1_macro_max,synthetic,Adult,0.6298398821077321,Historical; test scaling and test maxima
April29.csv,7,33,compare_sdv_gaussian,test_f1_macro_max,synthetic,Census,0.6410265615489957,Adult duplicate; do not count independently
April29.csv,7,34,compare_sdv_gaussian,test_f1_macro_max,synthetic,Census_Kdd,0.6366511029849886,Routes to Census/Adult; not verified KDD
April29.csv,7,35,compare_sdv_gaussian,test_f1_macro_max,synthetic,Covertype,0.3651602464704934,Methods indicate different test-set versions
April29.csv,7,36,compare_sdv_gaussian,test_f1_macro_max,synthetic,MNIST12,0.4018261464037401,Promising; unbound generator/split provenance
April29.csv,7,37,compare_sdv_gaussian,test_f1_macro_max,synthetic,MNIST28,0.4015969845857017,Promising; unbound generator/split provenance
April29.csv,7,45,compare_sdv_gaussian,test_f1_micro_end,synthetic,Adult,0.7855343271047659,Historical; test scaling and test maxima
April29.csv,7,46,compare_sdv_gaussian,test_f1_micro_end,synthetic,Census,0.7862691580936385,Adult duplicate; do not count independently
April29.csv,7,47,compare_sdv_gaussian,test_f1_micro_end,synthetic,Census_Kdd,0.7855343271047659,Routes to Census/Adult; not verified KDD
April29.csv,7,48,compare_sdv_gaussian,test_f1_micro_end,synthetic,Covertype,0.4508231284906586,Methods indicate different test-set versions
April29.csv,7,49,compare_sdv_gaussian,test_f1_micro_end,synthetic,MNIST12,0.4826,Promising; unbound generator/split provenance
April29.csv,7,50,compare_sdv_gaussian,test_f1_micro_end,synthetic,MNIST28,0.3788,Promising; unbound generator/split provenance
April29.csv,7,58,compare_sdv_gaussian,test_f1_micro_max,synthetic,Adult,0.7964518160823011,Historical; test scaling and test maxima
April29.csv,7,59,compare_sdv_gaussian,test_f1_micro_max,synthetic,Census,0.8003359227377703,Adult duplicate; do not count independently
April29.csv,7,60,compare_sdv_gaussian,test_f1_micro_max,synthetic,Census_Kdd,0.7989712366155785,Routes to Census/Adult; not verified KDD
April29.csv,7,61,compare_sdv_gaussian,test_f1_micro_max,synthetic,Covertype,0.4531380429076702,Methods indicate different test-set versions
April29.csv,7,62,compare_sdv_gaussian,test_f1_micro_max,synthetic,MNIST12,0.4868,Promising; unbound generator/split provenance
April29.csv,7,63,compare_sdv_gaussian,test_f1_micro_max,synthetic,MNIST28,0.4051,Promising; unbound generator/split provenance
April29.csv,8,19,compare_sdv_pca_gmm,test_f1_macro_end,synthetic,Adult,0.7172054947855945,Historical; test scaling and test maxima
April29.csv,8,20,compare_sdv_pca_gmm,test_f1_macro_end,synthetic,Census,0.7279380377241917,Adult duplicate; do not count independently
April29.csv,8,21,compare_sdv_pca_gmm,test_f1_macro_end,synthetic,Census_Kdd,0.7283041707884634,Routes to Census/Adult; not verified KDD
April29.csv,8,22,compare_sdv_pca_gmm,test_f1_macro_end,synthetic,Covertype,0.4855231191601863,Methods indicate different test-set versions
April29.csv,8,23,compare_sdv_pca_gmm,test_f1_macro_end,synthetic,MNIST12,0.7946713220102058,Promising; unbound generator/split provenance
April29.csv,8,24,compare_sdv_pca_gmm,test_f1_macro_end,synthetic,MNIST28,0.76696388,Promising; unbound generator/split provenance
April29.csv,8,32,compare_sdv_pca_gmm,test_f1_macro_max,synthetic,Adult,0.7335438573780975,Historical; test scaling and test maxima
April29.csv,8,33,compare_sdv_pca_gmm,test_f1_macro_max,synthetic,Census,0.7385048971654855,Adult duplicate; do not count independently
April29.csv,8,34,compare_sdv_pca_gmm,test_f1_macro_max,synthetic,Census_Kdd,0.7373800995114624,Routes to Census/Adult; not verified KDD
April29.csv,8,35,compare_sdv_pca_gmm,test_f1_macro_max,synthetic,Covertype,0.4977414989490513,Methods indicate different test-set versions
April29.csv,8,36,compare_sdv_pca_gmm,test_f1_macro_max,synthetic,MNIST12,0.799049102,Promising; unbound generator/split provenance
April29.csv,8,37,compare_sdv_pca_gmm,test_f1_macro_max,synthetic,MNIST28,0.7768115553102355,Promising; unbound generator/split provenance
April29.csv,8,45,compare_sdv_pca_gmm,test_f1_micro_end,synthetic,Adult,0.746903212,Historical; test scaling and test maxima
April29.csv,8,46,compare_sdv_pca_gmm,test_f1_micro_end,synthetic,Census,0.7608650010497585,Adult duplicate; do not count independently
April29.csv,8,47,compare_sdv_pca_gmm,test_f1_micro_end,synthetic,Census_Kdd,0.7617048078941844,Routes to Census/Adult; not verified KDD
April29.csv,8,48,compare_sdv_pca_gmm,test_f1_micro_end,synthetic,Covertype,0.6879770746022048,Methods indicate different test-set versions
April29.csv,8,49,compare_sdv_pca_gmm,test_f1_micro_end,synthetic,MNIST12,0.7994,Promising; unbound generator/split provenance
April29.csv,8,50,compare_sdv_pca_gmm,test_f1_micro_end,synthetic,MNIST28,0.7685,Promising; unbound generator/split provenance
April29.csv,8,58,compare_sdv_pca_gmm,test_f1_micro_max,synthetic,Adult,0.7672685282385051,Historical; test scaling and test maxima
April29.csv,8,59,compare_sdv_pca_gmm,test_f1_micro_max,synthetic,Census,0.774721814,Adult duplicate; do not count independently
April29.csv,8,60,compare_sdv_pca_gmm,test_f1_micro_max,synthetic,Census_Kdd,0.7732521520050388,Routes to Census/Adult; not verified KDD
April29.csv,8,61,compare_sdv_pca_gmm,test_f1_micro_max,synthetic,Covertype,0.6941042830219529,Methods indicate different test-set versions
April29.csv,8,62,compare_sdv_pca_gmm,test_f1_micro_max,synthetic,MNIST12,0.8035,Promising; unbound generator/split provenance
April29.csv,8,63,compare_sdv_pca_gmm,test_f1_micro_max,synthetic,MNIST28,0.7781,Promising; unbound generator/split provenance
April29.csv,9,19,compare_sdv_rf,test_f1_macro_end,synthetic,Adult,0.7424405782154562,Historical; test scaling and test maxima
April29.csv,9,20,compare_sdv_rf,test_f1_macro_end,synthetic,Census,0.7482532033108433,Adult duplicate; do not count independently
April29.csv,9,21,compare_sdv_rf,test_f1_macro_end,synthetic,Census_Kdd,0.7445281070104595,Routes to Census/Adult; not verified KDD
April29.csv,9,22,compare_sdv_rf,test_f1_macro_end,synthetic,Covertype,0.6303536041873461,Methods indicate different test-set versions
April29.csv,9,23,compare_sdv_rf,test_f1_macro_end,synthetic,MNIST12,0.873409404,Promising; unbound generator/split provenance
April29.csv,9,24,compare_sdv_rf,test_f1_macro_end,synthetic,MNIST28,0.8711462608676582,Promising; unbound generator/split provenance
April29.csv,9,32,compare_sdv_rf,test_f1_macro_max,synthetic,Adult,0.7687176324771305,Historical; test scaling and test maxima
April29.csv,9,33,compare_sdv_rf,test_f1_macro_max,synthetic,Census,0.7743844958620149,Adult duplicate; do not count independently
April29.csv,9,34,compare_sdv_rf,test_f1_macro_max,synthetic,Census_Kdd,0.7742031118438276,Routes to Census/Adult; not verified KDD
April29.csv,9,35,compare_sdv_rf,test_f1_macro_max,synthetic,Covertype,0.6304821161853542,Methods indicate different test-set versions
April29.csv,9,36,compare_sdv_rf,test_f1_macro_max,synthetic,MNIST12,0.8750969956702879,Promising; unbound generator/split provenance
April29.csv,9,37,compare_sdv_rf,test_f1_macro_max,synthetic,MNIST28,0.8749029796028042,Promising; unbound generator/split provenance
April29.csv,9,45,compare_sdv_rf,test_f1_micro_end,synthetic,Adult,0.8359227377703128,Historical; test scaling and test maxima
April29.csv,9,46,compare_sdv_rf,test_f1_micro_end,synthetic,Census,0.834138148,Adult duplicate; do not count independently
April29.csv,9,47,compare_sdv_rf,test_f1_micro_end,synthetic,Census_Kdd,0.8328784379592694,Routes to Census/Adult; not verified KDD
April29.csv,9,48,compare_sdv_rf,test_f1_micro_end,synthetic,Covertype,0.7799196234176399,Methods indicate different test-set versions
April29.csv,9,49,compare_sdv_rf,test_f1_micro_end,synthetic,MNIST12,0.8749,Promising; unbound generator/split provenance
April29.csv,9,50,compare_sdv_rf,test_f1_micro_end,synthetic,MNIST28,0.8706,Promising; unbound generator/split provenance
April29.csv,9,58,compare_sdv_rf,test_f1_micro_max,synthetic,Adult,0.8410665546924208,Historical; test scaling and test maxima
April29.csv,9,59,compare_sdv_rf,test_f1_micro_max,synthetic,Census,0.8422212891035062,Adult duplicate; do not count independently
April29.csv,9,60,compare_sdv_rf,test_f1_micro_max,synthetic,Census_Kdd,0.842116313,Routes to Census/Adult; not verified KDD
April29.csv,9,61,compare_sdv_rf,test_f1_micro_max,synthetic,Covertype,0.7808920595853808,Methods indicate different test-set versions
April29.csv,9,62,compare_sdv_rf,test_f1_micro_max,synthetic,MNIST12,0.8766,Promising; unbound generator/split provenance
April29.csv,9,63,compare_sdv_rf,test_f1_micro_max,synthetic,MNIST28,0.8744,Promising; unbound generator/split provenance
April29.csv,10,19,compare_sdv_tvae_categoricalNB,test_f1_macro_end,synthetic,Adult,0.7128734645945641,Historical; test scaling and test maxima
April29.csv,10,20,compare_sdv_tvae_categoricalNB,test_f1_macro_end,synthetic,Census,0.7121166376799553,Adult duplicate; do not count independently
April29.csv,10,21,compare_sdv_tvae_categoricalNB,test_f1_macro_end,synthetic,Census_Kdd,0.7127147230312312,Routes to Census/Adult; not verified KDD
April29.csv,10,22,compare_sdv_tvae_categoricalNB,test_f1_macro_end,synthetic,Covertype,0.490489877,Methods indicate different test-set versions
April29.csv,10,23,compare_sdv_tvae_categoricalNB,test_f1_macro_end,synthetic,MNIST12,0.8093031026565743,Promising; unbound generator/split provenance
April29.csv,10,24,compare_sdv_tvae_categoricalNB,test_f1_macro_end,synthetic,MNIST28,0.8285627200954797,Promising; unbound generator/split provenance
April29.csv,10,32,compare_sdv_tvae_categoricalNB,test_f1_macro_max,synthetic,Adult,0.713755799,Historical; test scaling and test maxima
April29.csv,10,33,compare_sdv_tvae_categoricalNB,test_f1_macro_max,synthetic,Census,0.7139286074592206,Adult duplicate; do not count independently
April29.csv,10,34,compare_sdv_tvae_categoricalNB,test_f1_macro_max,synthetic,Census_Kdd,0.7138453212749053,Routes to Census/Adult; not verified KDD
April29.csv,10,35,compare_sdv_tvae_categoricalNB,test_f1_macro_max,synthetic,Covertype,0.4906651132544689,Methods indicate different test-set versions
April29.csv,10,36,compare_sdv_tvae_categoricalNB,test_f1_macro_max,synthetic,MNIST12,0.8129681964715146,Promising; unbound generator/split provenance
April29.csv,10,37,compare_sdv_tvae_categoricalNB,test_f1_macro_max,synthetic,MNIST28,0.8322378836697109,Promising; unbound generator/split provenance
April29.csv,10,45,compare_sdv_tvae_categoricalNB,test_f1_micro_end,synthetic,Adult,0.7535166911610329,Historical; test scaling and test maxima
April29.csv,10,46,compare_sdv_tvae_categoricalNB,test_f1_micro_end,synthetic,Census,0.7525719084610539,Adult duplicate; do not count independently
April29.csv,10,47,compare_sdv_tvae_categoricalNB,test_f1_micro_end,synthetic,Census_Kdd,0.7535166911610329,Routes to Census/Adult; not verified KDD
April29.csv,10,48,compare_sdv_tvae_categoricalNB,test_f1_micro_end,synthetic,Covertype,0.6347,Methods indicate different test-set versions
April29.csv,10,49,compare_sdv_tvae_categoricalNB,test_f1_micro_end,synthetic,MNIST12,0.812,Promising; unbound generator/split provenance
April29.csv,10,50,compare_sdv_tvae_categoricalNB,test_f1_micro_end,synthetic,MNIST28,0.831,Promising; unbound generator/split provenance
April29.csv,10,58,compare_sdv_tvae_categoricalNB,test_f1_micro_max,synthetic,Adult,0.7543564980054588,Historical; test scaling and test maxima
April29.csv,10,59,compare_sdv_tvae_categoricalNB,test_f1_micro_max,synthetic,Census,0.7546714255721184,Adult duplicate; do not count independently
April29.csv,10,60,compare_sdv_tvae_categoricalNB,test_f1_micro_max,synthetic,Census_Kdd,0.754986353,Routes to Census/Adult; not verified KDD
April29.csv,10,61,compare_sdv_tvae_categoricalNB,test_f1_micro_max,synthetic,Covertype,0.635,Methods indicate different test-set versions
April29.csv,10,62,compare_sdv_tvae_categoricalNB,test_f1_micro_max,synthetic,MNIST12,0.8154,Promising; unbound generator/split provenance
April29.csv,10,63,compare_sdv_tvae_categoricalNB,test_f1_micro_max,synthetic,MNIST28,0.8347,Promising; unbound generator/split provenance
April29.csv,11,19,compare_sdv_tvae_gaussianNB,test_f1_macro_end,synthetic,Adult,0.6002747859716371,Historical; test scaling and test maxima
April29.csv,11,20,compare_sdv_tvae_gaussianNB,test_f1_macro_end,synthetic,Census,0.6003994756881593,Adult duplicate; do not count independently
April29.csv,11,21,compare_sdv_tvae_gaussianNB,test_f1_macro_end,synthetic,Census_Kdd,0.6026063810156576,Routes to Census/Adult; not verified KDD
April29.csv,11,22,compare_sdv_tvae_gaussianNB,test_f1_macro_end,synthetic,Covertype,0.3733258450846893,Methods indicate different test-set versions
April29.csv,11,23,compare_sdv_tvae_gaussianNB,test_f1_macro_end,synthetic,MNIST12,0.3980041428599746,Promising; unbound generator/split provenance
April29.csv,11,24,compare_sdv_tvae_gaussianNB,test_f1_macro_end,synthetic,MNIST28,0.4371185760014226,Promising; unbound generator/split provenance
April29.csv,11,32,compare_sdv_tvae_gaussianNB,test_f1_macro_max,synthetic,Adult,0.6342046824960796,Historical; test scaling and test maxima
April29.csv,11,33,compare_sdv_tvae_gaussianNB,test_f1_macro_max,synthetic,Census,0.6395166837847434,Adult duplicate; do not count independently
April29.csv,11,34,compare_sdv_tvae_gaussianNB,test_f1_macro_max,synthetic,Census_Kdd,0.6335335057306133,Routes to Census/Adult; not verified KDD
April29.csv,11,35,compare_sdv_tvae_gaussianNB,test_f1_macro_max,synthetic,Covertype,0.379948622,Methods indicate different test-set versions
April29.csv,11,36,compare_sdv_tvae_gaussianNB,test_f1_macro_max,synthetic,MNIST12,0.4038516591998338,Promising; unbound generator/split provenance
April29.csv,11,37,compare_sdv_tvae_gaussianNB,test_f1_macro_max,synthetic,MNIST28,0.4407853126919483,Promising; unbound generator/split provenance
April29.csv,11,45,compare_sdv_tvae_gaussianNB,test_f1_micro_end,synthetic,Adult,0.7862691580936385,Historical; test scaling and test maxima
April29.csv,11,46,compare_sdv_tvae_gaussianNB,test_f1_micro_end,synthetic,Census,0.7861641822380853,Adult duplicate; do not count independently
April29.csv,11,47,compare_sdv_tvae_gaussianNB,test_f1_micro_end,synthetic,Census_Kdd,0.787003989,Routes to Census/Adult; not verified KDD
April29.csv,11,48,compare_sdv_tvae_gaussianNB,test_f1_micro_end,synthetic,Covertype,0.4586,Methods indicate different test-set versions
April29.csv,11,49,compare_sdv_tvae_gaussianNB,test_f1_micro_end,synthetic,MNIST12,0.4731,Promising; unbound generator/split provenance
April29.csv,11,50,compare_sdv_tvae_gaussianNB,test_f1_micro_end,synthetic,MNIST28,0.5138,Promising; unbound generator/split provenance
April29.csv,11,58,compare_sdv_tvae_gaussianNB,test_f1_micro_max,synthetic,Adult,0.7981314297711526,Historical; test scaling and test maxima
April29.csv,11,59,compare_sdv_tvae_gaussianNB,test_f1_micro_max,synthetic,Census,0.7994961158933446,Adult duplicate; do not count independently
April29.csv,11,60,compare_sdv_tvae_gaussianNB,test_f1_micro_max,synthetic,Census_Kdd,0.7976065504933865,Routes to Census/Adult; not verified KDD
April29.csv,11,61,compare_sdv_tvae_gaussianNB,test_f1_micro_max,synthetic,Covertype,0.4608,Methods indicate different test-set versions
April29.csv,11,62,compare_sdv_tvae_gaussianNB,test_f1_micro_max,synthetic,MNIST12,0.4778,Promising; unbound generator/split provenance
April29.csv,11,63,compare_sdv_tvae_gaussianNB,test_f1_micro_max,synthetic,MNIST28,0.5165,Promising; unbound generator/split provenance
April29.csv,12,19,compare_sdv_tvae_pca_gmm,test_f1_macro_end,synthetic,Adult,0.7052208652116598,Historical; test scaling and test maxima
April29.csv,12,20,compare_sdv_tvae_pca_gmm,test_f1_macro_end,synthetic,Census,0.7004852002408257,Adult duplicate; do not count independently
April29.csv,12,21,compare_sdv_tvae_pca_gmm,test_f1_macro_end,synthetic,Census_Kdd,0.6966824844551529,Routes to Census/Adult; not verified KDD
April29.csv,12,22,compare_sdv_tvae_pca_gmm,test_f1_macro_end,synthetic,Covertype,0.3975439148479092,Methods indicate different test-set versions
April29.csv,12,23,compare_sdv_tvae_pca_gmm,test_f1_macro_end,synthetic,MNIST12,0.8104642601352893,Promising; unbound generator/split provenance
April29.csv,12,24,compare_sdv_tvae_pca_gmm,test_f1_macro_end,synthetic,MNIST28,0.8304517528435943,Promising; unbound generator/split provenance
April29.csv,12,32,compare_sdv_tvae_pca_gmm,test_f1_macro_max,synthetic,Adult,0.7291849478767339,Historical; test scaling and test maxima
April29.csv,12,33,compare_sdv_tvae_pca_gmm,test_f1_macro_max,synthetic,Census,0.726899842,Adult duplicate; do not count independently
April29.csv,12,34,compare_sdv_tvae_pca_gmm,test_f1_macro_max,synthetic,Census_Kdd,0.722083823,Routes to Census/Adult; not verified KDD
April29.csv,12,35,compare_sdv_tvae_pca_gmm,test_f1_macro_max,synthetic,Covertype,0.4345079476952128,Methods indicate different test-set versions
April29.csv,12,36,compare_sdv_tvae_pca_gmm,test_f1_macro_max,synthetic,MNIST12,0.8134890539953397,Promising; unbound generator/split provenance
April29.csv,12,37,compare_sdv_tvae_pca_gmm,test_f1_macro_max,synthetic,MNIST28,0.831846886,Promising; unbound generator/split provenance
April29.csv,12,45,compare_sdv_tvae_pca_gmm,test_f1_micro_end,synthetic,Adult,0.7300021,Historical; test scaling and test maxima
April29.csv,12,46,compare_sdv_tvae_pca_gmm,test_f1_micro_end,synthetic,Census,0.7243334033172371,Adult duplicate; do not count independently
April29.csv,12,47,compare_sdv_tvae_pca_gmm,test_f1_micro_end,synthetic,Census_Kdd,0.71960949,Routes to Census/Adult; not verified KDD
April29.csv,12,48,compare_sdv_tvae_pca_gmm,test_f1_micro_end,synthetic,Covertype,0.6692,Methods indicate different test-set versions
April29.csv,12,49,compare_sdv_tvae_pca_gmm,test_f1_micro_end,synthetic,MNIST12,0.813,Promising; unbound generator/split provenance
April29.csv,12,50,compare_sdv_tvae_pca_gmm,test_f1_micro_end,synthetic,MNIST28,0.833,Promising; unbound generator/split provenance
April29.csv,12,58,compare_sdv_tvae_pca_gmm,test_f1_micro_max,synthetic,Adult,0.7613898803275246,Historical; test scaling and test maxima
April29.csv,12,59,compare_sdv_tvae_pca_gmm,test_f1_micro_max,synthetic,Census,0.756875919,Adult duplicate; do not count independently
April29.csv,12,60,compare_sdv_tvae_pca_gmm,test_f1_micro_max,synthetic,Census_Kdd,0.7508922947722024,Routes to Census/Adult; not verified KDD
April29.csv,12,61,compare_sdv_tvae_pca_gmm,test_f1_micro_max,synthetic,Covertype,0.6802,Methods indicate different test-set versions
April29.csv,12,62,compare_sdv_tvae_pca_gmm,test_f1_micro_max,synthetic,MNIST12,0.816,Promising; unbound generator/split provenance
April29.csv,12,63,compare_sdv_tvae_pca_gmm,test_f1_micro_max,synthetic,MNIST28,0.8343,Promising; unbound generator/split provenance
April29.csv,13,19,compare_sdv_tvae_rf,test_f1_macro_end,synthetic,Adult,0.745627614,Historical; test scaling and test maxima
April29.csv,13,20,compare_sdv_tvae_rf,test_f1_macro_end,synthetic,Census,0.7520767058893754,Adult duplicate; do not count independently
April29.csv,13,21,compare_sdv_tvae_rf,test_f1_macro_end,synthetic,Census_Kdd,0.7457132594898384,Routes to Census/Adult; not verified KDD
April29.csv,13,22,compare_sdv_tvae_rf,test_f1_macro_end,synthetic,Covertype,0.5493244915691269,Methods indicate different test-set versions
April29.csv,13,23,compare_sdv_tvae_rf,test_f1_macro_end,synthetic,MNIST12,0.9323312900535364,Promising; unbound generator/split provenance
April29.csv,13,24,compare_sdv_tvae_rf,test_f1_macro_end,synthetic,MNIST28,0.9460543310484828,Promising; unbound generator/split provenance
April29.csv,13,32,compare_sdv_tvae_rf,test_f1_macro_max,synthetic,Adult,0.7711347277895999,Historical; test scaling and test maxima
April29.csv,13,33,compare_sdv_tvae_rf,test_f1_macro_max,synthetic,Census,0.776525897,Adult duplicate; do not count independently
April29.csv,13,34,compare_sdv_tvae_rf,test_f1_macro_max,synthetic,Census_Kdd,0.7767563368081146,Routes to Census/Adult; not verified KDD
April29.csv,13,35,compare_sdv_tvae_rf,test_f1_macro_max,synthetic,Covertype,0.5519491857160768,Methods indicate different test-set versions
April29.csv,13,36,compare_sdv_tvae_rf,test_f1_macro_max,synthetic,MNIST12,0.9330500265880256,Promising; unbound generator/split provenance
April29.csv,13,37,compare_sdv_tvae_rf,test_f1_macro_max,synthetic,MNIST28,0.9481754792743964,Promising; unbound generator/split provenance
April29.csv,13,45,compare_sdv_tvae_rf,test_f1_micro_end,synthetic,Adult,0.8371824480369515,Historical; test scaling and test maxima
April29.csv,13,46,compare_sdv_tvae_rf,test_f1_micro_end,synthetic,Census,0.8376023514591644,Adult duplicate; do not count independently
April29.csv,13,47,compare_sdv_tvae_rf,test_f1_micro_end,synthetic,Census_Kdd,0.8363426411925258,Routes to Census/Adult; not verified KDD
April29.csv,13,48,compare_sdv_tvae_rf,test_f1_micro_end,synthetic,Covertype,0.7813,Methods indicate different test-set versions
April29.csv,13,49,compare_sdv_tvae_rf,test_f1_micro_end,synthetic,MNIST12,0.9327,Promising; unbound generator/split provenance
April29.csv,13,50,compare_sdv_tvae_rf,test_f1_micro_end,synthetic,MNIST28,0.9465,Promising; unbound generator/split provenance
April29.csv,13,58,compare_sdv_tvae_rf,test_f1_micro_max,synthetic,Adult,0.8425362166701659,Historical; test scaling and test maxima
April29.csv,13,59,compare_sdv_tvae_rf,test_f1_micro_max,synthetic,Census,0.8405416754146546,Adult duplicate; do not count independently
April29.csv,13,60,compare_sdv_tvae_rf,test_f1_micro_max,synthetic,Census_Kdd,0.840226748,Routes to Census/Adult; not verified KDD
April29.csv,13,61,compare_sdv_tvae_rf,test_f1_micro_max,synthetic,Covertype,0.7813,Methods indicate different test-set versions
April29.csv,13,62,compare_sdv_tvae_rf,test_f1_micro_max,synthetic,MNIST12,0.9334,Promising; unbound generator/split provenance
April29.csv,13,63,compare_sdv_tvae_rf,test_f1_micro_max,synthetic,MNIST28,0.9486,Promising; unbound generator/split provenance
April29.csv,14,19,compare_sdv_tvae_xgb,test_f1_macro_end,synthetic,Adult,0.7310692897125062,Historical; test scaling and test maxima
April29.csv,14,20,compare_sdv_tvae_xgb,test_f1_macro_end,synthetic,Census,0.7298005193162309,Adult duplicate; do not count independently
April29.csv,14,21,compare_sdv_tvae_xgb,test_f1_macro_end,synthetic,Census_Kdd,0.7305027309961896,Routes to Census/Adult; not verified KDD
April29.csv,14,22,compare_sdv_tvae_xgb,test_f1_macro_end,synthetic,Covertype,0.6239965758382997,Methods indicate different test-set versions
April29.csv,14,23,compare_sdv_tvae_xgb,test_f1_macro_end,synthetic,MNIST12,0.9429362235836736,Promising; unbound generator/split provenance
April29.csv,14,24,compare_sdv_tvae_xgb,test_f1_macro_end,synthetic,MNIST28,0.9598570628761118,Promising; unbound generator/split provenance
April29.csv,14,32,compare_sdv_tvae_xgb,test_f1_macro_max,synthetic,Adult,0.7737227777157561,Historical; test scaling and test maxima
April29.csv,14,33,compare_sdv_tvae_xgb,test_f1_macro_max,synthetic,Census,0.7730231223616542,Adult duplicate; do not count independently
April29.csv,14,34,compare_sdv_tvae_xgb,test_f1_macro_max,synthetic,Census_Kdd,0.7739655755547414,Routes to Census/Adult; not verified KDD
April29.csv,14,35,compare_sdv_tvae_xgb,test_f1_macro_max,synthetic,Covertype,0.6331176053371088,Methods indicate different test-set versions
April29.csv,14,36,compare_sdv_tvae_xgb,test_f1_macro_max,synthetic,MNIST12,0.9449140713758448,Promising; unbound generator/split provenance
April29.csv,14,37,compare_sdv_tvae_xgb,test_f1_macro_max,synthetic,MNIST28,0.9610001411003516,Promising; unbound generator/split provenance
April29.csv,14,45,compare_sdv_tvae_xgb,test_f1_micro_end,synthetic,Adult,0.8300440898593323,Historical; test scaling and test maxima
April29.csv,14,46,compare_sdv_tvae_xgb,test_f1_micro_end,synthetic,Census,0.8254251522149906,Adult duplicate; do not count independently
April29.csv,14,47,compare_sdv_tvae_xgb,test_f1_micro_end,synthetic,Census_Kdd,0.8267898383371824,Routes to Census/Adult; not verified KDD
April29.csv,14,48,compare_sdv_tvae_xgb,test_f1_micro_end,synthetic,Covertype,0.782,Methods indicate different test-set versions
April29.csv,14,49,compare_sdv_tvae_xgb,test_f1_micro_end,synthetic,MNIST12,0.9432,Promising; unbound generator/split provenance
April29.csv,14,50,compare_sdv_tvae_xgb,test_f1_micro_end,synthetic,MNIST28,0.9601,Promising; unbound generator/split provenance
April29.csv,14,58,compare_sdv_tvae_xgb,test_f1_micro_max,synthetic,Adult,0.8409615788368675,Historical; test scaling and test maxima
April29.csv,14,59,compare_sdv_tvae_xgb,test_f1_micro_max,synthetic,Census,0.8394919168591224,Adult duplicate; do not count independently
April29.csv,14,60,compare_sdv_tvae_xgb,test_f1_micro_max,synthetic,Census_Kdd,0.8397018685702289,Routes to Census/Adult; not verified KDD
April29.csv,14,61,compare_sdv_tvae_xgb,test_f1_micro_max,synthetic,Covertype,0.7841,Methods indicate different test-set versions
April29.csv,14,62,compare_sdv_tvae_xgb,test_f1_micro_max,synthetic,MNIST12,0.9452,Promising; unbound generator/split provenance
April29.csv,14,63,compare_sdv_tvae_xgb,test_f1_micro_max,synthetic,MNIST28,0.9612,Promising; unbound generator/split provenance
April29.csv,15,19,compare_sdv_xgb,test_f1_macro_end,synthetic,Adult,0.6884643658748745,Historical; test scaling and test maxima
April29.csv,15,20,compare_sdv_xgb,test_f1_macro_end,synthetic,Census,0.728075274,Adult duplicate; do not count independently
April29.csv,15,21,compare_sdv_xgb,test_f1_macro_end,synthetic,Census_Kdd,0.7258275330732971,Routes to Census/Adult; not verified KDD
April29.csv,15,22,compare_sdv_xgb,test_f1_macro_end,synthetic,Covertype,0.5925999127376259,Methods indicate different test-set versions
April29.csv,15,23,compare_sdv_xgb,test_f1_macro_end,synthetic,MNIST12,0.8754956119144719,Promising; unbound generator/split provenance
April29.csv,15,24,compare_sdv_xgb,test_f1_macro_end,synthetic,MNIST28,0.8608293168606955,Promising; unbound generator/split provenance
April29.csv,15,32,compare_sdv_xgb,test_f1_macro_max,synthetic,Adult,0.7692390179912588,Historical; test scaling and test maxima
April29.csv,15,33,compare_sdv_xgb,test_f1_macro_max,synthetic,Census,0.7734106448478515,Adult duplicate; do not count independently
April29.csv,15,34,compare_sdv_xgb,test_f1_macro_max,synthetic,Census_Kdd,0.772598978,Routes to Census/Adult; not verified KDD
April29.csv,15,35,compare_sdv_xgb,test_f1_macro_max,synthetic,Covertype,0.6037591743818826,Methods indicate different test-set versions
April29.csv,15,36,compare_sdv_xgb,test_f1_macro_max,synthetic,MNIST12,0.8770008373139151,Promising; unbound generator/split provenance
April29.csv,15,37,compare_sdv_xgb,test_f1_macro_max,synthetic,MNIST28,0.8707822087272559,Promising; unbound generator/split provenance
April29.csv,15,45,compare_sdv_xgb,test_f1_micro_end,synthetic,Adult,0.8104136048708797,Historical; test scaling and test maxima
April29.csv,15,46,compare_sdv_xgb,test_f1_micro_end,synthetic,Census,0.8244803695150116,Adult duplicate; do not count independently
April29.csv,15,47,compare_sdv_xgb,test_f1_micro_end,synthetic,Census_Kdd,0.8240604660927987,Routes to Census/Adult; not verified KDD
April29.csv,15,48,compare_sdv_xgb,test_f1_micro_end,synthetic,Covertype,0.7671574744197655,Methods indicate different test-set versions
April29.csv,15,49,compare_sdv_xgb,test_f1_micro_end,synthetic,MNIST12,0.8766,Promising; unbound generator/split provenance
April29.csv,15,50,compare_sdv_xgb,test_f1_micro_end,synthetic,MNIST28,0.855,Promising; unbound generator/split provenance
April29.csv,15,58,compare_sdv_xgb,test_f1_micro_max,synthetic,Adult,0.839806844,Historical; test scaling and test maxima
April29.csv,15,59,compare_sdv_xgb,test_f1_micro_max,synthetic,Census,0.8418013856812933,Adult duplicate; do not count independently
April29.csv,15,60,compare_sdv_xgb,test_f1_micro_max,synthetic,Census_Kdd,0.8422212891035062,Routes to Census/Adult; not verified KDD
April29.csv,15,61,compare_sdv_xgb,test_f1_micro_max,synthetic,Covertype,0.7678459248040068,Methods indicate different test-set versions
April29.csv,15,62,compare_sdv_xgb,test_f1_micro_max,synthetic,MNIST12,0.8779,Promising; unbound generator/split provenance
April29.csv,15,63,compare_sdv_xgb,test_f1_micro_max,synthetic,MNIST28,0.867,Promising; unbound generator/split provenance
April29.csv,16,19,ctgan,test_f1_macro_end,synthetic,Adult,0.7690919815680533,Historical; test scaling and test maxima
April29.csv,16,20,ctgan,test_f1_macro_end,synthetic,Census,0.7598101739997537,Adult duplicate; do not count independently
April29.csv,16,21,ctgan,test_f1_macro_end,synthetic,Census_Kdd,0.7706779512645434,Routes to Census/Adult; not verified KDD
April29.csv,16,22,ctgan,test_f1_macro_end,synthetic,Covertype,0.4748430987470255,Methods indicate different test-set versions
April29.csv,16,23,ctgan,test_f1_macro_end,synthetic,MNIST12,0.4703916885190288,Promising; unbound generator/split provenance
April29.csv,16,24,ctgan,test_f1_macro_end,synthetic,MNIST28,0.3916204066192958,Promising; unbound generator/split provenance
April29.csv,16,32,ctgan,test_f1_macro_max,synthetic,Adult,0.7761298938352998,Historical; test scaling and test maxima
April29.csv,16,33,ctgan,test_f1_macro_max,synthetic,Census,0.7733715607676727,Adult duplicate; do not count independently
April29.csv,16,34,ctgan,test_f1_macro_max,synthetic,Census_Kdd,0.7735016414682718,Routes to Census/Adult; not verified KDD
April29.csv,16,35,ctgan,test_f1_macro_max,synthetic,Covertype,0.4835195285184258,Methods indicate different test-set versions
April29.csv,16,36,ctgan,test_f1_macro_max,synthetic,MNIST12,0.4815952377192015,Promising; unbound generator/split provenance
April29.csv,16,37,ctgan,test_f1_macro_max,synthetic,MNIST28,0.4453581081026362,Promising; unbound generator/split provenance
April29.csv,16,45,ctgan,test_f1_micro_end,synthetic,Adult,0.8189166491706907,Historical; test scaling and test maxima
April29.csv,16,46,ctgan,test_f1_micro_end,synthetic,Census,0.8095737980264539,Adult duplicate; do not count independently
April29.csv,16,47,ctgan,test_f1_micro_end,synthetic,Census_Kdd,0.8221709006928406,Routes to Census/Adult; not verified KDD
April29.csv,16,48,ctgan,test_f1_micro_end,synthetic,Covertype,0.6764025025171467,Methods indicate different test-set versions
April29.csv,16,49,ctgan,test_f1_micro_end,synthetic,MNIST12,0.5326,Promising; unbound generator/split provenance
April29.csv,16,50,ctgan,test_f1_micro_end,synthetic,MNIST28,0.4077,Promising; unbound generator/split provenance
April29.csv,16,58,ctgan,test_f1_micro_max,synthetic,Adult,0.8328784379592694,Historical; test scaling and test maxima
April29.csv,16,59,ctgan,test_f1_micro_max,synthetic,Census,0.8260550073483098,Adult duplicate; do not count independently
April29.csv,16,60,ctgan,test_f1_micro_max,synthetic,Census_Kdd,0.8254251522149906,Routes to Census/Adult; not verified KDD
April29.csv,16,61,ctgan,test_f1_micro_max,synthetic,Covertype,0.6803783034861406,Methods indicate different test-set versions
April29.csv,16,62,ctgan,test_f1_micro_max,synthetic,MNIST12,0.5544,Promising; unbound generator/split provenance
April29.csv,16,63,ctgan,test_f1_micro_max,synthetic,MNIST28,0.5341,Promising; unbound generator/split provenance
April29.csv,17,19,gaussian,test_f1_macro_end,synthetic,Adult,0.5681211657622532,Historical; test scaling and test maxima
April29.csv,17,20,gaussian,test_f1_macro_end,synthetic,Census,0.6345683180015191,Adult duplicate; do not count independently
April29.csv,17,21,gaussian,test_f1_macro_end,synthetic,Census_Kdd,0.6210925098379244,Routes to Census/Adult; not verified KDD
April29.csv,17,22,gaussian,test_f1_macro_end,synthetic,Covertype,0.3573125747419766,Methods indicate different test-set versions
April29.csv,17,23,gaussian,test_f1_macro_end,synthetic,MNIST12,0.3054183029267149,Promising; unbound generator/split provenance
April29.csv,17,24,gaussian,test_f1_macro_end,synthetic,MNIST28,0.4723245548384792,Promising; unbound generator/split provenance
April29.csv,17,32,gaussian,test_f1_macro_max,synthetic,Adult,0.5886325070164034,Historical; test scaling and test maxima
April29.csv,17,33,gaussian,test_f1_macro_max,synthetic,Census,0.6541053797622616,Adult duplicate; do not count independently
April29.csv,17,34,gaussian,test_f1_macro_max,synthetic,Census_Kdd,0.6496346771318513,Routes to Census/Adult; not verified KDD
April29.csv,17,35,gaussian,test_f1_macro_max,synthetic,Covertype,0.3601275943805416,Methods indicate different test-set versions
April29.csv,17,36,gaussian,test_f1_macro_max,synthetic,MNIST12,0.3236030574819976,Promising; unbound generator/split provenance
April29.csv,17,37,gaussian,test_f1_macro_max,synthetic,MNIST28,0.4865010567349731,Promising; unbound generator/split provenance
April29.csv,17,45,gaussian,test_f1_micro_end,synthetic,Adult,0.7777661137938274,Historical; test scaling and test maxima
April29.csv,17,46,gaussian,test_f1_micro_end,synthetic,Census,0.7979214780600462,Adult duplicate; do not count independently
April29.csv,17,47,gaussian,test_f1_micro_end,synthetic,Census_Kdd,0.7934075162712576,Routes to Census/Adult; not verified KDD
April29.csv,17,48,gaussian,test_f1_micro_end,synthetic,Covertype,0.4427596533652315,Methods indicate different test-set versions
April29.csv,17,49,gaussian,test_f1_micro_end,synthetic,MNIST12,0.3752,Promising; unbound generator/split provenance
April29.csv,17,50,gaussian,test_f1_micro_end,synthetic,MNIST28,0.4939,Promising; unbound generator/split provenance
April29.csv,17,58,gaussian,test_f1_micro_max,synthetic,Adult,0.7831198824270418,Historical; test scaling and test maxima
April29.csv,17,59,gaussian,test_f1_micro_max,synthetic,Census,0.801595633,Adult duplicate; do not count independently
April29.csv,17,60,gaussian,test_f1_micro_max,synthetic,Census_Kdd,0.8013856812933026,Routes to Census/Adult; not verified KDD
April29.csv,17,61,gaussian,test_f1_micro_max,synthetic,Covertype,0.4441795822827293,Methods indicate different test-set versions
April29.csv,17,62,gaussian,test_f1_micro_max,synthetic,MNIST12,0.3885,Promising; unbound generator/split provenance
April29.csv,17,63,gaussian,test_f1_micro_max,synthetic,MNIST28,0.5075,Promising; unbound generator/split provenance
April29.csv,18,13,none,test_f1_macro_end,original,Adult,0.7912847585843994,Historical; test scaling and test maxima
April29.csv,18,14,none,test_f1_macro_end,original,Census,0.7953328387727556,Adult duplicate; do not count independently
April29.csv,18,15,none,test_f1_macro_end,original,Census_Kdd,0.7966883797103912,Routes to Census/Adult; not verified KDD
April29.csv,18,16,none,test_f1_macro_end,original,Covertype,0.9067320812111248,Methods indicate different test-set versions
April29.csv,18,17,none,test_f1_macro_end,original,MNIST12,0.9589100035025108,Promising; unbound generator/split provenance
April29.csv,18,18,none,test_f1_macro_end,original,MNIST28,0.977846374,Promising; unbound generator/split provenance
April29.csv,18,26,none,test_f1_macro_max,original,Adult,0.7968830642878052,Historical; test scaling and test maxima
April29.csv,18,27,none,test_f1_macro_max,original,Census,0.7978481474767674,Adult duplicate; do not count independently
April29.csv,18,28,none,test_f1_macro_max,original,Census_Kdd,0.7969395105715615,Routes to Census/Adult; not verified KDD
April29.csv,18,29,none,test_f1_macro_max,original,Covertype,0.9087902643511816,Methods indicate different test-set versions
April29.csv,18,30,none,test_f1_macro_max,original,MNIST12,0.9598955126444318,Promising; unbound generator/split provenance
April29.csv,18,31,none,test_f1_macro_max,original,MNIST28,0.9791516826589722,Promising; unbound generator/split provenance
April29.csv,18,39,none,test_f1_micro_end,original,Adult,0.8558681503254252,Historical; test scaling and test maxima
April29.csv,18,40,none,test_f1_micro_end,original,Census,0.8545034642032333,Adult duplicate; do not count independently
April29.csv,18,41,none,test_f1_micro_end,original,Census_Kdd,0.8559731261809784,Routes to Census/Adult; not verified KDD
April29.csv,18,42,none,test_f1_micro_end,original,Covertype,0.9400445771623795,Methods indicate different test-set versions
April29.csv,18,43,none,test_f1_micro_end,original,MNIST12,0.9591,Promising; unbound generator/split provenance
April29.csv,18,44,none,test_f1_micro_end,original,MNIST28,0.9779,Promising; unbound generator/split provenance
April29.csv,18,52,none,test_f1_micro_max,original,Adult,0.8575477640142767,Historical; test scaling and test maxima
April29.csv,18,53,none,test_f1_micro_max,original,Census,0.8569179088809574,Adult duplicate; do not count independently
April29.csv,18,54,none,test_f1_micro_max,original,Census_Kdd,0.857232836,Routes to Census/Adult; not verified KDD
April29.csv,18,55,none,test_f1_micro_max,original,Covertype,0.9400445771623795,Methods indicate different test-set versions
April29.csv,18,56,none,test_f1_micro_max,original,MNIST12,0.9601,Promising; unbound generator/split provenance
April29.csv,18,57,none,test_f1_micro_max,original,MNIST28,0.9792,Promising; unbound generator/split provenance
April29.csv,19,19,pca_gmm,test_f1_macro_end,synthetic,Adult,0.7178603513405275,Historical; test scaling and test maxima
April29.csv,19,20,pca_gmm,test_f1_macro_end,synthetic,Census,0.7352284277385774,Adult duplicate; do not count independently
April29.csv,19,21,pca_gmm,test_f1_macro_end,synthetic,Census_Kdd,0.7422408835404943,Routes to Census/Adult; not verified KDD
April29.csv,19,22,pca_gmm,test_f1_macro_end,synthetic,Covertype,0.4678613556494798,Methods indicate different test-set versions
April29.csv,19,23,pca_gmm,test_f1_macro_end,synthetic,MNIST12,0.7829122790243647,Promising; unbound generator/split provenance
April29.csv,19,24,pca_gmm,test_f1_macro_end,synthetic,MNIST28,0.7841584049272095,Promising; unbound generator/split provenance
April29.csv,19,32,pca_gmm,test_f1_macro_max,synthetic,Adult,0.7557740442737708,Historical; test scaling and test maxima
April29.csv,19,33,pca_gmm,test_f1_macro_max,synthetic,Census,0.7542975510755553,Adult duplicate; do not count independently
April29.csv,19,34,pca_gmm,test_f1_macro_max,synthetic,Census_Kdd,0.7584297149447787,Routes to Census/Adult; not verified KDD
April29.csv,19,35,pca_gmm,test_f1_macro_max,synthetic,Covertype,0.4792203624228391,Methods indicate different test-set versions
April29.csv,19,36,pca_gmm,test_f1_macro_max,synthetic,MNIST12,0.787593435,Promising; unbound generator/split provenance
April29.csv,19,37,pca_gmm,test_f1_macro_max,synthetic,MNIST28,0.7985447929975746,Promising; unbound generator/split provenance
April29.csv,19,45,pca_gmm,test_f1_micro_end,synthetic,Adult,0.8104136048708797,Historical; test scaling and test maxima
April29.csv,19,46,pca_gmm,test_f1_micro_end,synthetic,Census,0.8155574217929876,Adult duplicate; do not count independently
April29.csv,19,47,pca_gmm,test_f1_micro_end,synthetic,Census_Kdd,0.8229057316817132,Routes to Census/Adult; not verified KDD
April29.csv,19,48,pca_gmm,test_f1_micro_end,synthetic,Covertype,0.7003777871483524,Methods indicate different test-set versions
April29.csv,19,49,pca_gmm,test_f1_micro_end,synthetic,MNIST12,0.783,Promising; unbound generator/split provenance
April29.csv,19,50,pca_gmm,test_f1_micro_end,synthetic,MNIST28,0.7866,Promising; unbound generator/split provenance
April29.csv,19,58,pca_gmm,test_f1_micro_max,synthetic,Adult,0.8252152005038841,Historical; test scaling and test maxima
April29.csv,19,59,pca_gmm,test_f1_micro_max,synthetic,Census,0.8289943313038002,Adult duplicate; do not count independently
April29.csv,19,60,pca_gmm,test_f1_micro_max,synthetic,Census_Kdd,0.8299391140037792,Routes to Census/Adult; not verified KDD
April29.csv,19,61,pca_gmm,test_f1_micro_max,synthetic,Covertype,0.7050592497611937,Methods indicate different test-set versions
April29.csv,19,62,pca_gmm,test_f1_micro_max,synthetic,MNIST12,0.7878,Promising; unbound generator/split provenance
April29.csv,19,63,pca_gmm,test_f1_micro_max,synthetic,MNIST28,0.801,Promising; unbound generator/split provenance
April29.csv,20,19,rf,test_f1_macro_end,synthetic,Adult,0.7579927197504357,Historical; test scaling and test maxima
April29.csv,20,20,rf,test_f1_macro_end,synthetic,Census,0.7456012588668144,Adult duplicate; do not count independently
April29.csv,20,21,rf,test_f1_macro_end,synthetic,Census_Kdd,0.7520767058893754,Routes to Census/Adult; not verified KDD
April29.csv,20,22,rf,test_f1_macro_end,synthetic,Covertype,0.6414576890135034,Methods indicate different test-set versions
April29.csv,20,23,rf,test_f1_macro_end,synthetic,MNIST12,0.8816215572486479,Promising; unbound generator/split provenance
April29.csv,20,24,rf,test_f1_macro_end,synthetic,MNIST28,0.8587534287735108,Promising; unbound generator/split provenance
April29.csv,20,32,rf,test_f1_macro_max,synthetic,Adult,0.7760147845942743,Historical; test scaling and test maxima
April29.csv,20,33,rf,test_f1_macro_max,synthetic,Census,0.7771708615522934,Adult duplicate; do not count independently
April29.csv,20,34,rf,test_f1_macro_max,synthetic,Census_Kdd,0.7766772835932956,Routes to Census/Adult; not verified KDD
April29.csv,20,35,rf,test_f1_macro_max,synthetic,Covertype,0.6527164450673965,Methods indicate different test-set versions
April29.csv,20,36,rf,test_f1_macro_max,synthetic,MNIST12,0.8837177043389772,Promising; unbound generator/split provenance
April29.csv,20,37,rf,test_f1_macro_max,synthetic,MNIST28,0.8675718944451896,Promising; unbound generator/split provenance
April29.csv,20,45,rf,test_f1_micro_end,synthetic,Adult,0.8374973756036111,Historical; test scaling and test maxima
April29.csv,20,46,rf,test_f1_micro_end,synthetic,Census,0.8348729792147807,Adult duplicate; do not count independently
April29.csv,20,47,rf,test_f1_micro_end,synthetic,Census_Kdd,0.8376023514591644,Routes to Census/Adult; not verified KDD
April29.csv,20,48,rf,test_f1_micro_end,synthetic,Covertype,0.793,Methods indicate different test-set versions
April29.csv,20,49,rf,test_f1_micro_end,synthetic,MNIST12,0.8814,Promising; unbound generator/split provenance
April29.csv,20,50,rf,test_f1_micro_end,synthetic,MNIST28,0.8586,Promising; unbound generator/split provenance
April29.csv,20,58,rf,test_f1_micro_max,synthetic,Adult,0.8408566029813143,Historical; test scaling and test maxima
April29.csv,20,59,rf,test_f1_micro_max,synthetic,Census,0.8418013856812933,Adult duplicate; do not count independently
April29.csv,20,60,rf,test_f1_micro_max,synthetic,Census_Kdd,0.8415914339701869,Routes to Census/Adult; not verified KDD
April29.csv,20,61,rf,test_f1_micro_max,synthetic,Covertype,0.7947,Methods indicate different test-set versions
April29.csv,20,62,rf,test_f1_micro_max,synthetic,MNIST12,0.8836,Promising; unbound generator/split provenance
April29.csv,20,63,rf,test_f1_micro_max,synthetic,MNIST28,0.8675,Promising; unbound generator/split provenance
April29.csv,21,19,sdv_tvae_categorical,test_f1_macro_end,synthetic,Adult,0.7119700527820051,Historical; test scaling and test maxima
April29.csv,21,20,sdv_tvae_categorical,test_f1_macro_end,synthetic,Census,0.7107402488555818,Adult duplicate; do not count independently
April29.csv,21,21,sdv_tvae_categorical,test_f1_macro_end,synthetic,Census_Kdd,0.7111707170864829,Routes to Census/Adult; not verified KDD
April29.csv,21,22,sdv_tvae_categorical,test_f1_macro_end,synthetic,Covertype,0.487556135,Methods indicate different test-set versions
April29.csv,21,23,sdv_tvae_categorical,test_f1_macro_end,synthetic,MNIST12,0.8140095282736771,Promising; unbound generator/split provenance
April29.csv,21,24,sdv_tvae_categorical,test_f1_macro_end,synthetic,MNIST28,0.828504185,Promising; unbound generator/split provenance
April29.csv,21,32,sdv_tvae_categorical,test_f1_macro_max,synthetic,Adult,0.7128105876738027,Historical; test scaling and test maxima
April29.csv,21,33,sdv_tvae_categorical,test_f1_macro_max,synthetic,Census,0.7125060206784795,Adult duplicate; do not count independently
April29.csv,21,34,sdv_tvae_categorical,test_f1_macro_max,synthetic,Census_Kdd,0.7128143277877794,Routes to Census/Adult; not verified KDD
April29.csv,21,35,sdv_tvae_categorical,test_f1_macro_max,synthetic,Covertype,0.4906254341566285,Methods indicate different test-set versions
April29.csv,21,36,sdv_tvae_categorical,test_f1_macro_max,synthetic,MNIST12,0.8166074611458665,Promising; unbound generator/split provenance
April29.csv,21,37,sdv_tvae_categorical,test_f1_macro_max,synthetic,MNIST28,0.8309354815861824,Promising; unbound generator/split provenance
April29.csv,21,45,sdv_tvae_categorical,test_f1_micro_end,synthetic,Adult,0.7529918118832668,Historical; test scaling and test maxima
April29.csv,21,46,sdv_tvae_categorical,test_f1_micro_end,synthetic,Census,0.7496325845055637,Adult duplicate; do not count independently
April29.csv,21,47,sdv_tvae_categorical,test_f1_micro_end,synthetic,Census_Kdd,0.7507873189166492,Routes to Census/Adult; not verified KDD
April29.csv,21,48,sdv_tvae_categorical,test_f1_micro_end,synthetic,Covertype,0.6351,Methods indicate different test-set versions
April29.csv,21,49,sdv_tvae_categorical,test_f1_micro_end,synthetic,MNIST12,0.8166,Promising; unbound generator/split provenance
April29.csv,21,50,sdv_tvae_categorical,test_f1_micro_end,synthetic,MNIST28,0.8309,Promising; unbound generator/split provenance
April29.csv,21,58,sdv_tvae_categorical,test_f1_micro_max,synthetic,Adult,0.7536216670165862,Historical; test scaling and test maxima
April29.csv,21,59,sdv_tvae_categorical,test_f1_micro_max,synthetic,Census,0.7519420533277347,Adult duplicate; do not count independently
April29.csv,21,60,sdv_tvae_categorical,test_f1_micro_max,synthetic,Census_Kdd,0.7523619567499475,Routes to Census/Adult; not verified KDD
April29.csv,21,61,sdv_tvae_categorical,test_f1_micro_max,synthetic,Covertype,0.6358,Methods indicate different test-set versions
April29.csv,21,62,sdv_tvae_categorical,test_f1_micro_max,synthetic,MNIST12,0.8193,Promising; unbound generator/split provenance
April29.csv,21,63,sdv_tvae_categorical,test_f1_micro_max,synthetic,MNIST28,0.8333,Promising; unbound generator/split provenance
April29.csv,22,19,sdv_tvae_gaussian,test_f1_macro_end,synthetic,Adult,0.5927665214670166,Historical; test scaling and test maxima
April29.csv,22,20,sdv_tvae_gaussian,test_f1_macro_end,synthetic,Census,0.6198234694351733,Adult duplicate; do not count independently
April29.csv,22,21,sdv_tvae_gaussian,test_f1_macro_end,synthetic,Census_Kdd,0.6112874042020949,Routes to Census/Adult; not verified KDD
April29.csv,22,22,sdv_tvae_gaussian,test_f1_macro_end,synthetic,Covertype,0.3759357247832753,Methods indicate different test-set versions
April29.csv,22,23,sdv_tvae_gaussian,test_f1_macro_end,synthetic,MNIST12,0.4021400270662401,Promising; unbound generator/split provenance
April29.csv,22,24,sdv_tvae_gaussian,test_f1_macro_end,synthetic,MNIST28,0.4465836996680165,Promising; unbound generator/split provenance
April29.csv,22,32,sdv_tvae_gaussian,test_f1_macro_max,synthetic,Adult,0.6277281804323811,Historical; test scaling and test maxima
April29.csv,22,33,sdv_tvae_gaussian,test_f1_macro_max,synthetic,Census,0.6463865557353358,Adult duplicate; do not count independently
April29.csv,22,34,sdv_tvae_gaussian,test_f1_macro_max,synthetic,Census_Kdd,0.6424063862056548,Routes to Census/Adult; not verified KDD
April29.csv,22,35,sdv_tvae_gaussian,test_f1_macro_max,synthetic,Covertype,0.3856187786438099,Methods indicate different test-set versions
April29.csv,22,36,sdv_tvae_gaussian,test_f1_macro_max,synthetic,MNIST12,0.4049447098298322,Promising; unbound generator/split provenance
April29.csv,22,37,sdv_tvae_gaussian,test_f1_macro_max,synthetic,MNIST28,0.4492458899687309,Promising; unbound generator/split provenance
April29.csv,22,45,sdv_tvae_gaussian,test_f1_micro_end,synthetic,Adult,0.7835397858492547,Historical; test scaling and test maxima
April29.csv,22,46,sdv_tvae_gaussian,test_f1_micro_end,synthetic,Census,0.793092589,Adult duplicate; do not count independently
April29.csv,22,47,sdv_tvae_gaussian,test_f1_micro_end,synthetic,Census_Kdd,0.7900482888935545,Routes to Census/Adult; not verified KDD
April29.csv,22,48,sdv_tvae_gaussian,test_f1_micro_end,synthetic,Covertype,0.4591,Methods indicate different test-set versions
April29.csv,22,49,sdv_tvae_gaussian,test_f1_micro_end,synthetic,MNIST12,0.4757,Promising; unbound generator/split provenance
April29.csv,22,50,sdv_tvae_gaussian,test_f1_micro_end,synthetic,MNIST28,0.5223,Promising; unbound generator/split provenance
April29.csv,22,58,sdv_tvae_gaussian,test_f1_micro_max,synthetic,Adult,0.7935124921268109,Historical; test scaling and test maxima
April29.csv,22,59,sdv_tvae_gaussian,test_f1_micro_max,synthetic,Census,0.8009657778710897,Adult duplicate; do not count independently
April29.csv,22,60,sdv_tvae_gaussian,test_f1_micro_max,synthetic,Census_Kdd,0.799706068,Routes to Census/Adult; not verified KDD
April29.csv,22,61,sdv_tvae_gaussian,test_f1_micro_max,synthetic,Covertype,0.4613,Methods indicate different test-set versions
April29.csv,22,62,sdv_tvae_gaussian,test_f1_micro_max,synthetic,MNIST12,0.4785,Promising; unbound generator/split provenance
April29.csv,22,63,sdv_tvae_gaussian,test_f1_micro_max,synthetic,MNIST28,0.5236,Promising; unbound generator/split provenance
April29.csv,23,19,sdv_tvae_pca_gmm,test_f1_macro_end,synthetic,Adult,0.7167552354977896,Historical; test scaling and test maxima
April29.csv,23,20,sdv_tvae_pca_gmm,test_f1_macro_end,synthetic,Census,0.7055690671344098,Adult duplicate; do not count independently
April29.csv,23,21,sdv_tvae_pca_gmm,test_f1_macro_end,synthetic,Census_Kdd,0.7023948580499315,Routes to Census/Adult; not verified KDD
April29.csv,23,22,sdv_tvae_pca_gmm,test_f1_macro_end,synthetic,Covertype,0.4203120485121766,Methods indicate different test-set versions
April29.csv,23,23,sdv_tvae_pca_gmm,test_f1_macro_end,synthetic,MNIST12,0.813437075,Promising; unbound generator/split provenance
April29.csv,23,24,sdv_tvae_pca_gmm,test_f1_macro_end,synthetic,MNIST28,0.8301156173304616,Promising; unbound generator/split provenance
April29.csv,23,32,sdv_tvae_pca_gmm,test_f1_macro_max,synthetic,Adult,0.7292292660974358,Historical; test scaling and test maxima
April29.csv,23,33,sdv_tvae_pca_gmm,test_f1_macro_max,synthetic,Census,0.7283813892193907,Adult duplicate; do not count independently
April29.csv,23,34,sdv_tvae_pca_gmm,test_f1_macro_max,synthetic,Census_Kdd,0.7267711094421043,Routes to Census/Adult; not verified KDD
April29.csv,23,35,sdv_tvae_pca_gmm,test_f1_macro_max,synthetic,Covertype,0.4589683885829355,Methods indicate different test-set versions
April29.csv,23,36,sdv_tvae_pca_gmm,test_f1_macro_max,synthetic,MNIST12,0.8157239140622128,Promising; unbound generator/split provenance
April29.csv,23,37,sdv_tvae_pca_gmm,test_f1_macro_max,synthetic,MNIST28,0.8326137357706891,Promising; unbound generator/split provenance
April29.csv,23,45,sdv_tvae_pca_gmm,test_f1_micro_end,synthetic,Adult,0.7466932605500735,Historical; test scaling and test maxima
April29.csv,23,46,sdv_tvae_pca_gmm,test_f1_micro_end,synthetic,Census,0.7312618097837498,Adult duplicate; do not count independently
April29.csv,23,47,sdv_tvae_pca_gmm,test_f1_micro_end,synthetic,Census_Kdd,0.7267478479949612,Routes to Census/Adult; not verified KDD
April29.csv,23,48,sdv_tvae_pca_gmm,test_f1_micro_end,synthetic,Covertype,0.6686,Methods indicate different test-set versions
April29.csv,23,49,sdv_tvae_pca_gmm,test_f1_micro_end,synthetic,MNIST12,0.816,Promising; unbound generator/split provenance
April29.csv,23,50,sdv_tvae_pca_gmm,test_f1_micro_end,synthetic,MNIST28,0.8324,Promising; unbound generator/split provenance
April29.csv,23,58,sdv_tvae_pca_gmm,test_f1_micro_max,synthetic,Adult,0.762019735,Historical; test scaling and test maxima
April29.csv,23,59,sdv_tvae_pca_gmm,test_f1_micro_max,synthetic,Census,0.7592903632164603,Adult duplicate; do not count independently
April29.csv,23,60,sdv_tvae_pca_gmm,test_f1_micro_max,synthetic,Census_Kdd,0.757295822,Routes to Census/Adult; not verified KDD
April29.csv,23,61,sdv_tvae_pca_gmm,test_f1_micro_max,synthetic,Covertype,0.6856,Methods indicate different test-set versions
April29.csv,23,62,sdv_tvae_pca_gmm,test_f1_micro_max,synthetic,MNIST12,0.8183,Promising; unbound generator/split provenance
April29.csv,23,63,sdv_tvae_pca_gmm,test_f1_micro_max,synthetic,MNIST28,0.8349,Promising; unbound generator/split provenance
April29.csv,24,19,sdv_tvae_rf,test_f1_macro_end,synthetic,Adult,0.7382145513145162,Historical; test scaling and test maxima
April29.csv,24,20,sdv_tvae_rf,test_f1_macro_end,synthetic,Census,0.7450013875541358,Adult duplicate; do not count independently
April29.csv,24,21,sdv_tvae_rf,test_f1_macro_end,synthetic,Census_Kdd,0.7395137401343703,Routes to Census/Adult; not verified KDD
April29.csv,24,22,sdv_tvae_rf,test_f1_macro_end,synthetic,Covertype,0.5522071596652971,Methods indicate different test-set versions
April29.csv,24,23,sdv_tvae_rf,test_f1_macro_end,synthetic,MNIST12,0.9302460860266192,Promising; unbound generator/split provenance
April29.csv,24,24,sdv_tvae_rf,test_f1_macro_end,synthetic,MNIST28,0.9469810668217504,Promising; unbound generator/split provenance
April29.csv,24,32,sdv_tvae_rf,test_f1_macro_max,synthetic,Adult,0.7719946249589884,Historical; test scaling and test maxima
April29.csv,24,33,sdv_tvae_rf,test_f1_macro_max,synthetic,Census,0.7839526068765121,Adult duplicate; do not count independently
April29.csv,24,34,sdv_tvae_rf,test_f1_macro_max,synthetic,Census_Kdd,0.7750975232635555,Routes to Census/Adult; not verified KDD
April29.csv,24,35,sdv_tvae_rf,test_f1_macro_max,synthetic,Covertype,0.5633304213580282,Methods indicate different test-set versions
April29.csv,24,36,sdv_tvae_rf,test_f1_macro_max,synthetic,MNIST12,0.9314213700128904,Promising; unbound generator/split provenance
April29.csv,24,37,sdv_tvae_rf,test_f1_macro_max,synthetic,MNIST28,0.9477908484801294,Promising; unbound generator/split provenance
April29.csv,24,45,sdv_tvae_rf,test_f1_micro_end,synthetic,Adult,0.8326684862481629,Historical; test scaling and test maxima
April29.csv,24,46,sdv_tvae_rf,test_f1_micro_end,synthetic,Census,0.8378123031702709,Adult duplicate; do not count independently
April29.csv,24,47,sdv_tvae_rf,test_f1_micro_end,synthetic,Census_Kdd,0.8357127860592064,Routes to Census/Adult; not verified KDD
April29.csv,24,48,sdv_tvae_rf,test_f1_micro_end,synthetic,Covertype,0.7742,Methods indicate different test-set versions
April29.csv,24,49,sdv_tvae_rf,test_f1_micro_end,synthetic,MNIST12,0.9306,Promising; unbound generator/split provenance
April29.csv,24,50,sdv_tvae_rf,test_f1_micro_end,synthetic,MNIST28,0.9474,Promising; unbound generator/split provenance
April29.csv,24,58,sdv_tvae_rf,test_f1_micro_max,synthetic,Adult,0.8414864581146336,Historical; test scaling and test maxima
April29.csv,24,59,sdv_tvae_rf,test_f1_micro_max,synthetic,Census,0.8455805164812094,Adult duplicate; do not count independently
April29.csv,24,60,sdv_tvae_rf,test_f1_micro_max,synthetic,Census_Kdd,0.8441108545034642,Routes to Census/Adult; not verified KDD
April29.csv,24,61,sdv_tvae_rf,test_f1_micro_max,synthetic,Covertype,0.7806,Methods indicate different test-set versions
April29.csv,24,62,sdv_tvae_rf,test_f1_micro_max,synthetic,MNIST12,0.9318,Promising; unbound generator/split provenance
April29.csv,24,63,sdv_tvae_rf,test_f1_micro_max,synthetic,MNIST28,0.9482,Promising; unbound generator/split provenance
April29.csv,25,19,sdv_tvae_xgb,test_f1_macro_end,synthetic,Adult,0.7303360029130026,Historical; test scaling and test maxima
April29.csv,25,20,sdv_tvae_xgb,test_f1_macro_end,synthetic,Census,0.7282080396366846,Adult duplicate; do not count independently
April29.csv,25,21,sdv_tvae_xgb,test_f1_macro_end,synthetic,Census_Kdd,0.7311055554434305,Routes to Census/Adult; not verified KDD
April29.csv,25,22,sdv_tvae_xgb,test_f1_macro_end,synthetic,Covertype,0.5733181056124511,Methods indicate different test-set versions
April29.csv,25,23,sdv_tvae_xgb,test_f1_macro_end,synthetic,MNIST12,0.9396494007184604,Promising; unbound generator/split provenance
April29.csv,25,24,sdv_tvae_xgb,test_f1_macro_end,synthetic,MNIST28,0.9609658054022924,Promising; unbound generator/split provenance
April29.csv,25,32,sdv_tvae_xgb,test_f1_macro_max,synthetic,Adult,0.7675032857546704,Historical; test scaling and test maxima
April29.csv,25,33,sdv_tvae_xgb,test_f1_macro_max,synthetic,Census,0.7767275563103134,Adult duplicate; do not count independently
April29.csv,25,34,sdv_tvae_xgb,test_f1_macro_max,synthetic,Census_Kdd,0.776773004,Routes to Census/Adult; not verified KDD
April29.csv,25,35,sdv_tvae_xgb,test_f1_macro_max,synthetic,Covertype,0.5855505973885963,Methods indicate different test-set versions
April29.csv,25,36,sdv_tvae_xgb,test_f1_macro_max,synthetic,MNIST12,0.9403850928842428,Promising; unbound generator/split provenance
April29.csv,25,37,sdv_tvae_xgb,test_f1_macro_max,synthetic,MNIST28,0.9616767058547572,Promising; unbound generator/split provenance
April29.csv,25,45,sdv_tvae_xgb,test_f1_micro_end,synthetic,Adult,0.8277346210371614,Historical; test scaling and test maxima
April29.csv,25,46,sdv_tvae_xgb,test_f1_micro_end,synthetic,Census,0.8307789208482049,Adult duplicate; do not count independently
April29.csv,25,47,sdv_tvae_xgb,test_f1_micro_end,synthetic,Census_Kdd,0.8313038,Routes to Census/Adult; not verified KDD
April29.csv,25,48,sdv_tvae_xgb,test_f1_micro_end,synthetic,Covertype,0.7731,Methods indicate different test-set versions
April29.csv,25,49,sdv_tvae_xgb,test_f1_micro_end,synthetic,MNIST12,0.9398,Promising; unbound generator/split provenance
April29.csv,25,50,sdv_tvae_xgb,test_f1_micro_end,synthetic,MNIST28,0.9612,Promising; unbound generator/split provenance
April29.csv,25,58,sdv_tvae_xgb,test_f1_micro_max,synthetic,Adult,0.8410665546924208,Historical; test scaling and test maxima
April29.csv,25,59,sdv_tvae_xgb,test_f1_micro_max,synthetic,Census,0.8446357337812304,Adult duplicate; do not count independently
April29.csv,25,60,sdv_tvae_xgb,test_f1_micro_max,synthetic,Census_Kdd,0.8441108545034642,Routes to Census/Adult; not verified KDD
April29.csv,25,61,sdv_tvae_xgb,test_f1_micro_max,synthetic,Covertype,0.7753,Methods indicate different test-set versions
April29.csv,25,62,sdv_tvae_xgb,test_f1_micro_max,synthetic,MNIST12,0.9407,Promising; unbound generator/split provenance
April29.csv,25,63,sdv_tvae_xgb,test_f1_micro_max,synthetic,MNIST28,0.9619,Promising; unbound generator/split provenance
April29.csv,26,19,tvae,test_f1_macro_end,synthetic,Adult,0.7177808494069435,Historical; test scaling and test maxima
April29.csv,26,20,tvae,test_f1_macro_end,synthetic,Census,0.7222924020703038,Adult duplicate; do not count independently
April29.csv,26,21,tvae,test_f1_macro_end,synthetic,Census_Kdd,0.7218804812371846,Routes to Census/Adult; not verified KDD
April29.csv,26,22,tvae,test_f1_macro_end,synthetic,Covertype,0.2672459195051856,Methods indicate different test-set versions
April29.csv,26,23,tvae,test_f1_macro_end,synthetic,MNIST12,0.9216899968362328,Promising; unbound generator/split provenance
April29.csv,26,24,tvae,test_f1_macro_end,synthetic,MNIST28,0.9289449422883832,Promising; unbound generator/split provenance
April29.csv,26,32,tvae,test_f1_macro_max,synthetic,Adult,0.7503944115852196,Historical; test scaling and test maxima
April29.csv,26,33,tvae,test_f1_macro_max,synthetic,Census,0.7383791024283467,Adult duplicate; do not count independently
April29.csv,26,34,tvae,test_f1_macro_max,synthetic,Census_Kdd,0.7496643680503863,Routes to Census/Adult; not verified KDD
April29.csv,26,35,tvae,test_f1_macro_max,synthetic,Covertype,0.2972320714416863,Methods indicate different test-set versions
April29.csv,26,36,tvae,test_f1_macro_max,synthetic,MNIST12,0.9248462943223508,Promising; unbound generator/split provenance
April29.csv,26,37,tvae,test_f1_macro_max,synthetic,MNIST28,0.935625921,Promising; unbound generator/split provenance
April29.csv,26,45,tvae,test_f1_micro_end,synthetic,Adult,0.807264329,Historical; test scaling and test maxima
April29.csv,26,46,tvae,test_f1_micro_end,synthetic,Census,0.8045349569598992,Adult duplicate; do not count independently
April29.csv,26,47,tvae,test_f1_micro_end,synthetic,Census_Kdd,0.8048498845265589,Routes to Census/Adult; not verified KDD
April29.csv,26,48,tvae,test_f1_micro_end,synthetic,Covertype,0.6439420669001661,Methods indicate different test-set versions
April29.csv,26,49,tvae,test_f1_micro_end,synthetic,MNIST12,0.9219,Promising; unbound generator/split provenance
April29.csv,26,50,tvae,test_f1_micro_end,synthetic,MNIST28,0.9291,Promising; unbound generator/split provenance
April29.csv,26,58,tvae,test_f1_micro_max,synthetic,Adult,0.8167121562040731,Historical; test scaling and test maxima
April29.csv,26,59,tvae,test_f1_micro_max,synthetic,Census,0.8144026873819021,Adult duplicate; do not count independently
April29.csv,26,60,tvae,test_f1_micro_max,synthetic,Census_Kdd,0.8096787738820072,Routes to Census/Adult; not verified KDD
April29.csv,26,61,tvae,test_f1_micro_max,synthetic,Covertype,0.6526423586310164,Methods indicate different test-set versions
April29.csv,26,62,tvae,test_f1_micro_max,synthetic,MNIST12,0.9252,Promising; unbound generator/split provenance
April29.csv,26,63,tvae,test_f1_micro_max,synthetic,MNIST28,0.9361,Promising; unbound generator/split provenance
April29.csv,27,19,xgb,test_f1_macro_end,synthetic,Adult,0.7374930147509772,Historical; test scaling and test maxima
April29.csv,27,20,xgb,test_f1_macro_end,synthetic,Census,0.7280140604893692,Adult duplicate; do not count independently
April29.csv,27,21,xgb,test_f1_macro_end,synthetic,Census_Kdd,0.7139450330047394,Routes to Census/Adult; not verified KDD
April29.csv,27,22,xgb,test_f1_macro_end,synthetic,Covertype,0.6346473583140428,Methods indicate different test-set versions
April29.csv,27,23,xgb,test_f1_macro_end,synthetic,MNIST12,0.8787915436373581,Promising; unbound generator/split provenance
April29.csv,27,24,xgb,test_f1_macro_end,synthetic,MNIST28,0.8727587442749101,Promising; unbound generator/split provenance
April29.csv,27,32,xgb,test_f1_macro_max,synthetic,Adult,0.7724283097243554,Historical; test scaling and test maxima
April29.csv,27,33,xgb,test_f1_macro_max,synthetic,Census,0.7739578363107567,Adult duplicate; do not count independently
April29.csv,27,34,xgb,test_f1_macro_max,synthetic,Census_Kdd,0.779581555,Routes to Census/Adult; not verified KDD
April29.csv,27,35,xgb,test_f1_macro_max,synthetic,Covertype,0.646754193,Methods indicate different test-set versions
April29.csv,27,36,xgb,test_f1_macro_max,synthetic,MNIST12,0.8807323097061156,Promising; unbound generator/split provenance
April29.csv,27,37,xgb,test_f1_macro_max,synthetic,MNIST28,0.8801609984967349,Promising; unbound generator/split provenance
April29.csv,27,45,xgb,test_f1_micro_end,synthetic,Adult,0.829414235,Historical; test scaling and test maxima
April29.csv,27,46,xgb,test_f1_micro_end,synthetic,Census,0.8200713835817762,Adult duplicate; do not count independently
April29.csv,27,47,xgb,test_f1_micro_end,synthetic,Census_Kdd,0.8202813352928826,Routes to Census/Adult; not verified KDD
April29.csv,27,48,xgb,test_f1_micro_end,synthetic,Covertype,0.7787,Methods indicate different test-set versions
April29.csv,27,49,xgb,test_f1_micro_end,synthetic,MNIST12,0.8783,Promising; unbound generator/split provenance
April29.csv,27,50,xgb,test_f1_micro_end,synthetic,MNIST28,0.8712,Promising; unbound generator/split provenance
April29.csv,27,58,xgb,test_f1_micro_max,synthetic,Adult,0.8406466512702079,Historical; test scaling and test maxima
April29.csv,27,59,xgb,test_f1_micro_max,synthetic,Census,0.8434809993701449,Adult duplicate; do not count independently
April29.csv,27,60,xgb,test_f1_micro_max,synthetic,Census_Kdd,0.8439009027923577,Routes to Census/Adult; not verified KDD
April29.csv,27,61,xgb,test_f1_micro_max,synthetic,Covertype,0.7808,Methods indicate different test-set versions
April29.csv,27,62,xgb,test_f1_micro_max,synthetic,MNIST12,0.8803,Promising; unbound generator/split provenance
April29.csv,27,63,xgb,test_f1_micro_max,synthetic,MNIST28,0.8793,Promising; unbound generator/split provenance
